id,fuente,region,titulo,familia_titulo,en_alcance,comparable_regiones,motivo_alcance,empresa,pais,seniority,seniority_raw,modalidad,remoto,categoria,url,salario_min,salario_max,salario_periodo,postulaciones,publicado_ts,perfil_por_tareas,fuente_señal,anios_experiencia,n_chars_funciones,señales_ciencia_datos,señales_analitica,señales_ingenieria,señales_gobierno_datos,tool_SQL,tool_Python,tool_Excel,tool_Power BI,tool_Tableau,tool_Looker,tool_R,tool_pandas,tool_scikit-learn,tool_TensorFlow,tool_PyTorch,tool_Spark,tool_AWS,tool_Azure,tool_GCP,tool_Snowflake,tool_Airflow,tool_dbt,tool_Docker,tool_Git,tool_NoSQL,tool_Estadística,tool_Deep learning,tool_LLM / GenAI,tool_MLOps,soft_Comunicar resultados,soft_Stakeholders / negocio,soft_Trabajo en equipo,fecha_captura
getonbrd:data-architect-microsoft-fabric-integratz-vina-del-mar-8c2e,getonbrd,LATAM,Data Architect (Microsoft Fabric),Data Engineer / Arquitecto,True,True,categoria+titulo,INTEGRATZ,Chile,Senior,Senior,Full time,hybrid,Data Science / Analytics,https://www.getonbrd.com/jobs/data-architect-microsoft-fabric-integratz-vina-del-mar-8c2e,,,mensual,13.0,1788189814,gobierno_datos,functions,3.0,1785,0,2,2,4,True,False,False,True,False,False,False,False,False,False,False,True,False,True,False,False,False,False,False,False,False,False,False,False,False,True,True,True,2026-09-08
getonbrd:data-engineer-financia-capital-santiago-46b9,getonbrd,LATAM,Data Engineer Sr,Data Engineer / Arquitecto,True,True,categoria+titulo,Financia Capital,Chile,Senior,Senior,Full time,no_remote,Data Science / Analytics,https://www.getonbrd.com/jobs/data-engineer-financia-capital-santiago-46b9,1800.0,2400.0,mensual,26.0,1787691033,ingenieria,functions,,658,0,1,5,0,False,True,False,False,False,False,False,False,False,False,False,False,True,False,False,False,False,False,True,False,True,False,False,False,False,False,True,True,2026-09-08
getonbrd:head-of-data-management-rankmi-santiago,getonbrd,LATAM,Head of Data Management,Data Governance / Calidad,True,True,categoria+titulo,Rankmi,Chile,Senior,Senior,Full time,no_remote,Data Science / Analytics,https://www.getonbrd.com/jobs/head-of-data-management-rankmi-santiago,,,mensual,50.0,1788878694,mixto,functions,3.0,957,0,2,2,1,True,True,False,False,False,False,False,False,False,False,False,False,False,False,False,False,False,False,False,False,False,False,False,False,False,True,True,True,2026-09-08
getonbrd:growth-42labs-santiago,getonbrd,LATAM,Growth Data Analyst,Data Analyst / BI,True,True,categoria+titulo,42Labs,Chile,Senior,Senior,Full time,hybrid,Data Science / Analytics,https://www.getonbrd.com/jobs/growth-42labs-santiago,,,mensual,46.0,1788820192,analitica,functions,,947,1,6,1,0,True,True,False,True,True,False,False,False,False,False,False,True,False,False,False,False,False,False,False,False,False,False,False,False,False,False,False,True,2026-09-08
getonbrd:business-analyst-data-science-dsac-chile-santiago,getonbrd,LATAM,Business Analyst,Business Analyst,True,True,categoria+titulo,DSAC Chile,Chile,Semi Senior,Semi Senior,Full time,hybrid,Data Science / Analytics,https://www.getonbrd.com/jobs/business-analyst-data-science-dsac-chile-santiago,,,mensual,27.0,1788802219,mixto,functions,3.0,1569,1,1,0,2,True,False,False,True,True,True,False,False,False,False,False,False,False,False,False,False,False,False,False,False,False,False,False,False,False,True,True,True,2026-09-08
getonbrd:especialista-en-metadatos-factor-it-bogota,getonbrd,LATAM,Especialista en Metadatos,Data Governance / Calidad,True,True,categoria+titulo,Factor IT,Colombia,Semi Senior,Semi Senior,Full time,no_remote,Data Science / Analytics,https://www.getonbrd.com/jobs/especialista-en-metadatos-factor-it-bogota,,,mensual,3.0,1788740985,mixto,functions,3.0,735,0,0,4,5,False,False,False,False,False,False,False,False,False,False,False,False,True,False,False,False,False,False,False,False,False,False,False,False,False,False,True,True,2026-09-08
getonbrd:data-engineer-en-ambiente-gcp-factor-it-santiago,getonbrd,LATAM,Data Engineer en Ambiente GCP,Data Engineer / Arquitecto,True,True,categoria+titulo,Factor IT,Chile,Senior,Senior,Full time,no_remote,Data Science / Analytics,https://www.getonbrd.com/jobs/data-engineer-en-ambiente-gcp-factor-it-santiago,2700.0,3000.0,mensual,12.0,1788738235,ingenieria,functions,4.0,1245,0,1,4,1,True,False,False,False,False,False,False,False,False,False,False,False,False,False,True,False,True,False,False,False,False,True,False,False,False,True,True,True,2026-09-08
getonbrd:data-scientist-gcp-factor-it-santiago,getonbrd,LATAM,Data Scientist – GCP,Data Scientist,True,True,categoria+titulo,Factor IT,Chile,Senior,Senior,Full time,no_remote,Data Science / Analytics,https://www.getonbrd.com/jobs/data-scientist-gcp-factor-it-santiago,,,mensual,26.0,1788570432,ciencia_datos,functions,4.0,1174,5,2,0,0,True,True,False,False,False,False,False,True,True,False,False,False,False,False,True,False,False,False,False,False,False,True,False,True,True,True,True,True,2026-09-08
getonbrd:data-storage-operations-specialist-factor-it-bogota,getonbrd,LATAM,Data Storage & Operations Specialist,Otro,True,False,categoria,Factor IT,Colombia,Semi Senior,Semi Senior,Full time,no_remote,Data Science / Analytics,https://www.getonbrd.com/jobs/data-storage-operations-specialist-factor-it-bogota,,,mensual,0.0,1788560284,mixto,functions,3.0,821,0,0,3,4,False,False,False,False,False,False,False,False,False,False,False,False,True,False,False,False,False,False,False,False,False,False,False,False,False,True,True,True,2026-09-08
getonbrd:especialista-en-datos-maestros-factor-it-bogota,getonbrd,LATAM,Especialista en Datos Maestros,Data Governance / Calidad,True,True,categoria+titulo,Factor IT,Colombia,Senior,Senior,Full time,no_remote,Data Science / Analytics,https://www.getonbrd.com/jobs/especialista-en-datos-maestros-factor-it-bogota,,,mensual,8.0,1788553522,gobierno_datos,functions,3.0,1786,0,1,0,4,False,False,False,False,False,False,False,False,False,False,False,False,True,False,False,False,False,False,False,False,False,False,False,False,False,True,True,False,2026-09-08
getonbrd:gerente-de-proyectos-gobierno-de-datos-factor-it-bogota,getonbrd,LATAM,Gerente de Proyectos – Gobierno de Datos,Data Governance / Calidad,True,True,categoria+titulo,Factor IT,Colombia,Senior,Senior,Full time,no_remote,Data Science / Analytics,https://www.getonbrd.com/jobs/gerente-de-proyectos-gobierno-de-datos-factor-it-bogota,,,mensual,23.0,1788553255,gobierno_datos,functions,2.0,1105,0,1,1,4,False,False,False,False,False,False,False,False,False,False,False,False,False,False,False,False,False,False,False,False,False,False,False,False,False,True,True,False,2026-09-08
getonbrd:ingeniero-de-estudios-actuariales-bnp-paribas-cardif-santiago,getonbrd,LATAM,Ingeniero de Estudios Actuariales,Otro,True,False,categoria,BNP Paribas Cardif,Chile,Junior,Junior,Full time,hybrid,Data Science / Analytics,https://www.getonbrd.com/jobs/ingeniero-de-estudios-actuariales-bnp-paribas-cardif-santiago,,,mensual,34.0,1788545580,analitica,functions,2.0,1071,0,3,0,0,False,True,True,True,False,False,False,False,False,False,False,False,False,False,False,False,False,False,False,False,False,True,False,False,False,False,False,True,2026-09-08
getonbrd:sap-data-engineer-datasphere-microsoft-fabric-improving-remote,getonbrd,LATAM,SAP Data Engineer – Datasphere & Microsoft Fabric,Data Engineer / Arquitecto,True,True,categoria+titulo,Improving,Remote,Semi Senior,Semi Senior,Full time,remote_local,Data Science / Analytics,https://www.getonbrd.com/jobs/sap-data-engineer-datasphere-microsoft-fabric-improving-remote,,,mensual,14.0,1788447528,mixto,functions,3.0,983,0,0,1,2,False,False,False,False,False,False,False,False,False,False,False,False,False,True,False,False,False,False,False,False,False,False,False,False,False,True,False,True,2026-09-08
getonbrd:data-engineer-timining-santiago-45d2,getonbrd,LATAM,Data Engineer,Data Engineer / Arquitecto,True,True,categoria+titulo,TIMINING,Chile,Semi Senior,Semi Senior,Full time,hybrid,Data Science / Analytics,https://www.getonbrd.com/jobs/data-engineer-timining-santiago-45d2,,,mensual,45.0,1788363466,ingenieria,functions,2.0,1256,0,1,3,0,True,True,False,False,False,False,False,False,False,False,False,False,False,False,False,False,False,False,False,False,False,False,False,False,False,False,False,False,2026-09-08
getonbrd:data-engineer-dynamic-devs-santiago,getonbrd,LATAM,Data Engineer,Data Engineer / Arquitecto,True,True,categoria+titulo,Dynamic Devs,Chile,Semi Senior,Semi Senior,Full time,hybrid,Data Science / Analytics,https://www.getonbrd.com/jobs/data-engineer-dynamic-devs-santiago,,,mensual,55.0,1788265599,mixto,functions,,575,0,1,2,1,True,True,False,False,False,False,False,False,False,False,False,False,True,False,True,False,True,False,False,True,False,False,False,False,False,False,False,True,2026-09-08
getonbrd:senior-data-engineer-microsoft-fabric-power-bi-and-purvie-integratz-vina-del-mar,getonbrd,LATAM,"Sr Data Engineer (Microsoft Fabric, Power BI, and Purview)",Data Engineer / Arquitecto,True,True,categoria+titulo,INTEGRATZ,Chile,Senior,Senior,Full time,hybrid,Data Science / Analytics,https://www.getonbrd.com/jobs/senior-data-engineer-microsoft-fabric-power-bi-and-purvie-integratz-vina-del-mar,,,mensual,12.0,1788189837,mixto,functions,5.0,1330,0,3,2,4,True,True,False,True,False,False,False,False,False,False,False,True,False,True,False,False,False,False,False,True,False,False,False,False,False,True,True,True,2026-09-08
getonbrd:data-layer-developer-we-built-it-remote,getonbrd,LATAM,Data Layer Developer,Data Engineer / Arquitecto,True,True,categoria+titulo,We Built It,Remote,Semi Senior,Semi Senior,Full time,fully_remote,Data Science / Analytics,https://www.getonbrd.com/jobs/data-layer-developer-we-built-it-remote,4500.0,5000.0,mensual,146.0,1788187788,sin_señal,functions,,316,0,0,0,0,False,False,False,False,False,False,False,False,False,False,False,False,False,False,False,False,False,False,False,False,False,False,False,False,False,True,True,True,2026-09-08
getonbrd:senior-adobe-analytics-implementation-developer-we-built-it-remote,getonbrd,LATAM,Senior Adobe Analytics & Implementation Developer,Otro,True,False,categoria,We Built It,Remote,Senior,Senior,Full time,fully_remote,Data Science / Analytics,https://www.getonbrd.com/jobs/senior-adobe-analytics-implementation-developer-we-built-it-remote,4500.0,5000.0,mensual,23.0,1788187774,analitica,functions,5.0,1558,0,2,0,0,False,False,False,False,False,False,False,False,False,False,False,False,False,False,False,False,False,False,False,False,False,False,False,False,False,False,False,False,2026-09-08
getonbrd:product-business-analyst-bice-vida-santiago-5706,getonbrd,LATAM,Product Business Analyst,Business Analyst,True,True,categoria+titulo,BICE VIDA,Chile,Semi Senior,Semi Senior,Full time,hybrid,Data Science / Analytics,https://www.getonbrd.com/jobs/product-business-analyst-bice-vida-santiago-5706,,,mensual,163.0,1787951790,analitica,functions,,1312,0,3,0,0,False,False,False,False,False,False,False,False,False,False,False,False,False,False,False,False,False,False,False,False,False,False,False,False,False,True,True,False,2026-09-08
getonbrd:analista-de-control-siniestros-masivos-bnp-paribas-cardif-santiago,getonbrd,LATAM,Analista de Control Siniestros Masivos,Otro,True,False,categoria,BNP Paribas Cardif,Chile,Junior,Junior,Full time,hybrid,Data Science / Analytics,https://www.getonbrd.com/jobs/analista-de-control-siniestros-masivos-bnp-paribas-cardif-santiago,,,mensual,98.0,1787761103,analitica,functions,1.0,888,0,3,0,1,True,False,True,True,False,False,False,False,False,False,False,False,False,False,False,False,False,False,False,False,False,False,False,False,False,False,False,False,2026-09-08
getonbrd:data-analyst-crm-colectivo23-lima,getonbrd,LATAM,CRM & Business Analyst,Business Analyst,True,True,categoria+titulo,Colectivo23,Peru,Semi Senior,Semi Senior,Full time,hybrid,Data Science / Analytics,https://www.getonbrd.com/jobs/data-analyst-crm-colectivo23-lima,,,mensual,36.0,1787759004,analitica,functions,2.0,1542,1,3,0,0,False,False,True,True,False,True,False,False,False,False,False,False,False,False,False,False,False,False,False,False,False,False,False,False,False,False,False,False,2026-09-08
getonbrd:senior-data-engineer-databricks-integratz-remote-c63f,getonbrd,LATAM,Senior Data Engineer (Databricks),Data Engineer / Arquitecto,True,True,categoria+titulo,INTEGRATZ,Chile,Senior,Senior,Full time,hybrid,Data Science / Analytics,https://www.getonbrd.com/jobs/senior-data-engineer-databricks-integratz-remote-c63f,3200.0,3700.0,mensual,19.0,1787695669,mixto,functions,5.0,756,1,0,2,0,True,True,False,False,False,False,False,False,False,False,False,True,False,True,False,False,False,False,False,False,False,False,False,False,False,True,True,True,2026-09-08
getonbrd:business-analyst-iconstruye-santiago-e6ee,getonbrd,LATAM,Business Analyst,Business Analyst,True,True,categoria+titulo,ICONSTRUYE,Chile,Semi Senior,Semi Senior,Full time,hybrid,Data Science / Analytics,https://www.getonbrd.com/jobs/business-analyst-iconstruye-santiago-e6ee,,,mensual,387.0,1787689284,analitica,functions,1.0,566,0,2,0,0,True,True,False,True,False,False,False,False,False,False,False,False,False,False,False,False,False,False,False,False,False,False,False,False,False,False,False,False,2026-09-08
getonbrd:analista-digital-junior-icrossing-ciudad-de-mexico,getonbrd,LATAM,Analista Digital Junior,Otro,True,False,categoria,iCrossing,Mexico,Junior,Junior,Full time,hybrid,Data Science / Analytics,https://www.getonbrd.com/jobs/analista-digital-junior-icrossing-ciudad-de-mexico,550.0,600.0,mensual,12.0,1788551240,analitica,functions,,286,0,2,0,0,False,False,True,False,False,False,False,False,False,False,False,False,False,False,False,False,False,False,False,False,False,False,False,False,False,False,False,True,2026-09-08
getonbrd:databricks-engineer-tax-audit-improving-remote,getonbrd,LATAM,Databricks Engineer (Tax & Audit),Data Engineer / Arquitecto,True,True,categoria+titulo,Improving,Remote,Senior,Senior,Full time,remote_local,Data Science / Analytics,https://www.getonbrd.com/jobs/databricks-engineer-tax-audit-improving-remote,,,mensual,17.0,1788373880,ingenieria,functions,5.0,1493,0,0,4,1,False,True,False,False,False,False,False,True,False,False,False,True,False,False,False,False,False,False,False,False,False,False,False,False,False,True,True,True,2026-09-08
getonbrd:arquitecto-a-de-datos-aws-zerviz-technologies-santiago,getonbrd,LATAM,Arquitecto/a de Datos AWS,Data Engineer / Arquitecto,True,True,categoria+titulo,Zerviz Technologies,Chile,Senior,Senior,Full time,no_remote,Data Science / Analytics,https://www.getonbrd.com/jobs/arquitecto-a-de-datos-aws-zerviz-technologies-santiago,2500.0,2900.0,mensual,3.0,1788364635,mixto,functions,5.0,884,0,0,3,2,True,False,False,False,False,False,False,False,False,False,False,False,True,False,False,False,False,False,False,False,False,False,False,False,False,False,False,True,2026-09-08
getonbrd:senior-data-engineer-niuro-remote-6ab6,getonbrd,LATAM,Senior Data Engineer,Data Engineer / Arquitecto,True,True,categoria+titulo,Niuro,Remote,Senior,Senior,Full time,remote_local,Data Science / Analytics,https://www.getonbrd.com/jobs/senior-data-engineer-niuro-remote-6ab6,3000.0,3500.0,mensual,30.0,1788212744,mixto,functions,6.0,602,0,2,1,0,True,True,False,True,False,False,False,False,False,False,False,False,True,False,False,True,True,True,False,False,False,False,False,False,False,True,True,True,2026-09-08
getonbrd:full-stack-engineer-dynamic-devs-santiago-7c44,getonbrd,LATAM,Full-Stack Engineer (RPA / ETL / Automatización),Otro,True,False,categoria,Dynamic Devs,Chile,Senior,Senior,Full time,hybrid,Data Science / Analytics,https://www.getonbrd.com/jobs/full-stack-engineer-dynamic-devs-santiago-7c44,,,mensual,43.0,1787904633,ingenieria,functions,,479,0,0,2,0,True,True,False,False,False,False,False,False,False,False,False,False,True,False,True,False,True,False,False,True,False,False,False,False,False,False,False,True,2026-09-08
getonbrd:business-analyst-de-datos-zerviz-technologies-santiago,getonbrd,LATAM,Business Analyst de Datos,Business Analyst,True,True,categoria+titulo,Zerviz Technologies,Chile,Semi Senior,Semi Senior,Full time,no_remote,Data Science / Analytics,https://www.getonbrd.com/jobs/business-analyst-de-datos-zerviz-technologies-santiago,1900.0,2400.0,mensual,113.0,1787606378,analitica,functions,3.0,968,0,3,0,0,True,False,False,False,False,False,False,False,False,False,False,False,False,False,False,False,False,False,False,False,False,False,False,False,False,False,True,False,2026-09-08
getonbrd:engineering-manager-data-acquisition-bulk-checkr-santiago,getonbrd,LATAM,"Engineering Manager, Data Acquisition Livecheck",Otro,True,False,categoria,Checkr,Chile,Experto / Director,Expert,Full time,hybrid,Data Science / Analytics,https://www.getonbrd.com/jobs/engineering-manager-data-acquisition-bulk-checkr-santiago,6700.0,8000.0,mensual,10.0,1787369404,sin_señal,functions,4.0,598,0,0,0,0,False,False,False,False,False,False,False,False,False,False,False,False,False,False,False,False,False,False,False,False,False,False,False,False,False,True,True,False,2026-09-08
getonbrd:cientifico-de-datos-atentus-santiago,getonbrd,LATAM,Científico de Datos,Data Scientist,True,True,categoria+titulo,ATENTUS,Chile,Junior,Junior,Full time,hybrid,Data Science / Analytics,https://www.getonbrd.com/jobs/cientifico-de-datos-atentus-santiago,800.0,1100.0,mensual,203.0,1787339087,mixto,functions,1.0,981,3,4,0,0,True,True,False,False,False,False,True,False,False,False,False,False,False,False,False,False,False,False,False,False,False,True,False,False,False,True,True,True,2026-09-08
getonbrd:data-analyst-en-42labs-42labs-santiago,getonbrd,LATAM,Data Analyst en 42labs,Data Analyst / BI,True,True,categoria+titulo,42Labs,Chile,Semi Senior,Semi Senior,Full time,hybrid,Data Science / Analytics,https://www.getonbrd.com/jobs/data-analyst-en-42labs-42labs-santiago,,,mensual,247.0,1787321821,analitica,functions,,1045,0,3,1,1,True,False,False,False,True,False,False,False,False,False,False,False,False,False,False,False,False,False,False,False,False,False,False,False,False,True,True,True,2026-09-08
getonbrd:senior-data-engineer-retail-pricing-operations-interfell-remote,getonbrd,LATAM,Senior Data Engineer (Retail Pricing & Operations),Data Engineer / Arquitecto,True,True,categoria+titulo,Interfell,Remote,Senior,Senior,Full time,remote_local,Data Science / Analytics,https://www.getonbrd.com/jobs/senior-data-engineer-retail-pricing-operations-interfell-remote,4000.0,4500.0,mensual,34.0,1787270116,ingenieria,functions,5.0,813,0,0,3,1,True,True,False,False,False,False,False,False,False,False,False,True,True,False,False,False,False,True,False,True,False,False,False,False,False,True,False,False,2026-09-08
getonbrd:cientista-de-datos-coolebra-spa-remote,getonbrd,LATAM,Cientista de Datos,Data Scientist,True,True,categoria+titulo,Coolebra SpA,Remote,Semi Senior,Semi Senior,Full time,remote_local,Data Science / Analytics,https://www.getonbrd.com/jobs/cientista-de-datos-coolebra-spa-remote,3000.0,3000.0,mensual,82.0,1787269516,ciencia_datos,functions,,567,4,1,1,0,False,True,False,False,False,False,False,False,False,False,False,False,True,False,False,False,False,False,False,False,True,True,True,False,False,False,False,False,2026-09-08
getonbrd:arquitecto-de-datos-sector-financiero-devsu-quito,getonbrd,LATAM,Arquitecto de Datos Sector Financiero,Data Engineer / Arquitecto,True,True,categoria+titulo,Devsu,Ecuador,Senior,Senior,Full time,hybrid,Data Science / Analytics,https://www.getonbrd.com/jobs/arquitecto-de-datos-sector-financiero-devsu-quito,,,mensual,5.0,1787240752,ingenieria,functions,5.0,624,0,1,5,1,True,True,False,True,True,True,False,False,False,False,False,True,True,False,False,False,False,False,False,False,False,False,False,False,False,False,False,True,2026-09-08
getonbrd:arquitecto-de-datos-lisit-santiago,getonbrd,LATAM,Arquitecto de Datos,Data Engineer / Arquitecto,True,True,categoria+titulo,Lisit,Chile,Senior,Senior,Full time,hybrid,Data Science / Analytics,https://www.getonbrd.com/jobs/arquitecto-de-datos-lisit-santiago,1500.0,2500.0,mensual,15.0,1787170763,ingenieria,functions,,450,0,0,2,0,False,False,False,False,False,False,False,False,False,False,False,False,True,True,True,False,False,False,False,False,False,False,False,False,False,False,True,False,2026-09-08
getonbrd:ingeniero-de-datos-y-analitica-agencia-de-aduanas-felipe-serrano-santiago,getonbrd,LATAM,Ingeniero de Datos y Analítica,Data Engineer / Arquitecto,True,True,categoria+titulo,AGENCIA DE ADUANAS FELIPE SERRANO,Chile,Senior,Senior,Full time,no_remote,Data Science / Analytics,https://www.getonbrd.com/jobs/ingeniero-de-datos-y-analitica-agencia-de-aduanas-felipe-serrano-santiago,2500.0,3100.0,mensual,98.0,1787169459,mixto,functions,,1597,0,2,3,2,True,True,False,True,False,False,False,False,False,False,False,False,True,False,False,True,False,True,False,True,False,True,False,False,False,False,False,True,2026-09-08
getonbrd:data-engineer-grupo-mariposa-remote,getonbrd,LATAM,Data Engineer Senior,Data Engineer / Arquitecto,True,True,categoria+titulo,Grupo Mariposa,Remote,Senior,Senior,Full time,remote_local,Data Science / Analytics,https://www.getonbrd.com/jobs/data-engineer-grupo-mariposa-remote,,,mensual,72.0,1787165176,ingenieria,functions,3.0,1315,0,0,4,1,False,False,False,False,False,False,False,False,False,False,False,True,False,True,False,False,False,False,False,False,False,False,False,False,False,False,True,True,2026-09-08
getonbrd:senior-data-engineer-revel-street-llc-remote,getonbrd,LATAM,Senior Data Engineer,Data Engineer / Arquitecto,True,True,categoria+titulo,Revel Street LLC,Remote,Senior,Senior,Full time,remote_local,Data Science / Analytics,https://www.getonbrd.com/jobs/senior-data-engineer-revel-street-llc-remote,6000.0,9000.0,mensual,88.0,1787050750,ingenieria,functions,2.0,1317,1,1,4,1,False,False,False,False,False,False,False,False,False,False,False,False,False,False,False,False,False,True,False,False,False,False,False,True,False,True,False,True,2026-09-08
getonbrd:data-engineer-neuralworks-santiago-1c28,getonbrd,LATAM,Data Engineer,Data Engineer / Arquitecto,True,True,categoria+titulo,NeuralWorks,Chile,Semi Senior,Semi Senior,Full time,hybrid,Data Science / Analytics,https://www.getonbrd.com/jobs/data-engineer-neuralworks-santiago-1c28,,,mensual,48.0,1787009894,mixto,functions,3.0,1553,1,1,2,0,True,True,False,False,False,False,False,False,False,False,False,False,True,True,True,False,False,False,False,False,False,False,False,False,False,True,False,True,2026-09-08
getonbrd:senior-business-analyst-decision-point-latam-ciudad-de-mexico-santiago-069a,getonbrd,LATAM,Senior Business Analyst,Business Analyst,True,True,categoria+titulo,Decision Point Latam,"Mexico, Chile",Senior,Senior,Full time,hybrid,Data Science / Analytics,https://www.getonbrd.com/jobs/senior-business-analyst-decision-point-latam-ciudad-de-mexico-santiago-069a,,,mensual,28.0,1786988501,mixto,functions,,1531,2,1,1,0,True,True,True,True,False,False,False,False,False,False,False,False,False,False,False,False,False,False,False,False,False,False,False,False,False,True,True,True,2026-09-08
getonbrd:business-analyst-decision-point-latam-ciudad-de-mexico-santiago-b624,getonbrd,LATAM,Business Analyst,Business Analyst,True,True,categoria+titulo,Decision Point Latam,"Mexico, Chile",Junior,Junior,Full time,hybrid,Data Science / Analytics,https://www.getonbrd.com/jobs/business-analyst-decision-point-latam-ciudad-de-mexico-santiago-b624,,,mensual,89.0,1786983844,mixto,functions,,1072,2,1,1,0,True,True,True,True,False,False,False,False,False,False,False,False,False,False,False,False,False,False,False,False,False,False,False,False,False,True,True,False,2026-09-08
getonbrd:data-engineer-decision-point-latam-ciudad-de-mexico-santiago-3614,getonbrd,LATAM,Data Engineer,Data Engineer / Arquitecto,True,True,categoria+titulo,Decision Point Latam,"Mexico, Chile",Junior,Junior,Full time,hybrid,Data Science / Analytics,https://www.getonbrd.com/jobs/data-engineer-decision-point-latam-ciudad-de-mexico-santiago-3614,,,mensual,84.0,1786983642,ingenieria,functions,1.0,1194,0,0,5,3,True,True,True,False,False,False,False,False,False,False,False,True,False,False,False,True,True,True,False,False,False,True,False,False,False,True,True,True,2026-09-08
getonbrd:technical-product-manager-dynamic-devs-santiago-b821,getonbrd,LATAM,Business Analyst (Data),Business Analyst,True,True,categoria+titulo,Dynamic Devs,Chile,Semi Senior,Semi Senior,Full time,hybrid,Data Science / Analytics,https://www.getonbrd.com/jobs/technical-product-manager-dynamic-devs-santiago-b821,,,mensual,92.0,1786971809,analitica,functions,3.0,537,0,2,0,0,True,False,False,True,True,True,False,False,False,False,False,False,False,False,True,False,False,False,False,False,False,False,False,False,False,True,False,False,2026-09-08
getonbrd:data-quality-analyst-data-steward-factor-it-santiago,getonbrd,LATAM,Data Quality Analyst / Data Steward,Data Governance / Calidad,True,True,categoria+titulo,Factor IT,Remote,Semi Senior,Semi Senior,Full time,fully_remote,Data Science / Analytics,https://www.getonbrd.com/jobs/data-quality-analyst-data-steward-factor-it-santiago,,,mensual,176.0,1786719739,mixto,functions,2.0,379,0,1,1,1,True,False,True,False,False,False,False,False,False,False,False,False,False,False,False,False,False,False,False,False,False,True,False,False,False,True,True,True,2026-09-08
getonbrd:senior-cloud-data-engineer-signant-health-remote,getonbrd,LATAM,Senior Cloud Data Engineer,Data Engineer / Arquitecto,True,True,categoria+titulo,Signant Health,Remote,Senior,Senior,Full time,remote_local,Data Science / Analytics,https://www.getonbrd.com/jobs/senior-cloud-data-engineer-signant-health-remote,3800.0,5500.0,mensual,23.0,1786636053,señal_debil,functions,8.0,1398,0,1,0,0,True,False,False,False,False,False,False,False,False,False,False,False,False,False,False,False,False,False,False,False,False,False,False,False,False,True,True,False,2026-09-08
getonbrd:data-scientist-neuralworks-santiago-083f,getonbrd,LATAM,Data Scientist,Data Scientist,True,True,categoria+titulo,NeuralWorks,Chile,Semi Senior,Semi Senior,Full time,hybrid,Data Science / Analytics,https://www.getonbrd.com/jobs/data-scientist-neuralworks-santiago-083f,,,mensual,166.0,1786633728,ciencia_datos,functions,3.0,1945,2,0,0,0,True,True,False,False,False,False,False,False,False,True,True,False,True,True,True,False,False,False,True,False,False,False,False,False,False,True,False,True,2026-09-08
getonbrd:data-engineer-zaelot-remote,getonbrd,LATAM,Data Engineer,Data Engineer / Arquitecto,True,True,categoria+titulo,Zaelot,Remote,Semi Senior,Semi Senior,Full time,fully_remote,Data Science / Analytics,https://www.getonbrd.com/jobs/data-engineer-zaelot-remote,4000.0,5500.0,mensual,661.0,1786464208,ingenieria,functions,,641,0,1,5,1,True,False,False,False,False,False,False,False,False,False,False,True,True,True,True,True,True,True,False,False,False,False,False,False,False,False,True,True,2026-09-08
getonbrd:data-engineer-gcp-dillo-tech-remote,getonbrd,LATAM,"Senior Data Engineer (Bigquery, Dbt, Python, Data Modeling)",Data Engineer / Arquitecto,True,True,categoria+titulo,Dillo.Tech,Remote,Senior,Senior,Full time,remote_local,Data Science / Analytics,https://www.getonbrd.com/jobs/data-engineer-gcp-dillo-tech-remote,5000.0,6500.0,mensual,99.0,1786458817,mixto,functions,2.0,1581,0,1,5,4,True,True,False,False,False,False,False,False,False,False,False,False,False,False,True,True,True,True,False,True,False,False,False,False,False,True,True,True,2026-09-08
getonbrd:bi-engineer-data-engineer-witi-santiago,getonbrd,LATAM,BI Engineer / Data Engineer,Data Engineer / Arquitecto,True,True,categoria+titulo,WiTi,Chile,Semi Senior,Semi Senior,Full time,hybrid,Data Science / Analytics,https://www.getonbrd.com/jobs/bi-engineer-data-engineer-witi-santiago,,,mensual,81.0,1786404222,analitica,functions,,1223,0,5,0,0,True,True,False,True,False,False,False,False,False,False,False,True,False,False,False,False,False,False,False,True,False,False,False,False,False,False,True,False,2026-09-08
getonbrd:ingeniero-a-de-datos-big-data-aws-bc-tecnologia-remote,getonbrd,LATAM,Ingeniero/a de Datos | Big Data & AWS,Data Engineer / Arquitecto,True,True,categoria+titulo,BC Tecnología,Remote,Semi Senior,Semi Senior,Full time,remote_local,Data Science / Analytics,https://www.getonbrd.com/jobs/ingeniero-a-de-datos-big-data-aws-bc-tecnologia-remote,,,mensual,48.0,1786109120,mixto,functions,,826,0,2,1,0,True,True,False,True,False,False,False,False,False,False,False,False,True,False,False,False,False,False,False,False,False,False,False,False,False,False,False,False,2026-09-08
getonbrd:ingeniero-a-de-datos-big-data-cloud-bc-tecnologia-remote,getonbrd,LATAM,Ingeniero/a de Datos | Big Data & Cloud,Data Engineer / Arquitecto,True,True,categoria+titulo,BC Tecnología,Remote,Senior,Senior,Full time,remote_local,Data Science / Analytics,https://www.getonbrd.com/jobs/ingeniero-a-de-datos-big-data-cloud-bc-tecnologia-remote,,,mensual,53.0,1786107347,ingenieria,functions,4.0,772,0,0,4,1,True,True,False,False,False,False,False,False,False,False,False,True,True,True,False,False,False,False,True,True,False,False,False,False,False,False,False,False,2026-09-08
getonbrd:staff-data-engineer-checkr-santiago,getonbrd,LATAM,Staff Data Engineer,Data Engineer / Arquitecto,True,True,categoria+titulo,Checkr,Chile,Experto / Director,Expert,Full time,no_remote,Data Science / Analytics,https://www.getonbrd.com/jobs/staff-data-engineer-checkr-santiago,4000.0,5000.0,mensual,7.0,1786051967,mixto,functions,10.0,1302,1,0,1,0,True,True,False,False,False,False,False,False,False,False,False,True,True,False,False,True,False,False,False,False,True,False,False,False,False,False,False,True,2026-09-08
getonbrd:arquitecto-a-de-datos-agilesoft-spa-santo-domingo-santo-domingo,getonbrd,LATAM,Arquitecto(a) de Datos,Data Engineer / Arquitecto,True,True,categoria+titulo,Agilesoft SpA,Dominican Republic,Senior,Senior,Full time,hybrid,Data Science / Analytics,https://www.getonbrd.com/jobs/arquitecto-a-de-datos-agilesoft-spa-santo-domingo-santo-domingo,,,mensual,10.0,1785975524,gobierno_datos,functions,5.0,900,1,0,1,6,False,False,False,True,False,False,False,False,False,False,False,True,False,True,False,False,False,False,False,False,False,False,False,False,False,False,False,True,2026-09-08
getonbrd:actuario-senior-pricing-bnp-paribas-cardif-santiago,getonbrd,LATAM,Actuario Senior Pricing,Otro,True,False,categoria,BNP Paribas Cardif,Chile,Senior,Senior,Full time,hybrid,Data Science / Analytics,https://www.getonbrd.com/jobs/actuario-senior-pricing-bnp-paribas-cardif-santiago,,,mensual,32.0,1785877824,analitica,functions,2.0,1251,0,4,0,1,True,True,True,False,False,False,False,False,False,False,False,False,False,False,False,False,False,False,False,False,False,False,False,False,False,True,False,True,2026-09-08
getonbrd:modelador-a-de-datos-agilesoft-spa-santo-domingo-santo-domingo,getonbrd,LATAM,Modelador(a) de Datos,Otro,True,False,categoria,Agilesoft SpA,Dominican Republic,Senior,Senior,Full time,hybrid,Data Science / Analytics,https://www.getonbrd.com/jobs/modelador-a-de-datos-agilesoft-spa-santo-domingo-santo-domingo,,,mensual,21.0,1785801460,gobierno_datos,functions,5.0,719,1,0,2,4,True,False,False,False,False,False,False,False,False,False,False,False,False,True,False,False,False,False,False,False,False,False,False,False,False,False,False,True,2026-09-08
getonbrd:especialista-en-big-data-sonda-santiago,getonbrd,LATAM,Especialista en Big Data,Data Engineer / Arquitecto,True,True,categoria+titulo,SONDA,Chile,Semi Senior,Semi Senior,Full time,hybrid,Data Science / Analytics,https://www.getonbrd.com/jobs/especialista-en-big-data-sonda-santiago,,,mensual,40.0,1785790821,mixto,functions,4.0,366,1,2,2,1,False,True,False,False,False,False,False,False,False,False,False,True,False,False,False,False,False,True,True,False,False,False,False,False,False,False,False,False,2026-09-08
getonbrd:data-quality-analyst-steward-factor-it-santiago,getonbrd,LATAM,Data Quality Analyst / Steward,Data Governance / Calidad,True,True,categoria+titulo,Factor IT,Chile,Senior,Senior,Full time,hybrid,Data Science / Analytics,https://www.getonbrd.com/jobs/data-quality-analyst-steward-factor-it-santiago,,,mensual,59.0,1785788372,mixto,functions,4.0,703,0,2,1,3,False,False,False,False,False,False,False,False,False,False,False,False,False,False,False,False,False,False,False,False,False,True,False,False,False,True,True,True,2026-09-08
getonbrd:ingeniero-gobierno-de-datos-agrosuper-rancagua,getonbrd,LATAM,Ingeniero Gobierno de Datos,Data Governance / Calidad,True,True,categoria+titulo,Agrosuper,Chile,Junior,Junior,Full time,hybrid,Data Science / Analytics,https://www.getonbrd.com/jobs/ingeniero-gobierno-de-datos-agrosuper-rancagua,,,mensual,126.0,1785776216,mixto,functions,,366,0,1,0,1,False,False,True,False,False,False,False,False,False,False,False,False,False,False,False,False,False,False,False,False,False,False,False,False,False,True,True,True,2026-09-08
getonbrd:data-analyst-colectivo23-lima,getonbrd,LATAM,Data Analyst,Data Analyst / BI,True,True,categoria+titulo,Colectivo23,Peru,Semi Senior,Semi Senior,Full time,hybrid,Data Science / Analytics,https://www.getonbrd.com/jobs/data-analyst-colectivo23-lima,,,mensual,117.0,1785536309,analitica,functions,2.0,1060,0,5,1,0,True,True,True,True,True,True,False,False,False,False,False,False,False,False,True,False,False,False,False,False,False,True,False,False,False,False,False,False,2026-09-08
getonbrd:digital-analytics-gtm-ga4-bigquery-bc-tecnologia-santiago,getonbrd,LATAM,Digital Analytics – GTM / Ga4 / Bigquery,Otro,True,False,categoria,BC Tecnología,Chile,Semi Senior,Semi Senior,Full time,hybrid,Data Science / Analytics,https://www.getonbrd.com/jobs/digital-analytics-gtm-ga4-bigquery-bc-tecnologia-santiago,,,mensual,12.0,1785451143,mixto,functions,,1361,0,1,1,1,True,False,False,False,False,False,False,False,False,False,False,False,False,False,True,False,False,False,False,False,False,False,False,False,False,False,False,True,2026-09-08
getonbrd:analista-bi-data-analyst-bc-tecnologia-santiago,getonbrd,LATAM,Analista BI / Data Analyst,Data Analyst / BI,True,True,categoria+titulo,BC Tecnología,Chile,Semi Senior,Semi Senior,Full time,hybrid,Data Science / Analytics,https://www.getonbrd.com/jobs/analista-bi-data-analyst-bc-tecnologia-santiago,,,mensual,126.0,1785360939,analitica,functions,3.0,689,1,5,2,0,True,True,False,True,False,False,False,False,False,False,False,True,False,False,False,False,False,False,False,False,False,False,False,False,False,False,True,True,2026-09-08
getonbrd:data-engineer-42labs-santiago,getonbrd,LATAM,Data Engineer,Data Engineer / Arquitecto,True,True,categoria+titulo,42Labs,Chile,Semi Senior,Semi Senior,Full time,hybrid,Data Science / Analytics,https://www.getonbrd.com/jobs/data-engineer-42labs-santiago,1700.0,2000.0,mensual,106.0,1785257273,ingenieria,functions,,915,0,0,3,1,True,False,False,False,False,False,False,False,False,False,False,True,False,False,False,False,True,False,False,False,False,False,False,False,False,True,False,True,2026-09-08
getonbrd:actuario-senior-bnp-paribas-cardif-santiago-d762,getonbrd,LATAM,Actuario Senior,Otro,True,False,categoria,BNP Paribas Cardif,Chile,Senior,Senior,Full time,hybrid,Data Science / Analytics,https://www.getonbrd.com/jobs/actuario-senior-bnp-paribas-cardif-santiago-d762,,,mensual,24.0,1785198371,analitica,functions,2.0,1067,1,3,0,0,False,False,True,False,False,False,False,False,False,False,False,False,False,False,False,False,False,False,False,False,False,True,False,False,False,False,False,True,2026-09-08
getonbrd:senior-analytics-consultant-decision-point-latam-ciudad-de-mexico-santiago,getonbrd,LATAM,Senior Analytics Consultant,Otro,True,False,categoria,Decision Point Latam,"Mexico, Chile",Senior,Senior,Full time,hybrid,Data Science / Analytics,https://www.getonbrd.com/jobs/senior-analytics-consultant-decision-point-latam-ciudad-de-mexico-santiago,,,mensual,68.0,1784823017,analitica,description,5.0,0,1,6,1,0,True,True,False,False,False,False,False,False,False,False,False,False,False,False,False,False,False,False,False,False,False,False,False,False,False,True,True,True,2026-09-08
getonbrd:ingeniero-a-de-estudios-actuariales-bnp-paribas-cardif-santiago-4435,getonbrd,LATAM,Ingeniero(a) de Estudios Actuariales,Otro,True,False,categoria,BNP Paribas Cardif,Chile,Junior,Junior,Full time,hybrid,Data Science / Analytics,https://www.getonbrd.com/jobs/ingeniero-a-de-estudios-actuariales-bnp-paribas-cardif-santiago-4435,,,mensual,130.0,1784664355,analitica,functions,,1280,0,2,0,0,False,True,True,True,False,False,False,False,False,False,False,False,False,False,False,False,False,False,False,False,False,True,False,False,False,False,False,False,2026-09-08
getonbrd:head-of-data-engineering-niuro-remote-ca91,getonbrd,LATAM,Lead Data Engineer,Data Engineer / Arquitecto,True,True,categoria+titulo,Niuro,Remote,Senior,Senior,Full time,remote_local,Data Science / Analytics,https://www.getonbrd.com/jobs/head-of-data-engineering-niuro-remote-ca91,4000.0,5000.0,mensual,72.0,1784561541,mixto,functions,5.0,920,0,0,2,2,True,True,False,False,False,False,False,False,False,False,False,True,False,True,True,False,True,False,False,True,False,False,False,False,False,False,True,False,2026-09-08
getonbrd:senior-data-engineer-niuro-remote-9b61,getonbrd,LATAM,Senior Data Engineer,Data Engineer / Arquitecto,True,True,categoria+titulo,Niuro,Remote,Senior,Senior,Full time,remote_local,Data Science / Analytics,https://www.getonbrd.com/jobs/senior-data-engineer-niuro-remote-9b61,3000.0,3500.0,mensual,41.0,1784206145,ingenieria,functions,5.0,446,0,0,5,1,True,True,False,False,False,False,False,False,False,False,False,True,True,False,False,False,True,True,False,False,False,False,False,False,False,True,False,True,2026-09-08
getonbrd:ingeniero-a-de-datos-semi-senior-bc-tecnologia-santiago,getonbrd,LATAM,Ingeniero(a) de Datos Semi Senior,Otro,True,False,categoria,BC Tecnología,Chile,Semi Senior,Semi Senior,Full time,hybrid,Data Science / Analytics,https://www.getonbrd.com/jobs/ingeniero-a-de-datos-semi-senior-bc-tecnologia-santiago,,,mensual,50.0,1784146771,ingenieria,functions,3.0,1283,1,1,6,1,True,True,False,False,False,False,False,False,False,False,False,True,True,False,False,False,True,False,False,False,False,False,False,False,False,True,False,True,2026-09-08
getonbrd:desarrollador-bi-microsoft-bc-tecnologia-santiago,getonbrd,LATAM,Desarrollador BI Microsoft,Data Analyst / BI,True,True,categoria+titulo,BC Tecnología,Chile,Semi Senior,Semi Senior,Full time,hybrid,Data Science / Analytics,https://www.getonbrd.com/jobs/desarrollador-bi-microsoft-bc-tecnologia-santiago,,,mensual,46.0,1784070852,sin_señal,functions,2.0,278,0,0,0,0,True,True,False,True,False,False,False,False,False,False,False,False,False,False,False,False,False,False,False,False,False,False,False,False,False,False,False,False,2026-09-08
getonbrd:practica-de-ingenieria-civil-industrial-para-area-de-riesgos-bice-vida-santiago,getonbrd,LATAM,Práctica de Ingeniería Civil Industrial para área de Riesgos,Otro,True,False,categoria,BICE VIDA,Chile,Sin experiencia,Sin experiencia,Full time,no_remote,Data Science / Analytics,https://www.getonbrd.com/jobs/practica-de-ingenieria-civil-industrial-para-area-de-riesgos-bice-vida-santiago,,,mensual,18.0,1783952098,sin_señal,functions,,926,0,0,0,0,True,False,False,False,False,False,False,False,False,False,False,False,False,False,False,False,False,False,False,False,False,False,False,False,False,False,False,False,2026-09-08
getonbrd:arquitecto-de-datos-bice-vida-santiago-b551,getonbrd,LATAM,Arquitecto de Datos,Data Engineer / Arquitecto,True,True,categoria+titulo,BICE VIDA,Chile,Senior,Senior,Full time,hybrid,Data Science / Analytics,https://www.getonbrd.com/jobs/arquitecto-de-datos-bice-vida-santiago-b551,,,mensual,48.0,1783950995,ingenieria,functions,4.0,1005,0,1,3,1,True,True,False,False,False,False,False,False,False,False,False,True,True,False,False,False,False,False,False,False,True,False,False,False,False,False,False,False,2026-09-08
getonbrd:junior-data-engineer-grupo-mariposa-remote,getonbrd,LATAM,Junior Data Engineer,Data Engineer / Arquitecto,True,True,categoria+titulo,Grupo Mariposa,Remote,Junior,Junior,Full time,remote_local,Data Science / Analytics,https://www.getonbrd.com/jobs/junior-data-engineer-grupo-mariposa-remote,,,mensual,2112.0,1783721443,mixto,functions,,381,2,2,2,0,True,True,False,False,False,False,False,False,False,False,False,False,False,False,False,False,False,False,False,False,False,False,False,False,False,False,False,True,2026-09-08
getonbrd:data-engineer-data-scientist-improving-south-america-remote,getonbrd,LATAM,Data Engineer (ML & LLM Focus),Data Engineer / Arquitecto,True,True,categoria+titulo,Improving,Remote,Senior,Senior,Full time,remote_local,Data Science / Analytics,https://www.getonbrd.com/jobs/data-engineer-data-scientist-improving-south-america-remote,,,mensual,149.0,1783453588,mixto,functions,,968,3,1,3,0,True,True,False,False,False,False,False,True,False,False,False,True,True,True,True,False,False,False,False,False,False,False,False,True,False,True,False,True,2026-09-08
getonbrd:ingeniero-a-de-datos-aws-big-data-bc-tecnologia-remote,getonbrd,LATAM,Ingeniero/a de Datos AWS,Otro,True,False,categoria,BC Tecnología,Remote,Semi Senior,Semi Senior,Full time,remote_local,Data Science / Analytics,https://www.getonbrd.com/jobs/ingeniero-a-de-datos-aws-big-data-bc-tecnologia-remote,,,mensual,31.0,1783104485,mixto,functions,4.0,812,0,1,2,0,False,True,False,False,False,False,False,False,False,False,False,False,True,False,False,False,False,False,False,True,True,False,False,False,False,False,False,False,2026-09-08
getonbrd:ingeniero-a-de-datos-bc-tecnologia-remote-743c,getonbrd,LATAM,Ingeniero(a) de Datos,Otro,True,False,categoria,BC Tecnología,Remote,Semi Senior,Semi Senior,Full time,remote_local,Data Science / Analytics,https://www.getonbrd.com/jobs/ingeniero-a-de-datos-bc-tecnologia-remote-743c,,,mensual,197.0,1783030326,mixto,functions,3.0,1064,0,3,4,1,True,True,False,True,True,False,False,False,False,False,False,True,False,True,False,False,False,False,False,False,False,False,False,False,False,True,True,True,2026-09-08
getonbrd:principal-data-scientist-niuro-remote-83e7,getonbrd,LATAM,Principal Data Scientist,Data Scientist,True,True,categoria+titulo,Niuro,Remote,Experto / Director,Expert,Full time,remote_local,Data Science / Analytics,https://www.getonbrd.com/jobs/principal-data-scientist-niuro-remote-83e7,4000.0,5000.0,mensual,40.0,1782776294,mixto,functions,8.0,1038,3,2,2,1,True,True,True,False,False,False,True,False,False,False,False,False,False,False,False,False,False,False,False,False,False,False,True,False,True,False,True,True,2026-09-08
getonbrd:analytics-engineer-jr-galilei-remote,getonbrd,LATAM,Analytics Engineer Jr,Data Analyst / BI,True,True,categoria+titulo,Galilei,Remote,Junior,Junior,Full time,fully_remote,Data Science / Analytics,https://www.getonbrd.com/jobs/analytics-engineer-jr-galilei-remote,1000.0,1500.0,mensual,1514.0,1781645113,ingenieria,functions,,466,0,0,2,0,True,True,False,True,False,True,False,False,False,False,False,False,True,False,False,False,False,True,False,False,False,False,False,False,False,False,False,True,2026-09-08
getonbrd:data-scientist-improving-south-america-remote,getonbrd,LATAM,Data Scientist,Data Scientist,True,True,categoria+titulo,Improving,Remote,Senior,Senior,Full time,remote_local,Data Science / Analytics,https://www.getonbrd.com/jobs/data-scientist-improving-south-america-remote,,,mensual,241.0,1781106680,mixto,functions,,1180,4,2,3,0,True,True,False,False,False,False,False,False,False,False,False,True,False,True,False,True,False,False,False,False,False,False,False,False,False,True,True,True,2026-09-08
getonbrd:principal-engineer-data-architecture-niuro-remote,getonbrd,LATAM,Principal Engineer (Data & Architecture),Otro,True,False,categoria,Niuro,Remote,Experto / Director,Expert,Full time,remote_local,Data Science / Analytics,https://www.getonbrd.com/jobs/principal-engineer-data-architecture-niuro-remote,5500.0,6500.0,mensual,38.0,1780689654,ingenieria,functions,5.0,1218,0,0,3,0,False,True,False,False,False,False,False,False,False,False,False,False,True,False,False,True,False,False,False,False,True,False,False,True,False,False,False,False,2026-09-08
getonbrd:business-analyst-ecommerce-bc-tecnologia-santiago,getonbrd,LATAM,Business Analyst E-commerce,Business Analyst,True,True,categoria+titulo,BC Tecnología,Chile,Semi Senior,Semi Senior,Full time,hybrid,Data Science / Analytics,https://www.getonbrd.com/jobs/business-analyst-ecommerce-bc-tecnologia-santiago,,,mensual,97.0,1780621861,señal_debil,functions,3.0,746,0,0,0,1,False,False,False,False,False,False,False,False,False,False,False,False,False,False,False,False,False,False,False,False,False,False,False,False,False,False,True,False,2026-09-08
getonbrd:analista-de-automatizacion-bc-tecnologia-santiago,getonbrd,LATAM,Analista de Automatización,Otro,True,False,categoria,BC Tecnología,Chile,Semi Senior,Semi Senior,Full time,hybrid,Data Science / Analytics,https://www.getonbrd.com/jobs/analista-de-automatizacion-bc-tecnologia-santiago,,,mensual,98.0,1780073644,analitica,functions,4.0,1433,0,6,1,1,True,True,True,True,False,False,False,True,False,False,False,False,False,False,False,False,False,False,False,False,False,False,False,True,False,False,False,True,2026-09-08
getonbrd:business-analyst-senior-bc-tecnologia-santiago-7de2,getonbrd,LATAM,Business Analyst Senior (PO),Business Analyst,True,True,categoria+titulo,BC Tecnología,Chile,Senior,Senior,Full time,hybrid,Data Science / Analytics,https://www.getonbrd.com/jobs/business-analyst-senior-bc-tecnologia-santiago-7de2,,,mensual,60.0,1780008722,sin_señal,functions,,739,0,0,0,0,False,False,False,False,False,False,False,False,False,False,False,False,False,False,False,False,False,False,False,False,False,False,False,False,False,False,True,True,2026-09-08
getonbrd:desarrollador-odi-bc-tecnologia-santiago,getonbrd,LATAM,ETL Developer Oracle Data Integrator,Otro,True,False,categoria,BC Tecnología,Chile,Semi Senior,Semi Senior,Full time,hybrid,Data Science / Analytics,https://www.getonbrd.com/jobs/desarrollador-odi-bc-tecnologia-santiago,,,mensual,35.0,1779981470,mixto,functions,3.0,975,1,0,2,3,True,False,False,False,False,False,False,False,False,False,False,False,False,False,False,False,False,False,False,False,False,False,False,False,False,True,False,True,2026-09-08
getonbrd:ingeniero-a-de-datos-gcp-senior-bc-tecnologia-santiago,getonbrd,LATAM,Ingeniero/a de Datos GCP Senior,Otro,True,False,categoria,BC Tecnología,Chile,Senior,Senior,Full time,hybrid,Data Science / Analytics,https://www.getonbrd.com/jobs/ingeniero-a-de-datos-gcp-senior-bc-tecnologia-santiago,,,mensual,25.0,1779974069,mixto,functions,5.0,910,1,0,3,2,True,True,False,False,False,True,False,False,False,False,False,True,False,False,True,False,True,True,False,True,False,False,False,False,False,True,False,True,2026-09-08
getonbrd:senior-data-analyst-niuro-remote,getonbrd,LATAM,Senior Data Analyst – Predictive Analytics & Machinelearning,Data Analyst / BI,True,True,categoria+titulo,Niuro,Remote,Senior,Senior,Full time,remote_local,Data Science / Analytics,https://www.getonbrd.com/jobs/senior-data-analyst-niuro-remote,3500.0,4000.0,mensual,124.0,1779816320,mixto,functions,5.0,853,2,3,0,1,False,False,False,True,True,False,False,False,False,False,False,False,True,False,False,False,False,False,False,False,False,False,False,False,False,True,True,False,2026-09-08
getonbrd:head-of-data-engineering-niuro-remote,getonbrd,LATAM,Head of Data Engineering,Data Engineer / Arquitecto,True,True,categoria+titulo,Niuro,Remote,Experto / Director,Expert,Full time,remote_local,Data Science / Analytics,https://www.getonbrd.com/jobs/head-of-data-engineering-niuro-remote,4000.0,5000.0,mensual,33.0,1779816308,ingenieria,functions,5.0,1476,2,1,4,1,True,True,False,True,False,True,False,False,False,False,False,True,False,True,True,False,True,False,False,True,False,False,False,True,False,True,True,False,2026-09-08
getonbrd:ingeniero-a-de-datos-bc-tecnologia-santiago-758c,getonbrd,LATAM,Ingeniero/a de Datos,Otro,True,False,categoria,BC Tecnología,Chile,Semi Senior,Semi Senior,Full time,hybrid,Data Science / Analytics,https://www.getonbrd.com/jobs/ingeniero-a-de-datos-bc-tecnologia-santiago-758c,,,mensual,55.0,1779736820,ingenieria,functions,,400,0,0,3,1,False,False,False,False,False,False,False,False,False,False,False,False,True,False,False,False,False,True,False,True,False,False,False,False,False,True,True,True,2026-09-08
getonbrd:senior-product-data-scientist-improving-south-america-remote,getonbrd,LATAM,Senior Product Data Scientist,Data Scientist,True,True,categoria+titulo,Improving,Remote,Semi Senior,Semi Senior,Full time,remote_local,Data Science / Analytics,https://www.getonbrd.com/jobs/senior-product-data-scientist-improving-south-america-remote,,,mensual,148.0,1779225481,mixto,functions,4.0,1578,5,5,1,0,True,True,False,False,False,False,False,False,False,False,False,False,False,False,False,False,False,False,False,False,False,True,False,False,False,True,True,True,2026-09-08
getonbrd:ingeniero-a-de-datos-bi-aws-bc-tecnologia-remote,getonbrd,LATAM,Ingeniero/a de Datos BI & AWS,Data Analyst / BI,True,True,categoria+titulo,BC Tecnología,Remote,Semi Senior,Semi Senior,Freelance,remote_local,Data Science / Analytics,https://www.getonbrd.com/jobs/ingeniero-a-de-datos-bi-aws-bc-tecnologia-remote,,,mensual,74.0,1779127112,mixto,functions,,504,0,3,4,0,False,False,False,True,False,False,False,False,False,False,False,False,True,False,False,False,False,False,False,False,False,False,False,False,False,False,False,False,2026-09-08
getonbrd:business-analyst-contable-bc-tecnologia-santiago,getonbrd,LATAM,Business Analyst Contable,Business Analyst,True,True,categoria+titulo,BC Tecnología,Chile,Senior,Senior,Full time,hybrid,Data Science / Analytics,https://www.getonbrd.com/jobs/business-analyst-contable-bc-tecnologia-santiago,2000.0,2500.0,mensual,38.0,1779119050,mixto,functions,,1221,0,0,2,1,False,False,False,False,False,False,False,False,False,False,False,False,False,False,False,False,False,False,False,False,False,False,False,False,False,True,True,True,2026-09-08
getonbrd:data-engineer-aws-datalake-bc-tecnologia-remote,getonbrd,LATAM,Data Engineer AWS & Datalake,Data Engineer / Arquitecto,True,True,categoria+titulo,BC Tecnología,Remote,Semi Senior,Semi Senior,Full time,remote_local,Data Science / Analytics,https://www.getonbrd.com/jobs/data-engineer-aws-datalake-bc-tecnologia-remote,,,mensual,87.0,1778793061,ingenieria,functions,,787,0,0,5,1,False,False,False,False,False,False,False,False,False,False,False,False,True,False,False,False,False,False,False,False,False,False,False,False,False,False,False,True,2026-09-08
getonbrd:analista-de-procesos-y-datos-bc-tecnologia-santiago,getonbrd,LATAM,Analista de Procesos y Datos,Data Analyst / BI,True,True,categoria+titulo,BC Tecnología,Chile,Semi Senior,Semi Senior,Full time,hybrid,Data Science / Analytics,https://www.getonbrd.com/jobs/analista-de-procesos-y-datos-bc-tecnologia-santiago,,,mensual,81.0,1778187180,gobierno_datos,functions,3.0,643,0,0,0,2,False,False,True,False,False,False,False,False,False,False,False,False,False,False,False,False,False,False,False,False,False,False,False,False,False,True,True,False,2026-09-08
getonbrd:analista-de-datos-arquitectura-bc-tecnologia-santiago,getonbrd,LATAM,Analista de Datos (Arquitectura),Data Analyst / BI,True,True,categoria+titulo,BC Tecnología,Chile,Semi Senior,Semi Senior,Full time,hybrid,Data Science / Analytics,https://www.getonbrd.com/jobs/analista-de-datos-arquitectura-bc-tecnologia-santiago,2400.0,2800.0,mensual,126.0,1778167052,analitica,functions,6.0,781,0,5,0,1,True,True,True,True,True,False,False,False,False,False,False,False,False,False,False,False,False,False,False,False,False,False,False,False,False,True,True,True,2026-09-08
getonbrd:analista-de-automatizacion-y-datos-bc-tecnologia-santiago-108e,getonbrd,LATAM,Analista de Automatización y Datos,Otro,True,False,categoria,BC Tecnología,Chile,Semi Senior,Semi Senior,Full time,hybrid,Data Science / Analytics,https://www.getonbrd.com/jobs/analista-de-automatizacion-y-datos-bc-tecnologia-santiago-108e,,,mensual,209.0,1778107947,mixto,functions,,706,0,3,2,0,True,True,True,True,False,False,False,True,False,False,False,False,False,False,False,False,False,False,False,True,False,False,False,False,False,False,False,True,2026-09-08
getonbrd:docente-base-de-datos-sede-melipilla-duoc-uc-santiago,getonbrd,LATAM,Docente Base de Datos Sede Melipilla,Otro,True,False,categoria,Duoc UC,Chile,Semi Senior,Semi Senior,Part time,no_remote,Data Science / Analytics,https://www.getonbrd.com/jobs/docente-base-de-datos-sede-melipilla-duoc-uc-santiago,,,mensual,10.0,1777905889,sin_señal,functions,3.0,503,0,0,0,0,True,False,False,False,False,False,False,False,False,False,False,False,False,False,False,False,False,False,False,False,False,False,False,False,False,False,False,False,2026-09-08
getonbrd:business-analyst-digital-analytics-bc-tecnologia-santiago-6212,getonbrd,LATAM,Business Analyst (Digital Analytics),Business Analyst,True,True,categoria+titulo,BC Tecnología,Chile,Semi Senior,Semi Senior,Full time,hybrid,Data Science / Analytics,https://www.getonbrd.com/jobs/business-analyst-digital-analytics-bc-tecnologia-santiago-6212,,,mensual,59.0,1777612810,analitica,functions,,711,0,2,0,0,True,True,False,False,False,True,False,False,False,False,False,False,False,False,True,False,False,False,False,False,False,False,False,False,False,True,False,False,2026-09-08
getonbrd:ingeniero-de-datos-especialista-bc-tecnologia-remote,getonbrd,LATAM,Ingeniero de Datos Especialista,Data Engineer / Arquitecto,True,True,categoria+titulo,BC Tecnología,Remote,Senior,Senior,Freelance,remote_local,Data Science / Analytics,https://www.getonbrd.com/jobs/ingeniero-de-datos-especialista-bc-tecnologia-remote,,,mensual,82.0,1775659204,sin_señal,functions,4.0,591,0,0,0,0,True,False,False,True,False,False,False,False,False,False,False,False,True,False,False,False,False,False,False,False,False,False,False,False,False,False,True,False,2026-09-08
getonbrd:data-consultant-artefact-artefact-latam-lima-bogota-santiago-ciudad-de-mexico,getonbrd,LATAM,Data Consultant Artefact,Otro,True,False,categoria,Artefact LatAm,"Peru, Mexico, Colombia, Chile",Senior,Senior,Full time,no_remote,Data Science / Analytics,https://www.getonbrd.com/jobs/data-consultant-artefact-artefact-latam-lima-bogota-santiago-ciudad-de-mexico,1500.0,2500.0,mensual,25.0,1774990576,señal_debil,functions,,1845,0,0,1,0,False,False,False,False,False,False,False,False,False,False,False,False,False,False,False,False,False,False,False,False,False,False,False,False,False,False,False,False,2026-09-08
getonbrd:data-consultant-artefact-latam-bogota-santiago-ciudad-de-mexico,getonbrd,LATAM,Data Consultant,Otro,True,False,categoria,Artefact LatAm,"Mexico, Colombia, Chile",Semi Senior,Semi Senior,Full time,hybrid,Data Science / Analytics,https://www.getonbrd.com/jobs/data-consultant-artefact-latam-bogota-santiago-ciudad-de-mexico,1500.0,2500.0,mensual,171.0,1774880418,analitica,functions,1.0,1132,0,3,0,0,False,True,True,True,True,False,False,False,False,False,False,False,False,False,False,False,False,False,False,False,False,False,False,False,False,True,True,True,2026-09-08
getonbrd:ingeniero-a-de-procesos-data-governance-bc-tecnologia-santiago,getonbrd,LATAM,Ingeniero/a de Procesos Data Governance,Data Governance / Calidad,True,True,categoria+titulo,BC Tecnología,Chile,Semi Senior,Semi Senior,Full time,hybrid,Data Science / Analytics,https://www.getonbrd.com/jobs/ingeniero-a-de-procesos-data-governance-bc-tecnologia-santiago,,,mensual,37.0,1774066691,mixto,functions,2.0,775,0,2,1,2,False,False,False,False,False,False,False,False,False,False,False,False,False,False,False,False,False,False,False,False,False,False,False,False,False,True,True,True,2026-09-08
getonbrd:business-analyst-bc-tecnologia-santiago-c237,getonbrd,LATAM,Business Analyst,Business Analyst,True,True,categoria+titulo,BC Tecnología,Chile,Semi Senior,Semi Senior,Full time,hybrid,Data Science / Analytics,https://www.getonbrd.com/jobs/business-analyst-bc-tecnologia-santiago-c237,2000.0,2200.0,mensual,138.0,1773944754,mixto,functions,3.0,750,0,1,0,1,True,True,True,False,False,False,False,False,False,False,False,False,False,False,False,False,False,False,False,False,False,False,False,False,False,True,True,True,2026-09-08
getonbrd:business-analyst-hibtrido-bc-tecnologia-santiago,getonbrd,LATAM,Business Analyst (Hibtrido),Business Analyst,True,True,categoria+titulo,BC Tecnología,Chile,Semi Senior,Semi Senior,Full time,hybrid,Data Science / Analytics,https://www.getonbrd.com/jobs/business-analyst-hibtrido-bc-tecnologia-santiago,,,mensual,133.0,1773884407,señal_debil,functions,,555,0,0,0,1,False,False,False,False,False,False,False,False,False,False,False,False,False,False,False,False,False,False,False,False,False,False,False,False,False,True,True,True,2026-09-08
getonbrd:senior-data-engineer-artefact-latam-remote,getonbrd,LATAM,Senior Data Engineer,Data Engineer / Arquitecto,True,True,categoria+titulo,Artefact LatAm,Remote,Senior,Senior,Full time,remote_local,Data Science / Analytics,https://www.getonbrd.com/jobs/senior-data-engineer-artefact-latam-remote,3000.0,4000.0,mensual,210.0,1773863961,mixto,functions,3.0,1487,0,2,2,0,False,True,False,False,False,False,False,False,False,False,False,True,True,True,True,False,False,False,False,False,False,False,False,False,False,True,False,True,2026-09-08
getonbrd:data-operational-engineer-timining-santiago,getonbrd,LATAM,Data Operational Engineer,Otro,True,False,categoria,TIMINING,Chile,Semi Senior,Semi Senior,Full time,hybrid,Data Science / Analytics,https://www.getonbrd.com/jobs/data-operational-engineer-timining-santiago,,,mensual,55.0,1773838538,mixto,functions,2.0,1196,0,2,3,1,True,True,False,False,False,False,False,False,False,False,False,False,True,True,True,False,True,False,True,True,False,False,False,False,False,False,False,True,2026-09-08
getonbrd:data-governance-consultant-artefact-latam-santiago,getonbrd,LATAM,Data Governance Consultant,Data Governance / Calidad,True,True,categoria+titulo,Artefact LatAm,Chile,Senior,Senior,Full time,hybrid,Data Science / Analytics,https://www.getonbrd.com/jobs/data-governance-consultant-artefact-latam-santiago,2500.0,3200.0,mensual,60.0,1773289568,mixto,functions,3.0,1379,0,2,0,3,True,True,True,True,True,False,False,False,False,False,False,False,True,True,True,False,False,False,False,False,True,False,False,False,False,True,True,True,2026-09-08
getonbrd:data-engineer-proyecto-hibrida-bc-tecnologia-santiago,getonbrd,LATAM,Data Engineer – Proyecto (Híbrida),Data Engineer / Arquitecto,True,True,categoria+titulo,BC Tecnología,Chile,Semi Senior,Semi Senior,Full time,hybrid,Data Science / Analytics,https://www.getonbrd.com/jobs/data-engineer-proyecto-hibrida-bc-tecnologia-santiago,,,mensual,74.0,1772557728,mixto,functions,,626,1,1,3,2,True,True,False,False,False,False,False,False,False,False,False,False,True,True,False,False,True,False,False,False,False,False,False,False,False,True,True,True,2026-09-08
getonbrd:bi-power-bi-bc-tecnologia-santiago,getonbrd,LATAM,BI Power BI,Data Analyst / BI,True,True,categoria+titulo,BC Tecnología,Chile,Senior,Senior,Full time,hybrid,Data Science / Analytics,https://www.getonbrd.com/jobs/bi-power-bi-bc-tecnologia-santiago,,,mensual,194.0,1772550508,analitica,functions,,845,2,6,0,0,True,False,False,True,False,False,False,False,False,False,False,False,True,True,False,False,False,False,False,False,False,False,False,False,False,True,True,True,2026-09-08
getonbrd:data-analyst-proyecto-bc-tecnologia-santiago,getonbrd,LATAM,Data Analyst (Proyecto),Data Analyst / BI,True,True,categoria+titulo,BC Tecnología,Chile,Semi Senior,Semi Senior,Freelance,hybrid,Data Science / Analytics,https://www.getonbrd.com/jobs/data-analyst-proyecto-bc-tecnologia-santiago,,,mensual,91.0,1771343354,analitica,functions,3.0,611,0,5,0,0,True,True,False,True,False,False,False,False,False,False,False,True,True,True,False,False,False,False,False,False,False,False,False,False,False,True,True,True,2026-09-08
getonbrd:senior-data-scientist-artefact-latam-remote,getonbrd,LATAM,Senior Data Scientist,Data Scientist,True,True,categoria+titulo,Artefact LatAm,Remote,Senior,Senior,Full time,remote_local,Data Science / Analytics,https://www.getonbrd.com/jobs/senior-data-scientist-artefact-latam-remote,3200.0,4100.0,mensual,188.0,1770929877,mixto,functions,4.0,1920,4,4,0,0,True,True,False,False,False,False,True,False,False,False,False,False,False,False,False,False,False,False,False,True,False,True,False,False,False,True,True,True,2026-09-08
getonbrd:data-engineer-aws-bc-tecnologia-remote-d2a1,getonbrd,LATAM,Data Engineer AWS,Data Engineer / Arquitecto,True,True,categoria+titulo,BC Tecnología,Remote,Semi Senior,Semi Senior,Freelance,fully_remote,Data Science / Analytics,https://www.getonbrd.com/jobs/data-engineer-aws-bc-tecnologia-remote-d2a1,,,mensual,341.0,1770759176,mixto,functions,2.0,570,0,0,2,1,True,False,False,False,False,False,False,False,False,False,False,False,True,False,False,False,True,False,False,False,False,False,False,False,False,False,True,True,2026-09-08
getonbrd:data-manager-artefact-latam-ciudad-de-mexico-santiago,getonbrd,LATAM,Data Manager,Otro,True,False,categoria,Artefact LatAm,"Mexico, Chile",Experto / Director,Expert,Full time,hybrid,Data Science / Analytics,https://www.getonbrd.com/jobs/data-manager-artefact-latam-ciudad-de-mexico-santiago,5000.0,5800.0,mensual,126.0,1770219108,señal_debil,functions,4.0,1307,1,0,0,0,False,False,False,False,False,False,False,False,False,False,False,False,False,False,False,False,False,False,False,False,False,False,False,False,False,True,False,False,2026-09-08
getonbrd:ingeniero-risk-ops-bc-tecnologia-santiago,getonbrd,LATAM,Data Analyst,Data Analyst / BI,True,True,categoria+titulo,BC Tecnología,Chile,Semi Senior,Semi Senior,Full time,hybrid,Data Science / Analytics,https://www.getonbrd.com/jobs/ingeniero-risk-ops-bc-tecnologia-santiago,,,mensual,215.0,1768483569,analitica,functions,2.0,935,0,5,0,0,True,True,True,True,True,True,False,False,False,False,False,False,False,False,True,False,False,False,False,False,False,False,False,False,False,True,True,True,2026-09-08
getonbrd:analista-de-datos-business-intelligence-bc-tecnologia-santiago,getonbrd,LATAM,Analista de Datos / Business Intelligence,Data Analyst / BI,True,True,categoria+titulo,BC Tecnología,Chile,Semi Senior,Semi Senior,Full time,hybrid,Data Science / Analytics,https://www.getonbrd.com/jobs/analista-de-datos-business-intelligence-bc-tecnologia-santiago,,,mensual,357.0,1763059540,analitica,functions,2.0,781,1,7,0,1,True,True,True,True,False,False,False,False,False,False,False,False,False,False,False,False,False,False,False,False,False,True,False,False,False,True,True,True,2026-09-08
getonbrd:senior-data-consultant-artefact-latam-remote,getonbrd,LATAM,Senior Data Consultant,Otro,True,False,categoria,Artefact LatAm,Remote,Senior,Senior,Full time,remote_local,Data Science / Analytics,https://www.getonbrd.com/jobs/senior-data-consultant-artefact-latam-remote,2500.0,3200.0,mensual,182.0,1762441771,analitica,functions,4.0,996,0,2,0,0,False,True,False,True,True,False,False,False,False,False,False,False,False,False,False,False,False,False,False,False,False,False,False,False,False,True,True,True,2026-09-08
getonbrd:analytics-engineer-artefact-latam-remote,getonbrd,LATAM,Analytics Engineer,Data Analyst / BI,True,True,categoria+titulo,Artefact LatAm,Remote,Semi Senior,Semi Senior,Full time,fully_remote,Data Science / Analytics,https://www.getonbrd.com/jobs/analytics-engineer-artefact-latam-remote,1500.0,2000.0,mensual,1034.0,1761751980,mixto,functions,1.0,987,3,4,0,1,True,True,False,True,True,False,False,False,False,False,False,False,False,True,False,False,False,False,False,False,False,False,False,False,False,False,False,True,2026-09-08
getonbrd:data-scientist-artefact-latam-remote,getonbrd,LATAM,Data Scientist,Data Scientist,True,True,categoria+titulo,Artefact LatAm,Remote,Semi Senior,Semi Senior,Full time,fully_remote,Data Science / Analytics,https://www.getonbrd.com/jobs/data-scientist-artefact-latam-remote,1500.0,2000.0,mensual,997.0,1759342452,mixto,functions,,1632,4,4,0,1,True,True,False,True,True,False,True,False,False,False,False,False,True,True,True,False,False,False,False,True,False,True,False,False,False,True,False,True,2026-09-08
getonbrd:ingeniero-ml-data-scientist-lisit-remote,getonbrd,LATAM,Ingeniero ML / Data Scientist,Data Scientist,True,True,categoria+titulo,Lisit,Chile,Senior,Senior,Full time,hybrid,Machine Learning & AI,https://www.getonbrd.com/jobs/ingeniero-ml-data-scientist-lisit-remote,,,mensual,114.0,1787582769,ciencia_datos,functions,,1010,3,0,1,1,False,True,False,False,False,False,False,True,True,False,False,False,False,False,False,False,False,False,False,False,False,True,False,False,False,False,False,False,2026-09-08
getonbrd:data-scientist-decision-point-latam-ciudad-de-mexico-santiago-8d7c,getonbrd,LATAM,Data Scientist,Data Scientist,True,True,categoria+titulo,Decision Point Latam,"Mexico, Chile",Semi Senior,Semi Senior,Full time,hybrid,Machine Learning & AI,https://www.getonbrd.com/jobs/data-scientist-decision-point-latam-ciudad-de-mexico-santiago-8d7c,,,mensual,46.0,1786993284,ciencia_datos,functions,1.0,1017,5,1,0,0,True,True,False,True,True,True,False,True,True,True,True,False,True,True,False,False,False,False,False,False,False,True,True,True,False,True,True,True,2026-09-08
getonbrd:project-manager-neuralworks-santiago-3486,getonbrd,LATAM,Product Manager,Otro,False,False,fuera_de_alcance,NeuralWorks,Chile,Semi Senior,Semi Senior,Full time,hybrid,"Product, Innovation & Agile",https://www.getonbrd.com/jobs/project-manager-neuralworks-santiago-3486,,,mensual,168.0,1786633736,mixto,functions,3.0,1886,2,1,0,0,False,False,False,False,False,False,False,False,False,False,False,False,False,False,False,False,False,False,False,False,False,False,False,False,False,False,True,True,2026-09-08
getonbrd:machine-learning-engineer-neuralworks-santiago-37fc,getonbrd,LATAM,Machine Learning Engineer,ML / AI Engineer,True,True,categoria+titulo,NeuralWorks,Chile,Semi Senior,Semi Senior,Full time,hybrid,Machine Learning & AI,https://www.getonbrd.com/jobs/machine-learning-engineer-neuralworks-santiago-37fc,,,mensual,66.0,1786633717,ciencia_datos,functions,3.0,1890,3,0,1,0,True,True,False,False,False,False,False,False,False,False,False,True,True,True,True,False,False,False,True,False,False,True,False,False,True,True,False,True,2026-09-08
getonbrd:senior-deployed-ai-engineer-anthropic-artefact-us-remote,getonbrd,LATAM,Senior Forward Deployed AI Engineer (Anthropic),ML / AI Engineer,True,True,categoria+titulo,Artefact US,Remote,Senior,Senior,Full time,remote_local,Machine Learning & AI,https://www.getonbrd.com/jobs/senior-deployed-ai-engineer-anthropic-artefact-us-remote,5000.0,5000.0,mensual,42.0,1786372702,ingenieria,functions,5.0,1986,0,0,3,0,False,True,False,False,False,False,False,False,False,False,False,False,True,True,True,False,False,False,False,False,False,False,False,True,False,True,False,False,2026-09-08
getonbrd:senior-deployed-ai-engineer-openai-artefact-us-remote,getonbrd,LATAM,Senior Forward Deployed AI Engineer (Openai),ML / AI Engineer,True,True,categoria+titulo,Artefact US,Remote,Senior,Senior,Full time,remote_local,Machine Learning & AI,https://www.getonbrd.com/jobs/senior-deployed-ai-engineer-openai-artefact-us-remote,5000.0,5000.0,mensual,20.0,1786053160,ingenieria,functions,5.0,1993,0,0,3,0,False,True,False,False,False,False,False,False,False,False,False,False,True,True,True,False,False,False,False,False,False,False,False,True,False,True,False,False,2026-09-08
getonbrd:senior-forward-deployed-ai-engineer-gemini-enterprise-artefact-us-remote,getonbrd,LATAM,Senior Forward Deployed AI Engineer (Gemini Enterprise),ML / AI Engineer,True,True,categoria+titulo,Artefact US,Remote,Senior,Senior,Full time,remote_local,Machine Learning & AI,https://www.getonbrd.com/jobs/senior-forward-deployed-ai-engineer-gemini-enterprise-artefact-us-remote,5000.0,5000.0,mensual,20.0,1785935101,ingenieria,functions,5.0,1982,1,0,3,0,False,True,False,False,False,False,False,False,False,False,False,False,True,True,True,False,False,False,False,False,False,False,False,True,False,True,False,False,2026-09-08
getonbrd:senior-ai-agentic-engineer-artefact-us-remote,getonbrd,LATAM,Senior AI & Agentic Engineer,Otro,True,False,categoria,Artefact US,Remote,Senior,Senior,Full time,remote_local,Machine Learning & AI,https://www.getonbrd.com/jobs/senior-ai-agentic-engineer-artefact-us-remote,5000.0,5000.0,mensual,38.0,1785924713,ingenieria,functions,5.0,1642,0,0,3,0,False,True,False,False,False,False,False,False,False,False,False,False,True,True,True,False,False,False,False,False,False,False,False,True,False,True,False,False,2026-09-08
getonbrd:senior-data-scientist-us-office-artefact-latam-remote,getonbrd,LATAM,Senior AI Data Scientist (US Team),Data Scientist,True,True,categoria+titulo,Artefact LatAm,Remote,Senior,Senior,Full time,remote_local,Machine Learning & AI,https://www.getonbrd.com/jobs/senior-data-scientist-us-office-artefact-latam-remote,2200.0,3300.0,mensual,22.0,1782333106,mixto,functions,3.0,848,2,0,3,0,False,True,False,False,False,False,False,False,False,False,False,False,True,True,True,False,False,False,False,False,False,False,False,True,True,True,True,True,2026-09-08
getonbrd:senior-software-engineer-unholster-santiago-d463,getonbrd,LATAM,Semi Senior Software Engineer,Otro,False,False,fuera_de_alcance,Unholster,Chile,Semi Senior,Semi Senior,Full time,hybrid,Programming,https://www.getonbrd.com/jobs/senior-software-engineer-unholster-santiago-d463,2500.0,4000.0,mensual,559.0,1782087012,sin_señal,functions,3.0,1194,0,0,0,0,True,True,False,False,False,False,False,False,False,False,False,False,True,True,False,False,False,False,True,False,False,False,False,False,False,False,False,False,2026-09-08
getonbrd:senior-data-scientist-genai-rag-latam-bc-tecnologia-remote,getonbrd,LATAM,Senior Data Scientist – GenAI & RAG (LATAM),Data Scientist,True,True,categoria+titulo,BC Tecnología,Remote,Senior,Senior,Full time,fully_remote,Machine Learning & AI,https://www.getonbrd.com/jobs/senior-data-scientist-genai-rag-latam-bc-tecnologia-remote,,,mensual,133.0,1781304557,ciencia_datos,functions,,798,4,0,2,0,True,True,False,False,False,False,False,False,False,False,False,True,False,True,False,False,False,False,False,True,False,False,False,True,False,False,True,True,2026-09-08
getonbrd:senior-cloud-engineer-world-wildlife-fund-inc-remote,getonbrd,LATAM,Senior Cloud Engineer,Otro,False,False,fuera_de_alcance,"World Wildlife Fund, Inc.",Remote,Senior,Senior,Full time,remote_local,SysAdmin / DevOps / QA,https://www.getonbrd.com/jobs/senior-cloud-engineer-world-wildlife-fund-inc-remote,3400.0,4400.0,mensual,18.0,1788359066,sin_señal,functions,6.0,1346,0,0,0,0,True,False,False,True,False,False,False,False,False,False,False,False,False,True,False,False,False,False,False,False,False,False,False,False,False,False,True,True,2026-09-08
getonbrd:ingeniero-senior-full-stack-khipu-remote-bd75,getonbrd,LATAM,Ingeniero Senior Full-Stack,Otro,False,False,fuera_de_alcance,Khipu,Remote,Senior,Senior,Full time,fully_remote,Programming,https://www.getonbrd.com/jobs/ingeniero-senior-full-stack-khipu-remote-bd75,3600.0,3600.0,mensual,142.0,1788865333,sin_señal,functions,,651,0,0,0,0,False,True,False,False,False,False,False,False,False,False,False,False,True,False,True,False,False,False,True,False,False,False,False,False,False,True,False,True,2026-09-08
getonbrd:tech-lead-factor-it-ciudad-de-mexico,getonbrd,LATAM,Tech Lead,Otro,False,False,fuera_de_alcance,Factor IT,Mexico,Semi Senior,Semi Senior,Full time,hybrid,Programming,https://www.getonbrd.com/jobs/tech-lead-factor-it-ciudad-de-mexico,,,mensual,18.0,1788359898,sin_señal,functions,4.0,1845,0,0,0,0,False,False,False,False,False,False,False,False,False,False,False,False,True,True,True,False,False,False,False,False,False,False,False,True,False,True,False,True,2026-09-08
getonbrd:senior-ai-engineer-capital-express-santiago,getonbrd,LATAM,Senior AI Engineer,ML / AI Engineer,True,True,categoria+titulo,Capital Express,Chile,Senior,Senior,Full time,hybrid,Machine Learning & AI,https://www.getonbrd.com/jobs/senior-ai-engineer-capital-express-santiago,3000.0,4000.0,mensual,19.0,1788292596,señal_debil,functions,,1143,0,0,1,0,False,True,False,False,False,False,False,False,False,False,False,False,True,False,False,False,False,False,False,False,False,True,False,True,False,False,False,False,2026-09-08
getonbrd:ai-security-engineer-appliedsystems-com-remote,getonbrd,LATAM,Senior AI Security Engineer,Otro,False,False,fuera_de_alcance,Dillo.Tech,Remote,Senior,Senior,Full time,remote_local,Cybersecurity,https://www.getonbrd.com/jobs/ai-security-engineer-appliedsystems-com-remote,4000.0,5500.0,mensual,41.0,1788189757,señal_debil,functions,5.0,766,0,0,1,0,False,True,False,False,False,False,False,False,True,True,True,False,False,True,False,False,False,False,True,False,False,False,False,True,False,True,False,False,2026-09-08
getonbrd:mid-level-backend-software-engineer-for-ai-platform-systems-niuro-remote,getonbrd,LATAM,AI Back-end Engineer,Otro,True,False,categoria,Niuro,Remote,Semi Senior,Semi Senior,Full time,remote_local,Machine Learning & AI,https://www.getonbrd.com/jobs/mid-level-backend-software-engineer-for-ai-platform-systems-niuro-remote,2500.0,3000.0,mensual,47.0,1788463240,ingenieria,functions,4.0,695,0,0,2,0,False,True,False,False,False,False,False,False,False,False,False,False,True,False,False,False,False,False,True,False,False,False,False,True,False,False,False,False,2026-09-08
getonbrd:senior-full-stack-python-ai-llm-engineer-improving-remote,getonbrd,LATAM,Senior Python / AI /LLM in Production Engineer,Otro,True,False,categoria,Improving,Remote,Senior,Senior,Full time,remote_local,Machine Learning & AI,https://www.getonbrd.com/jobs/senior-full-stack-python-ai-llm-engineer-improving-remote,,,mensual,92.0,1788286860,mixto,functions,7.0,1468,0,0,2,1,False,True,False,False,False,False,False,False,False,False,False,False,False,True,False,False,False,False,False,False,False,False,False,True,False,True,True,True,2026-09-08
getonbrd:project-manager-semi-senior-higher-bit-solutions-santiago,getonbrd,LATAM,Project Manager Semi Senior,Otro,False,False,fuera_de_alcance,Higher Bit Solutions,Chile,Senior,Senior,Full time,hybrid,"Product, Innovation & Agile",https://www.getonbrd.com/jobs/project-manager-semi-senior-higher-bit-solutions-santiago,1800.0,2500.0,mensual,58.0,1787593020,señal_debil,functions,2.0,447,0,1,0,0,False,False,False,False,False,False,False,False,False,False,False,False,False,False,False,False,False,False,False,False,False,False,False,False,False,True,False,False,2026-09-08
getonbrd:especialista-en-adopcion-de-ia-lima-bc-tecnologia-lima,getonbrd,LATAM,Especialista en Adopción de IA (Lima),Otro,True,False,categoria,BC Tecnología,Peru,Semi Senior,Semi Senior,Full time,hybrid,Machine Learning & AI,https://www.getonbrd.com/jobs/especialista-en-adopcion-de-ia-lima-bc-tecnologia-lima,,,mensual,52.0,1787346971,señal_debil,functions,4.0,842,0,0,1,0,False,False,False,False,False,False,False,False,False,False,False,False,False,False,False,False,False,False,False,False,False,False,False,True,False,False,False,False,2026-09-08
getonbrd:backend-ai-engineer-python-llm-orchestration-improving-remote,getonbrd,LATAM,Back-end AI Engineer Python / LLM Orchestration,ML / AI Engineer,True,True,categoria+titulo,Improving,Remote,Senior,Senior,Full time,remote_local,Machine Learning & AI,https://www.getonbrd.com/jobs/backend-ai-engineer-python-llm-orchestration-improving-remote,,,mensual,49.0,1787189253,ingenieria,functions,,669,0,0,2,0,True,True,False,False,False,False,False,False,False,False,False,False,True,True,False,False,False,False,False,False,False,False,False,True,False,True,True,True,2026-09-08
getonbrd:software-engineer-neuralworks-santiago-642c,getonbrd,LATAM,Software Engineer JavaScript,Otro,False,False,fuera_de_alcance,NeuralWorks,Chile,Semi Senior,Semi Senior,Full time,hybrid,Programming,https://www.getonbrd.com/jobs/software-engineer-neuralworks-santiago-642c,,,mensual,111.0,1787157406,señal_debil,functions,3.0,1479,0,1,0,0,False,True,False,False,False,False,False,False,False,False,False,False,False,False,False,False,False,False,False,False,False,False,False,False,False,False,False,True,2026-09-08
getonbrd:software-engineer-golang-neuralworks-santiago,getonbrd,LATAM,Software Engineer Golang,Otro,False,False,fuera_de_alcance,NeuralWorks,Chile,Semi Senior,Semi Senior,Full time,hybrid,Programming,https://www.getonbrd.com/jobs/software-engineer-golang-neuralworks-santiago,,,mensual,33.0,1787082055,señal_debil,functions,3.0,1479,0,1,0,0,False,True,False,False,False,False,False,False,False,False,False,False,False,False,False,False,False,False,False,False,False,False,False,False,False,False,False,True,2026-09-08
getonbrd:tech-lead-neuralworks-santiago-dc0f,getonbrd,LATAM,Tech Lead AI Cloud,Otro,False,False,fuera_de_alcance,NeuralWorks,Chile,Senior,Senior,Full time,hybrid,Programming,https://www.getonbrd.com/jobs/tech-lead-neuralworks-santiago-dc0f,,,mensual,38.0,1787009933,mixto,functions,4.0,1231,2,0,0,1,False,False,False,False,False,False,False,False,False,False,False,False,True,False,True,False,False,False,True,False,False,False,False,False,False,False,False,True,2026-09-08
getonbrd:python-engineer-ai-ml-improving-remote,getonbrd,LATAM,Python Engineer – AI/ML,Otro,False,False,fuera_de_alcance,Improving,Remote,Senior,Senior,Full time,remote_local,Programming,https://www.getonbrd.com/jobs/python-engineer-ai-ml-improving-remote,,,mensual,88.0,1786571731,señal_debil,functions,7.0,787,1,0,0,0,False,True,False,False,False,False,False,False,False,False,False,False,False,False,False,False,False,False,False,False,False,False,False,False,False,True,False,True,2026-09-08
getonbrd:ai-implementation-engineer-agendapro-santiago-ee34,getonbrd,LATAM,AI Implementation Engineer,Otro,True,False,categoria,AgendaPro,Chile,Junior,Junior,Full time,no_remote,Machine Learning & AI,https://www.getonbrd.com/jobs/ai-implementation-engineer-agendapro-santiago-ee34,,,mensual,135.0,1786472805,señal_debil,functions,,1338,0,1,0,0,False,False,False,False,False,False,False,False,False,False,False,False,False,False,False,False,False,False,False,False,False,False,False,False,False,False,False,False,2026-09-08
getonbrd:ai-native-marketing-content-lead-omnix-ai-corp-remote,getonbrd,LATAM,AI Native Marketing & Content Lead,Otro,True,False,categoria,OMNIX AI Corp,Remote,Experto / Director,Expert,Freelance,fully_remote,Machine Learning & AI,https://www.getonbrd.com/jobs/ai-native-marketing-content-lead-omnix-ai-corp-remote,,,mensual,39.0,1786216481,señal_debil,functions,,923,0,0,0,1,False,False,False,False,False,False,False,False,False,False,False,False,False,False,False,False,False,False,False,False,False,False,False,False,False,True,False,False,2026-09-08
getonbrd:senior-ai-research-engineer-improving-remote,getonbrd,LATAM,Senior AI Research Engineer,Otro,True,False,categoria,Improving,Remote,Senior,Senior,Full time,remote_local,Machine Learning & AI,https://www.getonbrd.com/jobs/senior-ai-research-engineer-improving-remote,,,mensual,56.0,1786111408,mixto,functions,2.0,1075,1,0,1,0,False,True,False,False,False,False,False,False,False,False,False,False,True,False,False,False,False,False,False,False,False,True,False,True,False,True,False,True,2026-09-08
getonbrd:ai-solutions-expert-healthatom-remote,getonbrd,LATAM,AI Product Specialist,Otro,True,False,categoria,Healthatom,Chile,Semi Senior,Semi Senior,Full time,hybrid,Machine Learning & AI,https://www.getonbrd.com/jobs/ai-solutions-expert-healthatom-remote,,,mensual,105.0,1786039867,sin_señal,functions,3.0,1013,0,0,0,0,True,False,False,False,False,False,False,False,False,False,False,False,False,False,False,False,False,False,False,False,False,False,False,False,False,True,False,False,2026-09-08
getonbrd:arquitecto-a-senior-de-software-agilesoft-spa-santo-domingo-santo-domingo,getonbrd,LATAM,Arquitecto(a) Senior de Software,Otro,False,False,fuera_de_alcance,Agilesoft SpA,Dominican Republic,Senior,Senior,Full time,hybrid,Programming,https://www.getonbrd.com/jobs/arquitecto-a-senior-de-software-agilesoft-spa-santo-domingo-santo-domingo,2500.0,3900.0,mensual,23.0,1785949103,señal_debil,functions,7.0,708,1,0,0,0,False,False,False,False,False,False,False,False,False,False,False,False,False,True,False,False,False,False,True,False,False,False,False,True,False,False,False,False,2026-09-08
getonbrd:ai-sales-specialist-agendapro-santiago,getonbrd,LATAM,AI Sales Specialist,Otro,True,False,categoria,AgendaPro,Chile,Junior,Junior,Full time,no_remote,Machine Learning & AI,https://www.getonbrd.com/jobs/ai-sales-specialist-agendapro-santiago,,,mensual,33.0,1785210840,señal_debil,functions,2.0,1280,0,1,0,0,False,False,False,False,False,False,False,False,False,False,False,False,False,False,False,False,False,False,False,False,False,False,False,False,False,True,False,False,2026-09-08
getonbrd:ia-engineer-rag-generative-ai-improving-south-america-remote,getonbrd,LATAM,IA Engineer RAG & Generative AI,Otro,True,False,categoria,Improving,Remote,Senior,Senior,Full time,remote_local,Machine Learning & AI,https://www.getonbrd.com/jobs/ia-engineer-rag-generative-ai-improving-south-america-remote,,,mensual,81.0,1784585594,sin_señal,functions,5.0,1088,0,0,0,0,False,True,False,False,False,False,False,False,False,False,False,False,False,False,False,False,False,False,False,False,False,False,False,True,True,True,False,True,2026-09-08
getonbrd:ai-engineer-improving-south-america-remote-9e0f,getonbrd,LATAM,AI Engineer,ML / AI Engineer,True,True,categoria+titulo,Improving,Remote,Senior,Senior,Full time,remote_local,Machine Learning & AI,https://www.getonbrd.com/jobs/ai-engineer-improving-south-america-remote-9e0f,,,mensual,43.0,1784303257,ingenieria,functions,2.0,888,0,0,2,0,False,True,False,False,False,False,False,False,False,False,False,False,True,False,False,False,False,False,True,False,False,False,False,True,False,True,False,True,2026-09-08
getonbrd:machine-learning-engineer-grafton-latam-santiago,getonbrd,LATAM,Machine Learning Engineer,ML / AI Engineer,True,True,categoria+titulo,Grafton Latam,Chile,Semi Senior,Semi Senior,Full time,hybrid,Machine Learning & AI,https://www.getonbrd.com/jobs/machine-learning-engineer-grafton-latam-santiago,4000.0,4400.0,mensual,66.0,1784039759,ciencia_datos,functions,3.0,1464,4,0,2,0,False,True,False,True,True,False,False,False,False,False,False,False,False,False,False,False,False,False,False,False,False,True,True,True,True,True,False,True,2026-09-08
getonbrd:machine-learning-engineer-improving-south-america-remote-b93b,getonbrd,LATAM,Machine Learning Engineer,ML / AI Engineer,True,True,categoria+titulo,Improving,Remote,Senior,Senior,Full time,remote_local,Machine Learning & AI,https://www.getonbrd.com/jobs/machine-learning-engineer-improving-south-america-remote-b93b,,,mensual,72.0,1783702792,ciencia_datos,functions,3.0,1289,6,2,0,0,True,False,False,False,False,False,False,False,False,True,True,True,True,True,True,False,True,False,True,True,False,True,True,False,True,True,True,True,2026-09-08
getonbrd:ai-implementation-engineer-agendapro-santiago,getonbrd,LATAM,AI Product Engineer,Otro,True,False,categoria,AgendaPro,Chile,Junior,Junior,Full time,no_remote,Machine Learning & AI,https://www.getonbrd.com/jobs/ai-implementation-engineer-agendapro-santiago,,,mensual,217.0,1783619179,sin_señal,functions,,920,0,0,0,0,False,False,False,False,False,False,False,False,False,False,False,False,False,False,False,False,False,False,False,False,False,False,False,False,False,False,False,False,2026-09-08
getonbrd:ai-engineer-senior-ia-generativa-bc-tecnologia-santiago,getonbrd,LATAM,AI Engineer IA Generativa,ML / AI Engineer,True,True,categoria+titulo,BC Tecnología,Chile,Semi Senior,Semi Senior,Full time,hybrid,Machine Learning & AI,https://www.getonbrd.com/jobs/ai-engineer-senior-ia-generativa-bc-tecnologia-santiago,,,mensual,96.0,1783379752,señal_debil,functions,2.0,1074,0,0,1,0,False,True,False,False,False,False,False,False,False,False,False,False,True,True,False,False,False,False,True,False,False,False,False,True,True,False,False,False,2026-09-08
getonbrd:subgerente-de-inteligencia-artificial-bc-tecnologia-remote,getonbrd,LATAM,Subgerente de Inteligencia Artificial,Otro,True,False,categoria,BC Tecnología,Remote,Experto / Director,Expert,Full time,fully_remote,Machine Learning & AI,https://www.getonbrd.com/jobs/subgerente-de-inteligencia-artificial-bc-tecnologia-remote,,,mensual,220.0,1783114454,mixto,functions,6.0,809,1,0,0,1,False,True,False,False,False,False,False,False,True,True,True,False,True,True,True,False,False,False,False,False,False,False,True,True,True,True,True,True,2026-09-08
getonbrd:software-engineer-niuro-remote,getonbrd,LATAM,"Back-end Engineer (Python, AWS, AI Agents)",Otro,True,False,categoria,Niuro,Remote,Semi Senior,Semi Senior,Full time,remote_local,Machine Learning & AI,https://www.getonbrd.com/jobs/software-engineer-niuro-remote,2500.0,3000.0,mensual,234.0,1782842264,sin_señal,functions,,398,0,0,0,0,False,True,False,False,False,False,False,False,False,False,False,False,True,False,False,False,False,False,False,False,False,False,False,False,False,False,False,True,2026-09-08
getonbrd:technical-services-consultant-eva-equity-partner-remote,getonbrd,LATAM,Technical Services Consultant,Otro,True,False,categoria,Eva Equity Partner,Remote,Senior,Senior,Full time,fully_remote,Machine Learning & AI,https://www.getonbrd.com/jobs/technical-services-consultant-eva-equity-partner-remote,3000.0,3500.0,mensual,81.0,1780463006,mixto,functions,,1231,0,1,1,0,True,False,True,False,False,False,False,False,False,False,False,False,False,True,False,False,False,False,False,False,False,False,False,False,False,True,True,True,2026-09-08
getonbrd:applied-ai-engineer-agentic-systems-rozeta-labs-remote,getonbrd,LATAM,Applied AI Engineer — Agentic Systems,ML / AI Engineer,True,True,categoria+titulo,Rozeta Labs,Remote,Senior,Senior,Full time,fully_remote,Machine Learning & AI,https://www.getonbrd.com/jobs/applied-ai-engineer-agentic-systems-rozeta-labs-remote,4000.0,5000.0,mensual,463.0,1780321860,ingenieria,functions,,2001,0,0,2,0,False,True,False,False,False,False,False,False,False,False,False,False,True,True,True,False,False,False,False,False,False,False,False,True,False,False,False,False,2026-09-08
getonbrd:ai-adoption-platform-specialist-bc-tecnologia-santiago,getonbrd,LATAM,AI Adoption & Platform Specialist,Otro,True,False,categoria,BC Tecnología,Chile,Semi Senior,Semi Senior,Full time,hybrid,Machine Learning & AI,https://www.getonbrd.com/jobs/ai-adoption-platform-specialist-bc-tecnologia-santiago,2500.0,2800.0,mensual,78.0,1776901517,analitica,functions,3.0,446,0,2,0,0,False,False,True,False,False,False,False,False,False,False,False,False,False,False,False,False,False,False,False,False,False,False,False,False,False,True,False,False,2026-09-08
getonbrd:ingeniero-junior-en-inteligencia-artificial-bice-vida-santiago,getonbrd,LATAM,Ingeniero Junior en Inteligencia Artificial,ML / AI Engineer,True,True,categoria+titulo,BICE VIDA,Chile,Junior,Junior,Full time,hybrid,Machine Learning & AI,https://www.getonbrd.com/jobs/ingeniero-junior-en-inteligencia-artificial-bice-vida-santiago,,,mensual,869.0,1776797126,señal_debil,functions,,952,0,1,0,0,False,True,False,False,False,False,False,False,True,False,True,False,True,False,False,False,False,False,False,False,False,False,False,False,False,False,False,False,2026-09-08
getonbrd:product-manager-senior-bc-tecnologia-santiago,getonbrd,LATAM,Product Manager Senior,Otro,False,False,fuera_de_alcance,BC Tecnología,Chile,Senior,Senior,Full time,hybrid,"Product, Innovation & Agile",https://www.getonbrd.com/jobs/product-manager-senior-bc-tecnologia-santiago,1700.0,2000.0,mensual,85.0,1774527909,analitica,functions,4.0,689,0,3,0,0,False,False,False,False,False,False,False,False,False,False,False,False,False,False,False,False,False,False,False,False,False,False,False,False,False,True,True,True,2026-09-08
getonbrd:full-stack-engineer-for-poc-b2b-spare-parts-marketplace-niuro-remote,getonbrd,LATAM,Full-Stack Engineer,Otro,False,False,fuera_de_alcance,Niuro,Remote,Semi Senior,Semi Senior,Full time,fully_remote,Programming,https://www.getonbrd.com/jobs/full-stack-engineer-for-poc-b2b-spare-parts-marketplace-niuro-remote,1800.0,2000.0,mensual,436.0,1773853330,señal_debil,functions,3.0,1256,0,0,1,0,False,False,False,False,False,False,False,False,False,False,False,False,False,False,False,False,False,False,False,False,False,False,False,False,False,True,True,True,2026-09-08
getonbrd:senior-ai-engineer-niuro-remote-3595,getonbrd,LATAM,Senior AI Engineer,ML / AI Engineer,True,True,categoria+titulo,Niuro,Remote,Senior,Senior,Full time,remote_local,Machine Learning & AI,https://www.getonbrd.com/jobs/senior-ai-engineer-niuro-remote-3595,3000.0,3500.0,mensual,64.0,1773317965,ingenieria,functions,,817,0,0,2,0,False,True,False,False,False,False,False,False,False,False,False,False,True,False,False,False,False,False,True,False,False,False,False,True,False,True,True,True,2026-09-08
getonbrd:product-engineer-wherex-santiago,getonbrd,LATAM,Product Engineer,Otro,False,False,fuera_de_alcance,Wherex,Chile,Semi Senior,Semi Senior,Full time,hybrid,Programming,https://www.getonbrd.com/jobs/product-engineer-wherex-santiago,,,mensual,80.0,1772026529,mixto,functions,,1544,1,1,0,0,False,False,False,False,False,False,False,False,False,False,False,False,False,False,False,False,False,False,False,False,False,False,False,False,False,False,False,True,2026-09-08
getonbrd:field-validation-engineer-jooycar-remote,getonbrd,LATAM,Field Validation Engineer,Otro,False,False,fuera_de_alcance,Jooycar,Remote,Junior,Junior,Full time,remote_local,SysAdmin / DevOps / QA,https://www.getonbrd.com/jobs/field-validation-engineer-jooycar-remote,1000.0,1200.0,mensual,14.0,1788809326,analitica,functions,,1134,0,3,0,0,False,False,False,False,False,False,False,False,False,False,False,False,False,False,False,False,False,False,False,False,False,False,False,False,False,False,False,False,2026-09-08
getonbrd:product-owner-canales-digitales-bice-vida-santiago-b935,getonbrd,LATAM,Product Owner – Canales Digitales,Otro,False,False,fuera_de_alcance,BICE VIDA,Chile,Semi Senior,Semi Senior,Full time,hybrid,"Product, Innovation & Agile",https://www.getonbrd.com/jobs/product-owner-canales-digitales-bice-vida-santiago-b935,,,mensual,108.0,1788556594,analitica,functions,,1897,0,2,0,0,True,False,False,True,True,False,False,False,False,False,False,False,False,False,False,False,False,False,False,False,False,False,False,False,False,True,True,True,2026-09-08
getonbrd:product-manager-chile-cumplo-santiago,getonbrd,LATAM,Product Manager – Chile,Otro,False,False,fuera_de_alcance,Cumplo,Chile,Semi Senior,Semi Senior,Full time,no_remote,"Product, Innovation & Agile",https://www.getonbrd.com/jobs/product-manager-chile-cumplo-santiago,,,mensual,163.0,1788554906,analitica,functions,2.0,1098,0,2,0,0,True,False,False,False,False,False,False,False,False,False,False,False,False,False,False,False,False,False,False,False,False,False,False,False,False,True,True,True,2026-09-08
getonbrd:jefe-experiencia-clientes-bice-vida-santiago,getonbrd,LATAM,Jefe Experiencia Clientes,Otro,False,False,fuera_de_alcance,BICE VIDA,Chile,Senior,Senior,Full time,hybrid,Customer Support,https://www.getonbrd.com/jobs/jefe-experiencia-clientes-bice-vida-santiago,,,mensual,203.0,1788467700,señal_debil,functions,5.0,1506,0,1,0,0,False,False,False,False,False,False,False,False,False,False,False,False,False,False,False,False,False,False,False,False,False,False,False,False,False,False,False,False,2026-09-08
getonbrd:consultor-sap-mm-lisit-santiago-6165,getonbrd,LATAM,Consultor SAP MM,Otro,False,False,fuera_de_alcance,Lisit,Chile,Semi Senior,Semi Senior,Full time,hybrid,Programming,https://www.getonbrd.com/jobs/consultor-sap-mm-lisit-santiago-6165,1500.0,2000.0,mensual,9.0,1788449325,señal_debil,functions,,1185,0,0,0,1,False,False,False,False,False,False,False,False,False,False,False,False,False,False,False,False,False,False,False,False,False,False,False,False,False,True,True,True,2026-09-08
getonbrd:performance-marketer-creative-strategist-mc-compound-digitial-remote,getonbrd,LATAM,Performance Marketer & Creative Strategist,Otro,False,False,fuera_de_alcance,MC Compound Digitial,Remote,Semi Senior,Semi Senior,Full time,remote_local,Digital Marketing,https://www.getonbrd.com/jobs/performance-marketer-creative-strategist-mc-compound-digitial-remote,1000.0,1000.0,mensual,26.0,1788432194,señal_debil,functions,3.0,1560,0,1,0,0,False,False,False,False,False,False,False,False,False,False,False,False,False,False,False,False,False,False,False,False,False,False,False,False,False,False,False,False,2026-09-08
getonbrd:paid-media-manager-lineout-media-remote-7477,getonbrd,LATAM,Paid Media Manager,Otro,False,False,fuera_de_alcance,Lineout Media,Remote,Senior,Senior,Freelance,fully_remote,Digital Marketing,https://www.getonbrd.com/jobs/paid-media-manager-lineout-media-remote-7477,,,mensual,87.0,1788358917,sin_señal,functions,5.0,666,0,0,0,0,False,False,False,False,False,False,False,False,False,False,False,False,False,False,False,False,False,False,False,False,False,False,False,False,False,True,False,False,2026-09-08
getonbrd:analista-control-de-gestion-bnp-paribas-cardif-santiago,getonbrd,LATAM,Analista Control de Gestión,Otro,False,False,fuera_de_alcance,BNP Paribas Cardif,Chile,Junior,Junior,Full time,hybrid,Operations / Admin,https://www.getonbrd.com/jobs/analista-control-de-gestion-bnp-paribas-cardif-santiago,,,mensual,217.0,1788355412,mixto,functions,1.0,1073,0,2,0,1,False,False,True,True,False,False,False,False,False,False,False,False,False,False,False,False,False,False,False,False,False,False,False,False,False,False,False,True,2026-09-08
getonbrd:ingeniero-a-de-proyecto-implementacion-ziyu-santiago,getonbrd,LATAM,Ingeniero/a de Proyecto — Implementación,Otro,False,False,fuera_de_alcance,ZiYU,Chile,Junior,Junior,Full time,no_remote,Programming,https://www.getonbrd.com/jobs/ingeniero-a-de-proyecto-implementacion-ziyu-santiago,1100.0,1600.0,mensual,119.0,1788311330,analitica,functions,,1177,0,3,0,0,True,False,False,True,False,False,False,False,False,False,False,False,False,False,False,False,False,False,False,False,False,False,False,False,False,True,False,True,2026-09-08
getonbrd:agente-de-customer-success-mx-comunidadfeliz-remote-1416,getonbrd,LATAM,Agente de Customer Success Mx,Otro,False,False,fuera_de_alcance,ComunidadFeliz,Remote,Semi Senior,Semi Senior,Full time,remote_local,Customer Support,https://www.getonbrd.com/jobs/agente-de-customer-success-mx-comunidadfeliz-remote-1416,,,mensual,185.0,1788287650,señal_debil,functions,2.0,879,0,1,0,0,True,False,False,False,False,False,False,False,False,False,False,False,False,False,False,False,False,False,False,False,False,False,False,False,False,True,False,False,2026-09-08
getonbrd:account-manager-de-medios-codeable-lima-dd1d,getonbrd,LATAM,Account Manager de Medios,Otro,False,False,fuera_de_alcance,Codeable,Peru,Semi Senior,Semi Senior,Full time,hybrid,"Content, Advertising & Media",https://www.getonbrd.com/jobs/account-manager-de-medios-codeable-lima-dd1d,,,mensual,6.0,1788189875,analitica,functions,2.0,1412,0,4,0,1,False,False,True,False,False,False,False,False,False,False,False,False,False,False,False,False,False,False,False,False,False,False,False,False,False,True,False,True,2026-09-08
getonbrd:ingeniero-a-de-procesos-agrosuper-rancagua,getonbrd,LATAM,Ingeniero/a de Procesos,Otro,False,False,fuera_de_alcance,Agrosuper,Chile,Semi Senior,Semi Senior,Full time,hybrid,Operations / Admin,https://www.getonbrd.com/jobs/ingeniero-a-de-procesos-agrosuper-rancagua,,,mensual,85.0,1787929609,señal_debil,functions,,871,0,1,0,0,False,False,True,False,False,False,False,False,False,False,False,False,False,False,False,False,False,False,False,False,False,False,False,False,False,True,False,True,2026-09-08
getonbrd:product-manager-insurtech-healthatom-santiago,getonbrd,LATAM,Product Manager Insurtech,Otro,False,False,fuera_de_alcance,Healthatom,Chile,Semi Senior,Semi Senior,Full time,hybrid,"Product, Innovation & Agile",https://www.getonbrd.com/jobs/product-manager-insurtech-healthatom-santiago,,,mensual,212.0,1788813420,sin_señal,functions,2.0,610,0,0,0,0,False,False,False,False,False,False,False,False,False,False,False,False,False,False,False,False,False,False,False,False,False,False,False,False,False,False,False,True,2026-09-08
getonbrd:ingeniero-de-operaciones-carvuk-santiago,getonbrd,LATAM,Ingeniero de Operaciones,Otro,False,False,fuera_de_alcance,Carvuk,Chile,Junior,Junior,Full time,no_remote,Operations / Admin,https://www.getonbrd.com/jobs/ingeniero-de-operaciones-carvuk-santiago,1500.0,2300.0,mensual,11.0,1788813106,señal_debil,functions,4.0,672,0,0,0,1,True,False,True,False,False,False,False,False,False,False,False,False,False,False,False,False,False,False,False,False,False,False,False,False,False,False,False,False,2026-09-08
getonbrd:ingeniero-a-de-procesos-witi-santiago-fc30,getonbrd,LATAM,Ingeniero/a de Procesos,Otro,False,False,fuera_de_alcance,WiTi,Chile,Semi Senior,Semi Senior,Full time,hybrid,Operations / Admin,https://www.getonbrd.com/jobs/ingeniero-a-de-procesos-witi-santiago-fc30,,,mensual,33.0,1788384341,mixto,functions,3.0,954,0,2,1,0,False,False,False,False,False,False,False,False,False,False,False,False,False,False,False,False,False,False,False,False,False,False,False,False,False,True,True,True,2026-09-08
getonbrd:coordinador-a-de-compras-parma-grupo-de-inversion-sas-bogota,getonbrd,LATAM,Coordinador/a de Compras,Otro,False,False,fuera_de_alcance,PARMA GRUPO DE INVERSION SAS,Colombia,Semi Senior,Semi Senior,Full time,no_remote,Operations / Admin,https://www.getonbrd.com/jobs/coordinador-a-de-compras-parma-grupo-de-inversion-sas-bogota,500.0,650.0,mensual,1.0,1788370780,analitica,functions,,1225,0,3,0,1,False,False,False,False,False,False,False,False,False,False,False,False,False,False,False,False,False,False,False,False,False,False,False,False,False,True,True,False,2026-09-08
getonbrd:middle-net-developer-improving-south-america-ciudad-de-mexico-guadalajara-monterrey-aguascalientes-queretaro,getonbrd,LATAM,Full-Stack .NET Developer,Otro,False,False,fuera_de_alcance,Improving,Remote,Senior,Senior,Full time,remote_local,Programming,https://www.getonbrd.com/jobs/middle-net-developer-improving-south-america-ciudad-de-mexico-guadalajara-monterrey-aguascalientes-queretaro,,,mensual,53.0,1788366511,analitica,functions,5.0,1301,0,6,1,0,True,False,False,True,False,False,False,False,False,False,False,False,False,True,False,False,False,False,False,False,False,False,False,False,False,True,True,True,2026-09-08
getonbrd:technical-account-manager-factor-it-bogota-medellin,getonbrd,LATAM,Technical Account Manager Senior,Otro,False,False,fuera_de_alcance,Factor IT,Colombia,Senior,Senior,Full time,hybrid,Sales,https://www.getonbrd.com/jobs/technical-account-manager-factor-it-bogota-medellin,,,mensual,89.0,1788299430,señal_debil,functions,5.0,607,0,0,1,0,False,False,False,False,False,False,False,False,False,False,False,True,True,False,False,True,False,False,False,False,False,False,False,True,False,False,False,False,2026-09-08
getonbrd:senior-jira-atlassian-engineer-niuro-remote-510f,getonbrd,LATAM,Senior JIRA/atlassian Engineer,Otro,False,False,fuera_de_alcance,Niuro,Remote,Senior,Senior,Full time,remote_local,SysAdmin / DevOps / QA,https://www.getonbrd.com/jobs/senior-jira-atlassian-engineer-niuro-remote-510f,4000.0,5000.0,mensual,9.0,1788217464,mixto,functions,5.0,741,0,2,1,0,False,False,False,False,False,False,False,False,False,False,False,False,False,False,False,False,False,False,False,False,False,False,False,False,False,False,True,False,2026-09-08
getonbrd:campaign-manager-leytonmedia-santiago,getonbrd,LATAM,Campaign Manager,Otro,False,False,fuera_de_alcance,LeytonMedia,Chile,Semi Senior,Semi Senior,Full time,hybrid,Operations / Admin,https://www.getonbrd.com/jobs/campaign-manager-leytonmedia-santiago,,,mensual,31.0,1788209991,analitica,functions,3.0,1101,0,6,1,1,False,False,False,False,False,True,False,False,False,False,False,False,False,False,True,False,False,False,False,False,False,False,False,False,False,False,True,False,2026-09-08
getonbrd:senior-process-analyst-flow-engineering-integratz-vina-del-mar,getonbrd,LATAM,Senior Process Analyst (Flow Engineering),Otro,False,False,fuera_de_alcance,INTEGRATZ,Chile,Senior,Senior,Full time,hybrid,Operations / Admin,https://www.getonbrd.com/jobs/senior-process-analyst-flow-engineering-integratz-vina-del-mar,,,mensual,10.0,1788189844,mixto,functions,7.0,1385,0,1,1,0,False,False,True,True,False,False,False,False,False,False,False,False,False,False,False,False,False,False,False,False,False,False,False,False,False,True,True,True,2026-09-08
getonbrd:head-of-learning-portfolio-colectivo23-lima,getonbrd,LATAM,Head of Learning & Portfolio,Otro,False,False,fuera_de_alcance,Colectivo23,Peru,Experto / Director,Expert,Full time,hybrid,Operations / Admin,https://www.getonbrd.com/jobs/head-of-learning-portfolio-colectivo23-lima,,,mensual,109.0,1787797647,señal_debil,functions,5.0,693,0,1,0,0,False,False,False,False,False,False,False,False,False,False,False,False,False,False,False,False,False,False,False,False,False,False,False,False,False,True,False,True,2026-09-08
getonbrd:business-analyst-witi-santiago-58fb,getonbrd,LATAM,Business Analyst,Business Analyst,True,True,titulo,WiTi,Chile,Semi Senior,Semi Senior,Full time,hybrid,"Product, Innovation & Agile",https://www.getonbrd.com/jobs/business-analyst-witi-santiago-58fb,,,mensual,65.0,1787761164,analitica,functions,2.0,971,0,4,0,0,False,False,False,True,False,True,False,False,False,False,False,False,False,True,False,False,False,False,False,False,False,False,False,False,False,False,True,False,2026-09-08
getonbrd:head-of-seo-medical-accounts-tier3-media-remote,getonbrd,LATAM,Head of SEO — Medical Accounts,Otro,False,False,fuera_de_alcance,Tier3 Media,Remote,Senior,Senior,Full time,remote_local,Digital Marketing,https://www.getonbrd.com/jobs/head-of-seo-medical-accounts-tier3-media-remote,3500.0,4500.0,mensual,31.0,1787617362,sin_señal,functions,,864,0,0,0,0,False,False,False,False,False,False,False,False,False,False,False,False,False,False,False,False,False,False,False,False,False,False,False,False,False,True,False,False,2026-09-08
getonbrd:senior-qa-engineer-ai-platform-systems-niuro-remote,getonbrd,LATAM,Senior QA Engineer (AI Platform Systems),Otro,False,False,fuera_de_alcance,Niuro,Remote,Senior,Senior,Full time,remote_local,SysAdmin / DevOps / QA,https://www.getonbrd.com/jobs/senior-qa-engineer-ai-platform-systems-niuro-remote,2500.0,3000.0,mensual,47.0,1787603747,señal_debil,functions,4.0,681,0,0,1,0,True,True,False,False,False,False,False,False,False,False,False,False,False,False,False,False,False,False,False,False,False,False,False,True,False,False,False,True,2026-09-08
getonbrd:analista-desarrollador-cobol-bc-tecnologia-remote,getonbrd,LATAM,Analista/Desarrollador COBOL,Otro,False,False,fuera_de_alcance,BC Tecnología,Remote,Senior,Senior,Full time,remote_local,Programming,https://www.getonbrd.com/jobs/analista-desarrollador-cobol-bc-tecnologia-remote,,,mensual,80.0,1787264943,gobierno_datos,functions,2.0,934,0,0,0,2,False,False,False,False,False,False,False,False,False,False,False,False,False,False,False,False,False,False,False,True,False,False,False,False,False,True,False,True,2026-09-08
getonbrd:operations-manager-colectivo23-lima,getonbrd,LATAM,Operations Manager: Sector Educación & Innovación,Otro,False,False,fuera_de_alcance,Colectivo23,Peru,Senior,Senior,Full time,hybrid,"Product, Innovation & Agile",https://www.getonbrd.com/jobs/operations-manager-colectivo23-lima,,,mensual,147.0,1787257703,señal_debil,functions,,932,0,1,0,0,False,False,True,False,False,False,False,False,False,False,False,False,False,False,False,False,False,False,False,False,False,False,False,False,False,False,True,False,2026-09-08
getonbrd:funcional-analyst-e-commerce-ingles-smith-remote,getonbrd,LATAM,Funcional Analyst E-commerce (Inglés),Otro,False,False,fuera_de_alcance,Smith,Remote,Senior,Senior,Full time,remote_local,"Product, Innovation & Agile",https://www.getonbrd.com/jobs/funcional-analyst-e-commerce-ingles-smith-remote,,,mensual,72.0,1787256703,señal_debil,functions,,876,0,0,1,0,False,False,False,False,False,False,False,False,False,False,False,False,False,False,False,False,False,False,False,False,False,False,False,False,False,False,False,True,2026-09-08
getonbrd:sales-development-representative-latam-brazil-salduu-remote,getonbrd,LATAM,Sales Development Representative — LATAM & Brazil,Otro,False,False,fuera_de_alcance,Salduu,Remote,Semi Senior,Semi Senior,Full time,fully_remote,Sales,https://www.getonbrd.com/jobs/sales-development-representative-latam-brazil-salduu-remote,1000.0,1500.0,mensual,161.0,1787252115,señal_debil,functions,,1893,1,0,0,0,False,False,False,False,False,False,False,False,False,False,False,False,False,False,False,False,False,False,False,False,False,False,False,False,False,True,False,False,2026-09-08
getonbrd:key-account-manager-kam-senior-shipit-remote,getonbrd,LATAM,Key Account Manager (KAM) Senior,Otro,False,False,fuera_de_alcance,Shipit,Remote,Senior,Senior,Full time,fully_remote,Sales,https://www.getonbrd.com/jobs/key-account-manager-kam-senior-shipit-remote,2400.0,3000.0,mensual,315.0,1787153253,analitica,functions,3.0,795,0,2,0,0,False,False,True,False,False,False,False,False,False,False,False,False,False,False,False,False,False,False,False,False,False,False,False,True,False,False,False,False,2026-09-08
getonbrd:full-stack-web-developer-kutoku-ltd-remote,getonbrd,LATAM,Full-Stack Web Developer,Otro,False,False,fuera_de_alcance,Kutoku Ltd.,Remote,Senior,Senior,Full time,fully_remote,Programming,https://www.getonbrd.com/jobs/full-stack-web-developer-kutoku-ltd-remote,3000.0,4000.0,mensual,273.0,1787082534,mixto,functions,,1511,0,3,2,0,False,False,False,False,False,False,False,False,False,False,False,False,False,False,True,False,False,False,False,False,False,False,False,False,False,True,True,True,2026-09-08
getonbrd:lider-operaciones-logisticas-agrosuper-rancagua,getonbrd,LATAM,Líder Operaciones Logísticas,Otro,False,False,fuera_de_alcance,Agrosuper,Chile,Semi Senior,Semi Senior,Full time,hybrid,Operations / Admin,https://www.getonbrd.com/jobs/lider-operaciones-logisticas-agrosuper-rancagua,,,mensual,25.0,1786552509,analitica,functions,3.0,526,0,2,0,0,False,False,True,False,False,False,False,False,False,False,False,False,False,False,False,False,False,False,False,False,False,False,False,False,False,False,False,True,2026-09-08
getonbrd:finance-intern-agendapro-santiago,getonbrd,LATAM,Accounting Internship,Otro,False,False,fuera_de_alcance,AgendaPro,Chile,Junior,Junior,Full time,no_remote,Operations / Admin,https://www.getonbrd.com/jobs/finance-intern-agendapro-santiago,,,mensual,13.0,1786467825,señal_debil,functions,12.0,399,0,1,0,0,False,False,False,False,False,False,False,False,False,False,False,False,False,False,False,False,False,False,False,False,False,False,False,True,False,False,False,True,2026-09-08
getonbrd:senior-devops-engineer-31c-remote,getonbrd,LATAM,Senior Linux & Network Platform Engineer,Otro,False,False,fuera_de_alcance,31C,Remote,Senior,Senior,Full time,fully_remote,SysAdmin / DevOps / QA,https://www.getonbrd.com/jobs/senior-devops-engineer-31c-remote,2500.0,3500.0,mensual,84.0,1786432327,sin_señal,functions,,1475,0,0,0,0,False,False,False,False,False,False,False,False,False,False,False,False,False,False,False,False,False,False,True,False,False,False,False,False,False,False,False,False,2026-09-08
getonbrd:account-manager-enterprise-omnix-ai-corp-barcelona-madrid,getonbrd,LATAM,Account Manager (Enterprise),Otro,False,False,fuera_de_alcance,OMNIX AI Corp,España,Senior,Senior,Full time,hybrid,Sales,https://www.getonbrd.com/jobs/account-manager-enterprise-omnix-ai-corp-barcelona-madrid,,,mensual,15.0,1786365627,mixto,functions,5.0,1554,1,0,1,0,False,False,False,False,False,False,False,False,False,False,False,False,False,False,False,False,False,False,False,False,False,False,False,False,False,True,True,False,2026-09-08
getonbrd:braze-solutions-lead-zaelot-remote,getonbrd,LATAM,Braze Solutions Lead,Otro,False,False,fuera_de_alcance,Zaelot,Remote,Senior,Senior,Full time,fully_remote,Digital Marketing,https://www.getonbrd.com/jobs/braze-solutions-lead-zaelot-remote,4000.0,5500.0,mensual,59.0,1786123732,señal_debil,functions,,1261,1,0,0,0,True,False,False,False,False,False,False,False,False,False,False,False,False,False,False,False,False,False,False,False,False,False,False,False,False,True,True,False,2026-09-08
getonbrd:business-analyst-senior-chile-uruguay-bc-tecnologia-santiago-montevideo,getonbrd,LATAM,Business Analyst Senior ( Chile Uruguay),Business Analyst,True,True,titulo,BC Tecnología,"Chile, Uruguay",Senior,Senior,Full time,hybrid,"Product, Innovation & Agile",https://www.getonbrd.com/jobs/business-analyst-senior-chile-uruguay-bc-tecnologia-santiago-montevideo,,,mensual,77.0,1785872591,analitica,functions,2.0,437,0,6,0,0,True,False,False,True,False,True,False,False,False,False,False,False,False,False,False,False,False,False,False,False,False,False,False,False,False,True,True,True,2026-09-08
getonbrd:analista-operacional-bc-tecnologia-santiago,getonbrd,LATAM,Analista Operacional,Otro,False,False,fuera_de_alcance,BC Tecnología,Chile,Junior,Junior,Full time,no_remote,SysAdmin / DevOps / QA,https://www.getonbrd.com/jobs/analista-operacional-bc-tecnologia-santiago,,,mensual,106.0,1785774942,señal_debil,functions,,647,0,1,0,0,True,False,False,False,False,False,False,False,False,False,False,False,False,False,False,False,False,False,False,False,False,False,False,False,False,False,False,True,2026-09-08
getonbrd:product-marketing-specialist-colectivo23-ciudad-de-mexico-942e,getonbrd,LATAM,Product Marketing Specialist,Otro,False,False,fuera_de_alcance,Colectivo23,Mexico,Semi Senior,Semi Senior,Full time,hybrid,Digital Marketing,https://www.getonbrd.com/jobs/product-marketing-specialist-colectivo23-ciudad-de-mexico-942e,,,mensual,44.0,1785390503,analitica,functions,3.0,697,0,2,0,0,False,False,True,True,False,True,False,False,False,False,False,False,False,False,False,False,False,False,False,False,False,False,False,False,False,False,False,True,2026-09-08
getonbrd:customer-success-geti-santiago-f6ea,getonbrd,LATAM,Customer Success,Otro,False,False,fuera_de_alcance,Geti,Chile,Semi Senior,Semi Senior,Full time,hybrid,Customer Support,https://www.getonbrd.com/jobs/customer-success-geti-santiago-f6ea,1300.0,1600.0,mensual,225.0,1785334699,analitica,functions,2.0,1443,0,4,0,0,False,False,True,False,False,False,False,False,False,False,False,False,False,False,False,False,False,False,False,False,False,False,False,False,False,False,False,False,2026-09-08
getonbrd:head-of-supply-and-partnership-enviame-remote,getonbrd,LATAM,Head of Supply and Partnership,Otro,False,False,fuera_de_alcance,Enviame,Remote,Senior,Senior,Full time,remote_local,Operations / Admin,https://www.getonbrd.com/jobs/head-of-supply-and-partnership-enviame-remote,,,mensual,234.0,1785262963,mixto,functions,4.0,1566,0,2,0,1,False,False,False,False,False,True,False,False,False,False,False,False,False,False,True,False,False,False,False,False,False,False,False,False,False,False,False,False,2026-09-08
getonbrd:technical-account-manager-tam-factor-it-medellin,getonbrd,LATAM,Technical Account Manager (Tam),Otro,False,False,fuera_de_alcance,Factor IT,Colombia,Senior,Senior,Full time,hybrid,Sales,https://www.getonbrd.com/jobs/technical-account-manager-tam-factor-it-medellin,,,mensual,20.0,1784907054,señal_debil,functions,3.0,976,0,0,1,0,False,False,False,False,False,False,False,False,False,False,False,True,True,True,True,True,False,False,False,False,False,False,False,True,False,True,False,True,2026-09-08
getonbrd:amazon-retail-account-manager-vendor-central-seller-cen-elevate33-remote,getonbrd,LATAM,Amazon Retail & Account Manager (Vendor Central + Seller Cen,Otro,False,False,fuera_de_alcance,Elevate33,Remote,Semi Senior,Semi Senior,Full time,fully_remote,Sales,https://www.getonbrd.com/jobs/amazon-retail-account-manager-vendor-central-seller-cen-elevate33-remote,600.0,1000.0,mensual,66.0,1784833688,mixto,functions,,950,1,2,0,0,False,False,False,False,False,False,False,False,False,False,False,False,False,False,False,False,False,False,False,False,False,False,False,False,False,False,False,False,2026-09-08
getonbrd:product-lead-xim-remote,getonbrd,LATAM,Founding Lead,Otro,False,False,fuera_de_alcance,XIM,Remote,Experto / Director,Expert,Full time,fully_remote,"Product, Innovation & Agile",https://www.getonbrd.com/jobs/product-lead-xim-remote,3000.0,4000.0,mensual,70.0,1784720088,analitica,functions,5.0,1379,0,2,0,0,False,False,False,False,False,False,False,False,False,False,False,False,False,False,False,False,False,False,False,False,False,False,False,False,False,True,True,False,2026-09-08
getonbrd:analista-desarrollador-murex-bc-tecnologia-santiago,getonbrd,LATAM,Analista Desarrollador Murex,Otro,False,False,fuera_de_alcance,BC Tecnología,Chile,Senior,Senior,Full time,hybrid,Programming,https://www.getonbrd.com/jobs/analista-desarrollador-murex-bc-tecnologia-santiago,,,mensual,5.0,1784671943,sin_señal,functions,2.0,1233,0,0,0,0,True,False,False,False,False,False,False,False,False,False,False,False,False,False,False,False,False,False,False,False,False,False,False,False,False,True,True,True,2026-09-08
getonbrd:customer-success-manager-rankmi-ciudad-de-mexico-5c62,getonbrd,LATAM,Customer Success Manager,Otro,False,False,fuera_de_alcance,Rankmi,Mexico,Semi Senior,Semi Senior,Full time,hybrid,Customer Support,https://www.getonbrd.com/jobs/customer-success-manager-rankmi-ciudad-de-mexico-5c62,,,mensual,175.0,1784559853,sin_señal,functions,,1058,0,0,0,0,False,False,False,False,False,False,False,False,False,False,False,False,False,False,False,False,False,False,False,False,False,False,False,False,False,True,False,True,2026-09-08
getonbrd:customer-success-senior-enviame-remote,getonbrd,LATAM,Customer Success Senior,Otro,False,False,fuera_de_alcance,Enviame,Remote,Senior,Senior,Full time,remote_local,Customer Support,https://www.getonbrd.com/jobs/customer-success-senior-enviame-remote,,,mensual,89.0,1784320886,mixto,functions,3.0,879,0,2,0,1,False,False,True,True,False,True,False,False,False,False,False,False,False,False,False,False,False,False,False,False,False,False,False,False,False,False,False,True,2026-09-08
getonbrd:analista-de-clientes-marketplace-bc-tecnologia-santiago,getonbrd,LATAM,Analista de Clientes Marketplace,Otro,False,False,fuera_de_alcance,BC Tecnología,Chile,Junior,Junior,Full time,hybrid,Customer Support,https://www.getonbrd.com/jobs/analista-de-clientes-marketplace-bc-tecnologia-santiago,,,mensual,139.0,1784178226,analitica,functions,2.0,1235,0,4,0,1,True,False,True,True,True,True,False,False,False,False,False,False,False,False,False,False,False,False,False,False,False,True,False,False,False,True,False,False,2026-09-08
getonbrd:senior-accountant-niuro-remote,getonbrd,LATAM,Senior Accountant,Otro,False,False,fuera_de_alcance,Niuro,Remote,Senior,Senior,Full time,remote_local,Operations / Admin,https://www.getonbrd.com/jobs/senior-accountant-niuro-remote,2500.0,3000.0,mensual,24.0,1784031101,mixto,functions,5.0,458,1,0,1,0,False,False,True,False,False,False,False,False,False,False,False,False,False,False,False,False,False,False,False,False,False,False,False,False,False,True,False,False,2026-09-08
getonbrd:ingeniero-de-procesos-de-operaciones-michael-page-santiago,getonbrd,LATAM,Ingeniero de Procesos de Operaciones,Otro,False,False,fuera_de_alcance,Michael Page,Chile,Junior,Junior,Full time,no_remote,Operations / Admin,https://www.getonbrd.com/jobs/ingeniero-de-procesos-de-operaciones-michael-page-santiago,1500.0,2000.0,mensual,52.0,1783967717,mixto,functions,5.0,1276,0,2,0,1,False,False,False,False,False,False,False,False,False,False,False,False,False,False,False,False,False,False,False,False,False,False,False,False,False,False,False,False,2026-09-08
getonbrd:paid-media-manager-mission-disrupt-remote-5216,getonbrd,LATAM,Senior Paid Media Manager (Google Ads & Meta),Otro,False,False,fuera_de_alcance,Mission Disrupt,Remote,Senior,Senior,Full time,fully_remote,Digital Marketing,https://www.getonbrd.com/jobs/paid-media-manager-mission-disrupt-remote-5216,2000.0,3000.0,mensual,224.0,1783694897,señal_debil,functions,5.0,1128,0,0,1,0,False,False,True,False,False,True,False,False,False,False,False,False,False,False,False,False,False,False,False,False,False,False,False,False,False,True,True,True,2026-09-08
getonbrd:ai-implementation-engineer-agentes-de-ia-niuro-santiago,getonbrd,LATAM,AI Agent Implementation Specialist,Otro,False,False,fuera_de_alcance,Niuro,Chile,Semi Senior,Semi Senior,Full time,no_remote,Programming,https://www.getonbrd.com/jobs/ai-implementation-engineer-agentes-de-ia-niuro-santiago,2400.0,2800.0,mensual,37.0,1783686058,analitica,functions,,626,0,2,0,0,True,True,False,False,False,False,False,False,False,False,False,False,False,False,False,False,False,False,False,False,False,False,False,False,False,False,False,False,2026-09-08
getonbrd:senior-product-manager-agendapro-santiago-9265,getonbrd,LATAM,Senior Product Manager,Otro,False,False,fuera_de_alcance,AgendaPro,Chile,Senior,Senior,Full time,no_remote,"Product, Innovation & Agile",https://www.getonbrd.com/jobs/senior-product-manager-agendapro-santiago-9265,,,mensual,92.0,1783618543,señal_debil,functions,4.0,700,0,1,0,0,True,False,False,False,False,False,False,False,False,False,False,False,False,False,False,False,False,False,False,True,False,False,False,False,False,True,True,False,2026-09-08
getonbrd:creative-strategist-promarketing-remote,getonbrd,LATAM,Creative Strategist,Otro,False,False,fuera_de_alcance,Promarketing,Remote,Semi Senior,Semi Senior,Full time,fully_remote,"Content, Advertising & Media",https://www.getonbrd.com/jobs/creative-strategist-promarketing-remote,,,mensual,193.0,1783543931,sin_señal,functions,3.0,859,0,0,0,0,False,False,False,False,False,False,False,False,False,False,False,False,False,False,False,False,False,False,False,False,False,False,False,False,False,True,True,True,2026-09-08
getonbrd:marketing-campaign-strategy-manager-promarketing-remote,getonbrd,LATAM,Marketing Campaign & Strategy Manager,Otro,False,False,fuera_de_alcance,Promarketing,Remote,Senior,Senior,Full time,fully_remote,Digital Marketing,https://www.getonbrd.com/jobs/marketing-campaign-strategy-manager-promarketing-remote,,,mensual,159.0,1783543256,analitica,functions,4.0,772,0,2,0,0,False,False,False,False,False,False,False,False,False,False,False,False,False,False,False,False,False,False,False,False,False,False,False,False,False,True,False,True,2026-09-08
getonbrd:customer-succes-associate-wherex-santiago,getonbrd,LATAM,Customer Success Associate,Otro,False,False,fuera_de_alcance,Wherex,Chile,Junior,Junior,Full time,hybrid,Customer Support,https://www.getonbrd.com/jobs/customer-succes-associate-wherex-santiago,,,mensual,239.0,1783529481,analitica,functions,2.0,1477,0,3,0,0,False,False,True,True,False,False,False,False,False,False,False,False,False,False,False,False,False,False,False,False,False,False,False,False,False,True,False,False,2026-09-08
getonbrd:lider-regional-de-operadores-y-tarifas-enviame-remote,getonbrd,LATAM,Líder Regional de Operadores y Tarifas,Otro,False,False,fuera_de_alcance,Enviame,Remote,Senior,Senior,Full time,remote_local,Operations / Admin,https://www.getonbrd.com/jobs/lider-regional-de-operadores-y-tarifas-enviame-remote,,,mensual,255.0,1783475676,mixto,functions,4.0,1546,0,2,0,1,False,False,False,False,False,True,False,False,False,False,False,False,False,False,True,False,False,False,False,False,False,False,False,False,False,False,False,False,2026-09-08
getonbrd:ai-endpoint-engineer-niuro-remote,getonbrd,LATAM,Endpoint Automation Engineer,Otro,False,False,fuera_de_alcance,Niuro,Remote,Senior,Senior,Full time,remote_local,SysAdmin / DevOps / QA,https://www.getonbrd.com/jobs/ai-endpoint-engineer-niuro-remote,3000.0,3500.0,mensual,41.0,1783463746,mixto,functions,3.0,993,0,1,1,0,False,True,False,False,False,False,False,False,False,False,False,False,False,True,False,False,False,False,False,False,False,False,False,False,False,True,True,True,2026-09-08
getonbrd:assistant-media-buyer-creative-technologies-group-llc-remote,getonbrd,LATAM,Assistant Media Buyer,Otro,False,False,fuera_de_alcance,"Creative Technologies Group, LLC",Remote,Semi Senior,Semi Senior,Part time,fully_remote,Digital Marketing,https://www.getonbrd.com/jobs/assistant-media-buyer-creative-technologies-group-llc-remote,,,mensual,198.0,1782234959,señal_debil,functions,,854,0,1,0,0,False,False,False,False,False,False,False,False,False,False,False,False,False,False,False,False,False,False,False,False,False,False,False,False,False,True,False,False,2026-09-08
getonbrd:analista-de-gestion-de-seguros-colectivos-bice-vida-santiago,getonbrd,LATAM,Analista de Gestión de Seguros Colectivos,Otro,False,False,fuera_de_alcance,BICE VIDA,Chile,Semi Senior,Semi Senior,Full time,hybrid,Sales,https://www.getonbrd.com/jobs/analista-de-gestion-de-seguros-colectivos-bice-vida-santiago,,,mensual,305.0,1781905156,analitica,functions,,998,0,6,0,1,True,False,True,True,True,False,False,False,False,False,False,False,False,False,False,False,False,False,False,False,False,False,False,False,False,False,False,False,2026-09-08
getonbrd:principal-net-engineer-trading-systems-niuro-remote,getonbrd,LATAM,Principal .NET Engineer (Trading Systems),Otro,False,False,fuera_de_alcance,Niuro,Remote,Experto / Director,Expert,Full time,remote_local,Programming,https://www.getonbrd.com/jobs/principal-net-engineer-trading-systems-niuro-remote,4000.0,4500.0,mensual,84.0,1781815403,señal_debil,functions,5.0,844,0,0,1,0,False,False,False,False,False,False,False,False,False,False,False,False,True,False,False,False,False,False,True,False,False,False,False,False,False,False,False,True,2026-09-08
getonbrd:operations-analyst-niuro-remote,getonbrd,LATAM,Operations Analyst,Otro,False,False,fuera_de_alcance,Niuro,Remote,Semi Senior,Semi Senior,Full time,remote_local,Operations / Admin,https://www.getonbrd.com/jobs/operations-analyst-niuro-remote,2000.0,2500.0,mensual,375.0,1781652084,señal_debil,functions,3.0,831,0,0,1,0,False,False,False,False,False,False,False,False,False,False,False,False,False,False,False,False,False,False,False,False,False,False,False,False,False,True,False,True,2026-09-08
getonbrd:product-manager-enerlink-santiago,getonbrd,LATAM,Product Manager,Otro,False,False,fuera_de_alcance,Enerlink,Chile,Semi Senior,Semi Senior,Full time,hybrid,"Product, Innovation & Agile",https://www.getonbrd.com/jobs/product-manager-enerlink-santiago,2200.0,3200.0,mensual,326.0,1781184770,analitica,functions,2.0,1484,0,3,0,0,False,False,False,False,False,False,False,False,False,False,False,False,False,False,False,False,False,False,False,False,False,False,False,False,False,False,False,False,2026-09-08
getonbrd:consultor-a-de-inventario-y-bodegas-fundacion-madre-josefa-santiago,getonbrd,LATAM,Consultor/a de Inventario y Bodegas,Otro,False,False,fuera_de_alcance,FUNDACION MADRE JOSEFA,Chile,Semi Senior,Semi Senior,Freelance,hybrid,Operations / Admin,https://www.getonbrd.com/jobs/consultor-a-de-inventario-y-bodegas-fundacion-madre-josefa-santiago,,,mensual,87.0,1781132694,mixto,functions,3.0,1947,0,1,0,1,False,False,True,False,False,False,False,False,False,False,False,False,False,False,False,False,False,False,False,False,False,False,False,False,False,True,False,True,2026-09-08
getonbrd:asistente-de-administracion-finanzas-colectivo23-lima,getonbrd,LATAM,Asistente Contable,Otro,False,False,fuera_de_alcance,Colectivo23,Peru,Semi Senior,Semi Senior,Full time,hybrid,Operations / Admin,https://www.getonbrd.com/jobs/asistente-de-administracion-finanzas-colectivo23-lima,,,mensual,225.0,1781106508,sin_señal,functions,,1260,0,0,0,0,False,False,True,True,False,False,False,False,False,False,False,False,False,False,False,False,False,False,False,False,False,False,False,False,False,False,False,False,2026-09-08
getonbrd:cloud-operations-database-engineer-signant-health-remote,getonbrd,LATAM,Cloud Operations Database Engineer,Otro,False,False,fuera_de_alcance,Signant Health,Remote,Senior,Senior,Full time,remote_local,SysAdmin / DevOps / QA,https://www.getonbrd.com/jobs/cloud-operations-database-engineer-signant-health-remote,,,mensual,15.0,1781033800,sin_señal,functions,,488,0,0,0,0,True,False,False,False,False,False,False,False,False,False,False,False,True,True,False,False,False,False,False,False,False,False,False,False,False,False,False,False,2026-09-08
getonbrd:contractor-founding-full-stack-efounding-full-stack-engineer-sira-ai-remote,getonbrd,LATAM,Contractor Founding Full-Stack Efounding Full-Stack Engineer,Otro,False,False,fuera_de_alcance,Sira AI,Remote,Senior,Senior,Full time,remote_local,Programming,https://www.getonbrd.com/jobs/contractor-founding-full-stack-efounding-full-stack-engineer-sira-ai-remote,5000.0,5000.0,mensual,149.0,1780438012,analitica,functions,1.0,1924,0,3,1,0,False,True,False,False,False,False,False,False,False,False,False,False,True,False,False,False,False,False,True,True,False,False,False,True,False,True,False,False,2026-09-08
getonbrd:lider-de-automatizacion-amp-catalogo-marketplace-bc-tecnologia-santiago,getonbrd,LATAM,Líder de Automatización & Catálogo Marketplace,Otro,False,False,fuera_de_alcance,BC Tecnología,Chile,Senior,Senior,Full time,hybrid,Other categories,https://www.getonbrd.com/jobs/lider-de-automatizacion-amp-catalogo-marketplace-bc-tecnologia-santiago,,,mensual,34.0,1780092644,analitica,functions,5.0,1915,0,6,0,0,True,True,True,True,False,False,False,False,False,False,False,False,False,False,False,False,False,False,False,False,False,False,False,True,False,False,False,False,2026-09-08
getonbrd:analista-de-automatizacion-marketplace-bc-tecnologia-santiago,getonbrd,LATAM,Analista de Automatización Marketplace,Otro,False,False,fuera_de_alcance,BC Tecnología,Chile,Semi Senior,Semi Senior,Full time,hybrid,Other categories,https://www.getonbrd.com/jobs/analista-de-automatizacion-marketplace-bc-tecnologia-santiago,,,mensual,42.0,1780091526,analitica,functions,4.0,1368,0,7,0,1,True,True,True,True,False,False,False,True,False,False,False,False,False,False,False,False,False,False,False,False,False,False,False,True,False,False,False,True,2026-09-08
getonbrd:docente-big-data-e-inteligencia-campus-villarrica-duoc-uc-temuco,getonbrd,LATAM,Docente Big Data e Inteligencia Campus Villarrica,Data Engineer / Arquitecto,True,True,titulo,Duoc UC,Chile,Semi Senior,Semi Senior,Part time,no_remote,Education & Coaching,https://www.getonbrd.com/jobs/docente-big-data-e-inteligencia-campus-villarrica-duoc-uc-temuco,,,mensual,2.0,1779983575,sin_señal,functions,2.0,488,0,0,0,0,False,True,False,True,False,False,False,False,False,False,False,False,False,False,False,False,False,False,False,False,False,True,False,False,False,False,False,False,2026-09-08
getonbrd:docente-big-data-e-inteligencia-vina-del-mar-duoc-uc-vina-del-mar,getonbrd,LATAM,Docente Big Data e Inteligencia Viña del Mar,Data Engineer / Arquitecto,True,True,titulo,Duoc UC,Chile,Senior,Senior,Part time,no_remote,Education & Coaching,https://www.getonbrd.com/jobs/docente-big-data-e-inteligencia-vina-del-mar-duoc-uc-vina-del-mar,,,mensual,2.0,1779981875,sin_señal,functions,2.0,497,0,0,0,0,False,True,False,True,False,False,False,False,False,False,False,False,False,False,False,False,False,False,False,False,False,True,False,False,False,False,False,False,2026-09-08
getonbrd:full-stack-engineer-contract-lwt-remote,getonbrd,LATAM,Full-Stack Engineer,Otro,False,False,fuera_de_alcance,LWT,Remote,Senior,Senior,Full time,fully_remote,Programming,https://www.getonbrd.com/jobs/full-stack-engineer-contract-lwt-remote,4000.0,6000.0,mensual,519.0,1779724655,sin_señal,functions,,754,0,0,0,0,False,False,False,False,False,False,False,False,False,False,False,False,False,False,False,False,False,False,False,False,False,False,False,False,False,True,False,True,2026-09-08
getonbrd:customer-success-senior-enviame-ciudad-de-mexico,getonbrd,LATAM,Customer Success Senior,Otro,False,False,fuera_de_alcance,Enviame,Remote,Semi Senior,Semi Senior,Full time,remote_local,Customer Support,https://www.getonbrd.com/jobs/customer-success-senior-enviame-ciudad-de-mexico,,,mensual,120.0,1778805585,mixto,functions,3.0,879,0,2,0,1,False,False,True,True,False,True,False,False,False,False,False,False,False,False,False,False,False,False,False,False,False,False,False,False,False,False,False,True,2026-09-08
getonbrd:business-analyst-senior-retail-bc-tecnologia-santiago,getonbrd,LATAM,Business Analyst Senior – Retail,Business Analyst,True,True,titulo,BC Tecnología,Chile,Senior,Senior,Full time,hybrid,"Product, Innovation & Agile",https://www.getonbrd.com/jobs/business-analyst-senior-retail-bc-tecnologia-santiago,,,mensual,67.0,1778616876,analitica,functions,4.0,578,0,2,0,0,False,False,False,False,False,False,False,False,False,False,False,False,False,False,False,False,False,False,False,False,False,False,False,False,False,True,True,True,2026-09-08
getonbrd:full-stack-developer-ignitvio-remote,getonbrd,LATAM,Full-Stack Developer,Otro,False,False,fuera_de_alcance,Ignitvio,Remote,Senior,Senior,Full time,fully_remote,Programming,https://www.getonbrd.com/jobs/full-stack-developer-ignitvio-remote,2500.0,3500.0,mensual,228.0,1778568717,mixto,functions,4.0,1583,0,1,1,0,True,True,False,False,False,False,False,False,False,False,False,False,False,False,False,False,False,False,False,True,False,False,False,True,False,False,False,False,2026-09-08
getonbrd:analista-backoffice-de-inversiones-bc-tecnologia-santiago,getonbrd,LATAM,Analista Backoffice de Inversiones,Otro,False,False,fuera_de_alcance,BC Tecnología,Chile,Senior,Senior,Full time,hybrid,Operations / Admin,https://www.getonbrd.com/jobs/analista-backoffice-de-inversiones-bc-tecnologia-santiago,,,mensual,66.0,1778119694,mixto,functions,,647,0,2,0,1,True,True,True,True,False,False,False,False,False,False,False,False,False,False,False,False,False,False,False,False,False,False,False,False,False,False,False,False,2026-09-08
getonbrd:analista-de-automatizacion-y-datos-bc-tecnologia-santiago,getonbrd,LATAM,Analista de Automatización y Datos,Otro,False,False,fuera_de_alcance,BC Tecnología,Chile,Semi Senior,Semi Senior,Full time,hybrid,Other categories,https://www.getonbrd.com/jobs/analista-de-automatizacion-y-datos-bc-tecnologia-santiago,1500.0,1700.0,mensual,121.0,1778093254,mixto,functions,1.0,1489,0,3,2,0,True,True,True,False,False,False,False,True,False,False,False,False,False,False,False,False,False,False,False,True,False,True,False,False,False,True,False,True,2026-09-08
getonbrd:revenue-operations-analyst-bc-tecnologia-santiago,getonbrd,LATAM,Revenue Operations Analyst,Otro,False,False,fuera_de_alcance,BC Tecnología,Chile,Semi Senior,Semi Senior,Full time,hybrid,Operations / Admin,https://www.getonbrd.com/jobs/revenue-operations-analyst-bc-tecnologia-santiago,,,mensual,54.0,1777591848,analitica,functions,3.0,1166,2,5,2,0,True,False,True,True,True,True,False,False,False,False,False,False,False,False,False,False,False,False,False,False,False,True,False,False,False,True,True,True,2026-09-08
getonbrd:agentic-ai-systems-engineer-niuro-remote,getonbrd,LATAM,Agentic AI Systems Engineer,Otro,False,False,fuera_de_alcance,Niuro,Remote,Senior,Senior,Full time,remote_local,Programming,https://www.getonbrd.com/jobs/agentic-ai-systems-engineer-niuro-remote,3000.0,4000.0,mensual,98.0,1777576666,mixto,functions,,1510,0,1,2,1,False,True,False,False,False,False,False,False,False,False,False,False,False,False,False,False,False,False,False,False,False,False,False,True,False,True,False,False,2026-09-08
getonbrd:growth-specialist-bice-vida-santiago,getonbrd,LATAM,Growth Specialist,Otro,False,False,fuera_de_alcance,BICE VIDA,Chile,Senior,Senior,Full time,hybrid,Digital Marketing,https://www.getonbrd.com/jobs/growth-specialist-bice-vida-santiago,,,mensual,332.0,1776800395,mixto,functions,3.0,1017,1,1,0,0,False,False,False,False,False,False,False,False,False,False,False,False,False,False,False,False,False,False,False,False,False,False,False,False,False,True,False,False,2026-09-08
getonbrd:product-owner-canales-digitales-bice-vida-santiago,getonbrd,LATAM,Product Owner – Canales Digitales,Otro,False,False,fuera_de_alcance,BICE VIDA,Chile,Semi Senior,Semi Senior,Full time,hybrid,"Product, Innovation & Agile",https://www.getonbrd.com/jobs/product-owner-canales-digitales-bice-vida-santiago,,,mensual,692.0,1776800317,analitica,functions,2.0,1765,0,3,0,0,False,False,False,True,True,False,False,False,False,False,False,False,False,False,False,False,False,False,False,False,False,False,False,False,False,True,True,True,2026-09-08
getonbrd:analista-de-operaciones-y-gestion-de-proveedores-bc-tecnologia-santiago,getonbrd,LATAM,Analista de Operaciones y Gestión de Proveedores,Otro,False,False,fuera_de_alcance,BC Tecnología,Chile,Semi Senior,Semi Senior,Full time,hybrid,Operations / Admin,https://www.getonbrd.com/jobs/analista-de-operaciones-y-gestion-de-proveedores-bc-tecnologia-santiago,,,mensual,155.0,1776104637,mixto,functions,,1137,0,4,0,3,False,False,True,True,False,False,False,False,False,False,False,False,False,False,False,False,False,False,False,False,False,False,False,False,False,True,False,True,2026-09-08
getonbrd:practica-customer-operations-executive-wherex-bogota,getonbrd,LATAM,Práctica Customer Operations Executive,Otro,False,False,fuera_de_alcance,Wherex,Colombia,Sin experiencia,Sin experiencia,Full time,hybrid,Customer Support,https://www.getonbrd.com/jobs/practica-customer-operations-executive-wherex-bogota,,,mensual,108.0,1771433397,sin_señal,functions,,891,0,0,0,0,False,False,True,False,False,False,False,False,False,False,False,False,False,False,False,False,False,False,False,False,False,False,False,False,False,False,False,True,2026-09-08
getonbrd:product-designer-semi-senior-bc-tecnologia-santiago-ddc3,getonbrd,LATAM,Product Designer Semi Senior,Otro,False,False,fuera_de_alcance,BC Tecnología,Chile,Semi Senior,Semi Senior,Freelance,hybrid,Design / UX,https://www.getonbrd.com/jobs/product-designer-semi-senior-bc-tecnologia-santiago-ddc3,,,mensual,101.0,1770146823,analitica,functions,3.0,855,0,3,0,0,False,False,False,False,False,False,False,False,False,False,False,False,False,False,False,False,False,False,False,False,False,False,False,False,False,True,True,True,2026-09-08
getonbrd:product-owner-factoring-bc-tecnologia-remote,getonbrd,LATAM,Product Owner Factoring,Otro,False,False,fuera_de_alcance,BC Tecnología,Remote,Semi Senior,Semi Senior,Full time,remote_local,"Product, Innovation & Agile",https://www.getonbrd.com/jobs/product-owner-factoring-bc-tecnologia-remote,,,mensual,191.0,1767218333,señal_debil,functions,,507,0,1,0,0,False,False,False,False,False,False,False,False,False,False,False,False,False,False,False,False,False,False,False,False,False,False,False,False,False,True,True,True,2026-09-08
getonbrd:analista-de-pagos-y-liquidacion-bc-tecnologia-santiago,getonbrd,LATAM,Analista de Pagos y Liquidación,Otro,False,False,fuera_de_alcance,BC Tecnología,Chile,Semi Senior,Semi Senior,Full time,hybrid,Operations / Admin,https://www.getonbrd.com/jobs/analista-de-pagos-y-liquidacion-bc-tecnologia-santiago,800.0,1000.0,mensual,222.0,1764020115,señal_debil,functions,2.0,570,0,1,0,0,False,False,False,False,False,False,False,False,False,False,False,False,False,False,False,False,False,False,False,False,False,False,False,False,False,True,True,True,2026-09-08
getonbrd:analista-desarrollador-senior-as-400-agilistik-santiago,getonbrd,LATAM,Analista Desarrollador Senior As/400,Otro,False,False,fuera_de_alcance,Agilistik,Chile,Senior,Senior,Full time,hybrid,Programming,https://www.getonbrd.com/jobs/analista-desarrollador-senior-as-400-agilistik-santiago,,,mensual,3.0,1788876538,sin_señal,functions,5.0,844,0,0,0,0,False,False,False,False,False,False,False,False,False,False,False,False,False,False,False,False,False,False,False,False,False,False,False,False,False,True,False,True,2026-09-08
getonbrd:analista-de-performance-digital-dsac-chile-santiago,getonbrd,LATAM,Analista de Performance Digital,Otro,False,False,fuera_de_alcance,DSAC Chile,Chile,Semi Senior,Semi Senior,Full time,hybrid,Digital Marketing,https://www.getonbrd.com/jobs/analista-de-performance-digital-dsac-chile-santiago,,,mensual,7.0,1788820605,mixto,functions,3.0,1458,0,2,0,1,True,False,True,True,False,True,False,False,False,False,False,False,False,False,False,False,False,False,False,False,False,True,False,False,False,True,False,True,2026-09-08
getonbrd:analista-de-integracion-senior-factor-it-santiago,getonbrd,LATAM,Analista de Integración Senior,Otro,False,False,fuera_de_alcance,Factor IT,Chile,Senior,Senior,Full time,hybrid,Technical Support,https://www.getonbrd.com/jobs/analista-de-integracion-senior-factor-it-santiago,,,mensual,4.0,1788460469,señal_debil,functions,2.0,1158,0,0,0,1,False,False,False,False,False,False,False,False,False,False,False,False,False,False,False,False,False,False,False,False,False,False,False,False,False,True,True,False,2026-09-08
getonbrd:analista-funcional-isu-dm-lisit-remote,getonbrd,LATAM,Analista Funcional ISU DM,Business Analyst,True,True,titulo,Lisit,Remote,Semi Senior,Semi Senior,Full time,fully_remote,"Product, Innovation & Agile",https://www.getonbrd.com/jobs/analista-funcional-isu-dm-lisit-remote,1500.0,2000.0,mensual,150.0,1787845936,señal_debil,functions,,1131,0,0,0,1,False,False,False,False,False,False,False,False,False,False,False,False,False,False,False,False,False,False,False,False,False,False,False,False,False,True,True,True,2026-09-08
getonbrd:desarrollador-front-end-seo-tracking-dsac-chile-santiago,getonbrd,LATAM,Desarrollador Front-end SEO & Tracking,Otro,False,False,fuera_de_alcance,DSAC Chile,Chile,Semi Senior,Semi Senior,Full time,hybrid,Programming,https://www.getonbrd.com/jobs/desarrollador-front-end-seo-tracking-dsac-chile-santiago,,,mensual,46.0,1787240310,sin_señal,functions,3.0,414,0,0,0,0,False,False,False,False,False,True,False,False,False,False,False,False,False,False,False,False,False,False,False,True,False,False,False,False,False,True,False,True,2026-09-08
getonbrd:analista-de-accesos-e-identidades-bc-tecnologia-santiago,getonbrd,LATAM,Analista de Accesos e Identidades,Otro,False,False,fuera_de_alcance,BC Tecnología,Chile,Semi Senior,Semi Senior,Full time,hybrid,Cybersecurity,https://www.getonbrd.com/jobs/analista-de-accesos-e-identidades-bc-tecnologia-santiago,,,mensual,63.0,1786465545,gobierno_datos,functions,6.0,1332,0,1,0,3,False,False,False,False,False,True,False,False,False,False,False,False,False,False,True,False,False,False,False,False,False,False,False,False,False,False,True,True,2026-09-08
getonbrd:desarrollador-full-stack-java-bc-tecnologia-santiago,getonbrd,LATAM,Desarrollador Full-Stack Java,Otro,False,False,fuera_de_alcance,BC Tecnología,Chile,Semi Senior,Semi Senior,Full time,hybrid,Programming,https://www.getonbrd.com/jobs/desarrollador-full-stack-java-bc-tecnologia-santiago,,,mensual,32.0,1785170957,sin_señal,functions,2.0,997,0,0,0,0,True,False,False,False,False,False,False,False,False,False,False,False,False,False,False,False,False,False,False,True,False,False,False,False,False,True,False,True,2026-09-08
getonbrd:qa-junior-funcional-y-automatizacion-bc-tecnologia-santiago,getonbrd,LATAM,Analista QA Junior (Funcional y Automatización),Business Analyst,True,True,titulo,BC Tecnología,Chile,Junior,Junior,Full time,hybrid,SysAdmin / DevOps / QA,https://www.getonbrd.com/jobs/qa-junior-funcional-y-automatizacion-bc-tecnologia-santiago,,,mensual,198.0,1784761313,mixto,functions,,1257,0,2,0,1,True,False,False,False,False,False,False,False,False,False,False,False,False,True,False,False,False,False,False,True,False,True,False,False,False,True,False,True,2026-09-08
getonbrd:analista-qa-funcional-junior-ecommerce-y-medios-de-pago-bc-tecnologia-santiago,getonbrd,LATAM,Analista QA Funcional | E-commerce y Medios de Pago,Business Analyst,True,True,titulo,BC Tecnología,Chile,Semi Senior,Semi Senior,Full time,hybrid,SysAdmin / DevOps / QA,https://www.getonbrd.com/jobs/analista-qa-funcional-junior-ecommerce-y-medios-de-pago-bc-tecnologia-santiago,,,mensual,169.0,1780620073,señal_debil,functions,,654,0,1,0,0,True,False,False,False,False,False,False,False,False,False,False,False,False,False,False,False,False,False,False,False,False,True,False,False,False,False,True,True,2026-09-08
getonbrd:analista-de-procesos-gobierno-de-datos-bc-tecnologia-santiago,getonbrd,LATAM,Analista de Procesos – Gobierno de Datos,Data Governance / Calidad,True,True,titulo,BC Tecnología,Chile,Semi Senior,Semi Senior,Full time,hybrid,Operations / Admin,https://www.getonbrd.com/jobs/analista-de-procesos-gobierno-de-datos-bc-tecnologia-santiago,,,mensual,59.0,1778202409,señal_debil,functions,3.0,534,0,0,0,1,False,False,True,False,False,False,False,False,False,False,False,False,False,False,False,False,False,False,False,False,False,False,False,False,False,True,True,False,2026-09-08
getonbrd:analista-qa-usercode-spa-santiago,getonbrd,LATAM,Analista QA,Otro,False,False,fuera_de_alcance,Usercode SpA,Chile,Semi Senior,Semi Senior,Full time,hybrid,SysAdmin / DevOps / QA,https://www.getonbrd.com/jobs/analista-qa-usercode-spa-santiago,,,mensual,229.0,1777893649,señal_debil,functions,5.0,1740,0,1,0,0,True,False,True,False,False,False,False,False,False,False,False,False,False,False,False,False,False,False,False,False,True,False,False,False,False,False,False,True,2026-09-08
getonbrd:product-designer-bc-tecnologia-santiago,getonbrd,LATAM,Product Designer,Otro,False,False,fuera_de_alcance,BC Tecnología,Chile,Semi Senior,Semi Senior,Full time,hybrid,Design / UX,https://www.getonbrd.com/jobs/product-designer-bc-tecnologia-santiago,,,mensual,270.0,1773414643,analitica,functions,2.0,598,0,2,0,0,False,False,False,False,False,False,False,False,False,False,False,False,False,False,False,False,False,False,False,False,False,False,False,False,False,True,True,True,2026-09-08
getonbrd:analista-programador-bc-tecnologia-santiago,getonbrd,LATAM,Analista Programador,Otro,False,False,fuera_de_alcance,BC Tecnología,Chile,Semi Senior,Semi Senior,Full time,hybrid,Programming,https://www.getonbrd.com/jobs/analista-programador-bc-tecnologia-santiago,,,mensual,64.0,1769099323,sin_señal,functions,6.0,1125,0,0,0,0,True,False,False,False,False,False,False,False,False,False,False,False,False,False,False,False,False,False,False,True,False,False,False,False,False,True,False,True,2026-09-08
getonbrd:analista-de-continuidad-de-negocio-y-riesgos-tecnologicos-factor-it-santiago,getonbrd,LATAM,Analista de Continuidad de Negocio y Riesgos Tecnológicos,Otro,False,False,fuera_de_alcance,Factor IT,Chile,Semi Senior,Semi Senior,Full time,hybrid,"Product, Innovation & Agile",https://www.getonbrd.com/jobs/analista-de-continuidad-de-negocio-y-riesgos-tecnologicos-factor-it-santiago,,,mensual,84.0,1768939075,sin_señal,functions,,729,0,0,0,0,False,False,False,False,False,False,False,False,False,False,False,False,False,False,False,False,False,False,False,False,False,False,False,False,False,True,False,True,2026-09-08
getonbrd:analista-contable-financiero-bc-tecnologia-santiago,getonbrd,LATAM,Analista Contable/Financiero,Otro,False,False,fuera_de_alcance,BC Tecnología,Chile,Semi Senior,Semi Senior,Full time,hybrid,Operations / Admin,https://www.getonbrd.com/jobs/analista-contable-financiero-bc-tecnologia-santiago,,,mensual,184.0,1763994652,mixto,functions,,602,0,2,0,1,False,False,False,False,False,False,False,False,False,False,False,False,False,False,False,False,False,False,False,False,False,False,False,False,False,True,False,True,2026-09-08
getonbrd:analista-de-aseguramiento-de-calidad-de-software-usercode-spa-remote-eb1a,getonbrd,LATAM,Analista de Aseguramiento de Calidad de Software,Otro,False,False,fuera_de_alcance,Usercode SpA,Remote,Senior,Senior,Full time,fully_remote,SysAdmin / DevOps / QA,https://www.getonbrd.com/jobs/analista-de-aseguramiento-de-calidad-de-software-usercode-spa-remote-eb1a,,,mensual,1193.0,1760379229,señal_debil,functions,5.0,1325,0,1,0,0,True,False,True,False,False,False,False,False,False,False,False,False,False,False,False,False,False,False,False,False,True,False,False,False,False,False,True,True,2026-09-08
getonbrd:especialista-en-modelado-y-diseno-de-datos-factor-it-bogota,getonbrd,LATAM,Especialista en Modelado y Diseño de Datos,Otro,False,False,fuera_de_alcance,Factor IT,Colombia,Semi Senior,Semi Senior,Full time,no_remote,Design / UX,https://www.getonbrd.com/jobs/especialista-en-modelado-y-diseno-de-datos-factor-it-bogota,,,mensual,1.0,1788749850,mixto,functions,3.0,1000,0,0,4,4,False,False,False,False,False,False,False,False,False,False,False,False,True,False,False,False,False,False,False,False,False,False,False,False,False,True,True,True,2026-09-08
getonbrd:senior-full-stack-engineer-vequity-remote,getonbrd,LATAM,Senior Full-Stack Engineer,Otro,False,False,fuera_de_alcance,Vequity,Remote,Senior,Senior,Full time,remote_local,Programming,https://www.getonbrd.com/jobs/senior-full-stack-engineer-vequity-remote,3000.0,5000.0,mensual,104.0,1788281149,señal_debil,functions,5.0,1051,0,0,1,0,False,True,False,False,False,False,False,False,False,False,False,False,False,False,True,False,False,False,False,False,False,False,False,True,False,False,False,False,2026-09-08
getonbrd:media-buyer-google-ads-page-boosts-remote,getonbrd,LATAM,Media Buyer (Google Ads),Otro,False,False,fuera_de_alcance,Page Boosts,Remote,Senior,Senior,Full time,remote_local,Digital Marketing,https://www.getonbrd.com/jobs/media-buyer-google-ads-page-boosts-remote,2400.0,3700.0,mensual,22.0,1788224842,sin_señal,functions,5.0,1489,0,0,0,0,False,False,False,False,False,True,False,False,False,False,False,False,False,False,False,False,False,False,False,False,False,False,False,False,False,False,False,False,2026-09-08
getonbrd:customer-support-product-testing-opencourt-remote,getonbrd,LATAM,Customer Support & Product Testing,Otro,False,False,fuera_de_alcance,OpenCourt,Remote,Senior,Senior,Full time,remote_local,Customer Support,https://www.getonbrd.com/jobs/customer-support-product-testing-opencourt-remote,1800.0,2500.0,mensual,28.0,1787692764,señal_debil,functions,3.0,1725,0,1,0,0,True,False,False,False,False,False,False,False,False,False,False,False,False,False,False,False,False,False,False,False,False,False,False,False,False,True,False,False,2026-09-08
getonbrd:lead-principal-architect-latam-emea-praxis-it-company-inc-remote,getonbrd,LATAM,Lead Principal Architect – LATAM/EMEA,Otro,False,False,fuera_de_alcance,Praxis IT Company INC.,Remote,Experto / Director,Expert,Full time,fully_remote,SysAdmin / DevOps / QA,https://www.getonbrd.com/jobs/lead-principal-architect-latam-emea-praxis-it-company-inc-remote,4000.0,5400.0,mensual,8.0,1788803272,sin_señal,functions,10.0,438,0,0,0,0,False,False,False,False,False,False,False,False,False,False,False,False,True,True,False,False,False,False,False,False,False,False,False,False,False,True,True,False,2026-09-08
getonbrd:full-stack-engineer-node-js-react-ai-niuro-remote,getonbrd,LATAM,Full-Stack Engineer — Node.js / React / AI,Otro,False,False,fuera_de_alcance,Niuro,Remote,Senior,Senior,Full time,remote_local,Programming,https://www.getonbrd.com/jobs/full-stack-engineer-node-js-react-ai-niuro-remote,3000.0,4000.0,mensual,131.0,1788551913,señal_debil,functions,5.0,622,0,0,1,0,False,False,False,False,False,False,False,False,False,False,False,False,False,False,True,False,False,False,False,False,False,False,False,False,False,False,False,False,2026-09-08
getonbrd:cloud-devops-engineer-aws-zerviz-technologies-santiago,getonbrd,LATAM,Cloud DevOps Engineer AWS,Otro,False,False,fuera_de_alcance,Zerviz Technologies,Chile,Semi Senior,Semi Senior,Full time,no_remote,SysAdmin / DevOps / QA,https://www.getonbrd.com/jobs/cloud-devops-engineer-aws-zerviz-technologies-santiago,1800.0,2200.0,mensual,18.0,1788364649,mixto,functions,3.0,866,0,0,2,1,False,False,False,False,False,False,False,False,False,False,False,False,True,False,False,False,False,False,True,True,False,False,False,False,False,False,False,False,2026-09-08
getonbrd:onboarding-implementation-manager-autoraptor-remote,getonbrd,LATAM,Onboarding Implementation Manager,Otro,False,False,fuera_de_alcance,AutoRaptor,Remote,Semi Senior,Semi Senior,Full time,remote_local,Operations / Admin,https://www.getonbrd.com/jobs/onboarding-implementation-manager-autoraptor-remote,,,mensual,127.0,1788189627,señal_debil,functions,2.0,1399,0,0,0,1,False,False,True,False,False,False,False,False,False,False,False,False,False,False,False,False,False,False,False,False,False,False,False,False,False,True,True,True,2026-09-08
getonbrd:data-engineer-gobierno-y-seguridad-bc-tecnologia-santiago,getonbrd,LATAM,Data Engineer Gobierno y Seguridad,Data Engineer / Arquitecto,True,True,titulo,BC Tecnología,Chile,Semi Senior,Semi Senior,Full time,hybrid,Cybersecurity,https://www.getonbrd.com/jobs/data-engineer-gobierno-y-seguridad-bc-tecnologia-santiago,,,mensual,20.0,1787951812,mixto,functions,6.0,1908,0,1,3,2,True,True,False,False,False,False,False,False,False,False,False,False,True,False,True,False,True,False,False,True,False,False,False,False,False,False,False,False,2026-09-08
getonbrd:senior-frontend-engineer-react-net-backend-exposure-niuro-remote,getonbrd,LATAM,Senior Front-end Engineer (React + .NET/Back-end Exposure),Otro,False,False,fuera_de_alcance,Niuro,Remote,Senior,Senior,Full time,remote_local,Programming,https://www.getonbrd.com/jobs/senior-frontend-engineer-react-net-backend-exposure-niuro-remote,3000.0,3500.0,mensual,59.0,1787586569,sin_señal,functions,3.0,759,0,0,0,0,False,False,False,False,False,False,False,False,False,False,False,False,False,False,False,False,False,False,False,False,False,False,False,False,False,False,False,True,2026-09-08
getonbrd:product-ops-and-customer-communications-stealth-seller-remote,getonbrd,LATAM,Product Manager (Ops),Otro,False,False,fuera_de_alcance,Stealth Seller,Remote,Semi Senior,Semi Senior,Full time,fully_remote,"Product, Innovation & Agile",https://www.getonbrd.com/jobs/product-ops-and-customer-communications-stealth-seller-remote,1200.0,1600.0,mensual,151.0,1787273844,sin_señal,functions,2.0,1663,0,0,0,0,True,False,False,False,False,False,False,False,False,False,False,False,False,False,False,False,False,False,False,False,False,False,False,False,False,True,False,False,2026-09-08
getonbrd:digital-marketing-specialist-organic-web-niuro-remote,getonbrd,LATAM,Digital Marketing Specialist (Organic & Web),Otro,False,False,fuera_de_alcance,Niuro,Remote,Senior,Senior,Full time,remote_local,Digital Marketing,https://www.getonbrd.com/jobs/digital-marketing-specialist-organic-web-niuro-remote,3500.0,4000.0,mensual,107.0,1786670595,mixto,functions,4.0,744,0,1,1,0,False,False,False,False,False,False,False,False,False,False,False,False,False,False,False,False,False,False,False,False,False,False,False,False,False,False,False,True,2026-09-08
getonbrd:desarrollador-fullstack-bc-tecnologia-santiago-8826,getonbrd,LATAM,Desarrollador Full-Stack,Otro,False,False,fuera_de_alcance,BC Tecnología,Chile,Experto / Director,Expert,Full time,no_remote,Programming,https://www.getonbrd.com/jobs/desarrollador-fullstack-bc-tecnologia-santiago-8826,,,mensual,23.0,1785788754,mixto,functions,,1865,0,1,1,2,False,False,False,True,False,False,False,False,False,False,False,False,True,True,False,False,False,False,False,True,False,False,False,False,False,False,False,False,2026-09-08
getonbrd:senior-backend-engineer-niuro-remote,getonbrd,LATAM,Senior Back-end Engineer,Otro,False,False,fuera_de_alcance,Niuro,Remote,Senior,Senior,Full time,remote_local,Programming,https://www.getonbrd.com/jobs/senior-backend-engineer-niuro-remote,2500.0,3000.0,mensual,115.0,1785782647,sin_señal,functions,5.0,553,0,0,0,0,False,False,False,False,False,False,False,False,False,False,False,False,True,False,True,False,False,False,False,False,True,False,False,False,False,False,False,True,2026-09-08
getonbrd:senior-full-stack-software-developer-one-click-technology-llc-remote,getonbrd,LATAM,Senior Full-Stack Software Developer,Otro,False,False,fuera_de_alcance,One Click Technology LLC,Remote,Experto / Director,Expert,Full time,fully_remote,Programming,https://www.getonbrd.com/jobs/senior-full-stack-software-developer-one-click-technology-llc-remote,5500.0,7000.0,mensual,280.0,1785519549,mixto,functions,10.0,1160,0,1,1,0,True,False,False,False,False,False,False,False,False,False,False,False,True,False,False,False,False,False,True,True,False,False,False,False,False,True,True,True,2026-09-08
getonbrd:qa-engineer-automation-molten-cloud-remote,getonbrd,LATAM,QA Engineer (Automation),Otro,False,False,fuera_de_alcance,Molten Cloud,Remote,Semi Senior,Semi Senior,Full time,fully_remote,SysAdmin / DevOps / QA,https://www.getonbrd.com/jobs/qa-engineer-automation-molten-cloud-remote,3000.0,4000.0,mensual,260.0,1784659891,mixto,functions,3.0,1041,0,1,2,0,False,False,False,False,False,False,False,False,False,False,False,False,False,False,False,False,False,False,False,False,True,False,False,False,False,True,False,True,2026-09-08
getonbrd:senior-devops-platform-engineer-niuro-remote,getonbrd,LATAM,Senior DevOps / Platform Engineer,Otro,False,False,fuera_de_alcance,Niuro,Remote,Senior,Senior,Full time,remote_local,SysAdmin / DevOps / QA,https://www.getonbrd.com/jobs/senior-devops-platform-engineer-niuro-remote,3000.0,3500.0,mensual,38.0,1784206184,mixto,functions,5.0,539,0,1,1,0,False,False,False,False,False,False,False,False,False,False,False,False,True,False,False,False,False,False,True,False,False,False,False,False,False,False,False,False,2026-09-08
getonbrd:senior-full-stack-engineer-nestjs-nextjr-typescript-gcp-niuro-remote,getonbrd,LATAM,Senior Full-Stack Engineer (NestJS+Nextjr+TypeScript+GCP),Otro,False,False,fuera_de_alcance,Niuro,Remote,Senior,Senior,Full time,remote_local,Programming,https://www.getonbrd.com/jobs/senior-full-stack-engineer-nestjs-nextjr-typescript-gcp-niuro-remote,2500.0,3000.0,mensual,132.0,1784145831,ingenieria,functions,5.0,471,0,0,3,0,False,True,False,False,False,False,False,False,False,False,False,False,False,False,True,False,False,False,False,False,False,False,False,False,False,False,False,False,2026-09-08
getonbrd:real-time-ai-orchestration-engineer-sugarshan-inc-remote,getonbrd,LATAM,Real Time Voice & Video Streaming Engineer WebRTC / Livekit,Otro,False,False,fuera_de_alcance,SugarShan Inc,Remote,Senior,Senior,Freelance,fully_remote,Programming,https://www.getonbrd.com/jobs/real-time-ai-orchestration-engineer-sugarshan-inc-remote,,,mensual,84.0,1784037564,mixto,functions,,1246,0,0,2,1,False,False,False,False,False,False,False,False,False,False,False,False,False,False,False,False,False,False,False,False,False,False,False,True,False,True,False,False,2026-09-08
getonbrd:backend-full-stack-engineer-niuro-santiago,getonbrd,LATAM,Senior Back-end Developer,Otro,False,False,fuera_de_alcance,Niuro,Chile,Senior,Senior,Full time,hybrid,Programming,https://www.getonbrd.com/jobs/backend-full-stack-engineer-niuro-santiago,2000.0,2500.0,mensual,20.0,1783521505,ingenieria,functions,,628,0,0,2,0,True,True,False,False,False,False,False,False,False,False,False,False,False,False,True,False,False,False,False,False,False,False,False,True,False,False,True,True,2026-09-08
getonbrd:editor-of-customer-experience-product-narrative-strategy-force-of-nature-remote,getonbrd,LATAM,AI Product Experience Designer,Otro,False,False,fuera_de_alcance,Force Of Nature,Remote,Senior,Senior,Freelance,fully_remote,Design / UX,https://www.getonbrd.com/jobs/editor-of-customer-experience-product-narrative-strategy-force-of-nature-remote,,,mensual,144.0,1782928494,analitica,functions,3.0,1694,0,3,1,0,False,False,False,False,False,False,False,False,False,False,False,False,False,False,False,False,False,False,False,False,False,False,False,False,False,False,False,False,2026-09-08
getonbrd:ux-product-lead-niuro-remote,getonbrd,LATAM,UX Product Lead,Otro,False,False,fuera_de_alcance,Niuro,Remote,Senior,Senior,Full time,remote_local,Design / UX,https://www.getonbrd.com/jobs/ux-product-lead-niuro-remote,3000.0,3500.0,mensual,190.0,1782395577,analitica,functions,,1125,0,3,1,0,False,False,False,False,False,False,False,False,False,False,False,False,False,False,False,False,False,False,False,False,False,False,False,False,False,False,False,True,2026-09-08
getonbrd:senior-frontend-engineer-react-niuro-remote,getonbrd,LATAM,Senior Front-end Engineer (React),Otro,False,False,fuera_de_alcance,Niuro,Remote,Senior,Senior,Full time,remote_local,Programming,https://www.getonbrd.com/jobs/senior-frontend-engineer-react-niuro-remote,2500.0,3000.0,mensual,371.0,1781734527,sin_señal,functions,3.0,468,0,0,0,0,False,False,False,False,False,False,False,False,False,False,False,False,False,False,False,False,False,False,False,False,False,False,False,False,False,False,False,True,2026-09-08
getonbrd:senior-front-end-engineer-react-ai-coding-tools-yeslawyer-remote,getonbrd,LATAM,Senior Front-end Google Meta Apple Exp,Otro,False,False,fuera_de_alcance,YesLawyer,Remote,Senior,Senior,Full time,fully_remote,Programming,https://www.getonbrd.com/jobs/senior-front-end-engineer-react-ai-coding-tools-yeslawyer-remote,3400.0,5000.0,mensual,316.0,1780324787,señal_debil,functions,5.0,795,0,0,1,0,False,False,False,False,False,False,False,False,False,False,False,False,False,False,False,False,False,False,False,False,False,False,False,False,False,True,False,False,2026-09-08
getonbrd:senior-back-end-developer-django-aws-yeslawyer-remote-10cb,getonbrd,LATAM,Senior Back-end Google Meta Apple Exp,Otro,False,False,fuera_de_alcance,YesLawyer,Remote,Senior,Senior,Full time,fully_remote,Programming,https://www.getonbrd.com/jobs/senior-back-end-developer-django-aws-yeslawyer-remote-10cb,4400.0,5000.0,mensual,230.0,1780324584,señal_debil,functions,5.0,792,0,0,1,0,False,True,False,False,False,False,False,False,False,False,False,False,True,False,False,False,False,False,False,False,False,False,False,False,False,True,False,True,2026-09-08
getonbrd:mid-level-software-engineer-zagged-remote,getonbrd,LATAM,Mid Level Software Engineer,Otro,False,False,fuera_de_alcance,Zagged,Remote,Semi Senior,Semi Senior,Full time,fully_remote,Programming,https://www.getonbrd.com/jobs/mid-level-software-engineer-zagged-remote,4500.0,6600.0,mensual,1164.0,1779669500,señal_debil,functions,,804,0,0,1,0,False,False,False,False,False,False,False,False,False,False,False,False,False,False,False,False,False,False,False,False,False,False,False,False,False,True,True,True,2026-09-08
getonbrd:lead-response-research-va-english-fluency-required-long-te-ignitvio-remote,getonbrd,LATAM,Lead Response Research Va (English Fluency Required),Otro,False,False,fuera_de_alcance,Ignitvio,Remote,Junior,Junior,Full time,fully_remote,Operations / Admin,https://www.getonbrd.com/jobs/lead-response-research-va-english-fluency-required-long-te-ignitvio-remote,1000.0,1600.0,mensual,85.0,1779259783,sin_señal,functions,,927,0,0,0,0,False,False,False,False,False,False,False,False,False,False,False,False,False,False,False,False,False,False,False,False,False,False,False,False,False,False,False,False,2026-09-08
getonbrd:solutions-engineer-vibeai-remote,getonbrd,LATAM,Solutions Engineer,Otro,False,False,fuera_de_alcance,VibeAI,Remote,Senior,Senior,Full time,fully_remote,Programming,https://www.getonbrd.com/jobs/solutions-engineer-vibeai-remote,8000.0,10000.0,mensual,320.0,1778594346,señal_debil,functions,,545,0,0,1,0,False,True,False,False,False,False,False,False,False,False,False,False,False,False,False,False,False,False,False,False,False,False,False,True,False,True,False,True,2026-09-08
getonbrd:ai-automation-engineer-elevateos-remote,getonbrd,LATAM,AI Automation Engineer,Otro,False,False,fuera_de_alcance,ElevateOS,Remote,Semi Senior,Semi Senior,Full time,fully_remote,Programming,https://www.getonbrd.com/jobs/ai-automation-engineer-elevateos-remote,1500.0,2000.0,mensual,597.0,1778365103,mixto,functions,2.0,1594,0,1,1,0,True,True,False,False,False,False,False,False,False,False,False,False,False,False,False,False,False,False,False,False,False,False,False,True,False,True,True,False,2026-09-08
getonbrd:qa-tester-crm-dynamics-365-bc-tecnologia-santiago,getonbrd,LATAM,QA Tester CRM,Otro,False,False,fuera_de_alcance,BC Tecnología,Chile,Semi Senior,Semi Senior,Full time,hybrid,SysAdmin / DevOps / QA,https://www.getonbrd.com/jobs/qa-tester-crm-dynamics-365-bc-tecnologia-santiago,,,mensual,72.0,1778023094,mixto,functions,,760,0,1,0,2,False,False,False,False,False,False,False,False,False,False,False,False,False,False,False,False,False,False,False,False,False,True,False,False,False,True,False,True,2026-09-08
getonbrd:qa-enginer-zaelot-remote,getonbrd,LATAM,QA Engineer,Otro,False,False,fuera_de_alcance,Zaelot,Remote,Semi Senior,Semi Senior,Full time,fully_remote,SysAdmin / DevOps / QA,https://www.getonbrd.com/jobs/qa-enginer-zaelot-remote,4000.0,5000.0,mensual,304.0,1777996173,mixto,functions,,648,0,1,2,1,False,False,False,False,False,False,False,False,False,False,False,False,False,False,False,False,False,False,False,False,False,False,False,False,False,False,True,True,2026-09-08
getonbrd:senior-qa-automation-engineer-niuro-remote,getonbrd,LATAM,Senior QA Automation Engineer,Otro,False,False,fuera_de_alcance,Niuro,Remote,Senior,Senior,Full time,remote_local,Programming,https://www.getonbrd.com/jobs/senior-qa-automation-engineer-niuro-remote,2500.0,3000.0,mensual,92.0,1773690474,mixto,functions,5.0,1108,0,1,2,0,False,True,False,False,False,False,False,False,False,False,False,False,False,False,False,False,False,False,False,False,False,False,False,False,False,False,False,True,2026-09-08
getonbrd:salesforce-consultant-niuro-remote,getonbrd,LATAM,Salesforce Consultant,Otro,False,False,fuera_de_alcance,Niuro,Remote,Senior,Senior,Full time,remote_local,Programming,https://www.getonbrd.com/jobs/salesforce-consultant-niuro-remote,,,mensual,48.0,1772803715,señal_debil,functions,5.0,1176,0,0,1,0,False,False,False,False,False,False,False,False,False,False,False,False,False,False,False,False,False,False,False,False,False,False,False,False,False,True,True,True,2026-09-08
getonbrd:dataops-engineer-bc-tecnologia-remote,getonbrd,LATAM,DataOps Engineer,Otro,False,False,fuera_de_alcance,BC Tecnología,Remote,Semi Senior,Semi Senior,Freelance,fully_remote,Programming,https://www.getonbrd.com/jobs/dataops-engineer-bc-tecnologia-remote,,,mensual,131.0,1763568953,mixto,functions,3.0,744,0,1,3,2,False,False,False,False,False,False,False,False,False,False,False,True,False,True,False,False,False,False,False,True,False,False,False,False,False,True,True,True,2026-09-08
getonbrd:technical-lead-senior-bci-santiago,getonbrd,LATAM,Technical Lead Senior,Otro,False,False,fuera_de_alcance,Bci,Chile,Senior,Senior,Full time,hybrid,Programming,https://www.getonbrd.com/jobs/technical-lead-senior-bci-santiago,3500.0,4000.0,mensual,172.0,1788187829,señal_debil,functions,5.0,1502,0,1,0,0,False,False,False,False,False,False,False,False,False,False,False,False,True,True,True,False,False,False,True,True,True,False,False,False,False,True,False,True,2026-09-08
getonbrd:ingeniero-de-software-mid-senior-checkr-santiago,getonbrd,LATAM,Ingeniero de Software Mid Senior,Otro,False,False,fuera_de_alcance,Checkr,Chile,Semi Senior,Semi Senior,Full time,hybrid,Programming,https://www.getonbrd.com/jobs/ingeniero-de-software-mid-senior-checkr-santiago,2600.0,3600.0,mensual,24.0,1788556157,señal_debil,functions,4.0,729,0,1,0,0,False,True,False,False,False,False,False,False,False,False,False,False,True,False,False,False,False,False,True,False,False,False,False,False,False,True,False,True,2026-09-08
getonbrd:ingeniero-a-de-integracion-y-seguridad-de-datos-bc-tecnologia-santiago,getonbrd,LATAM,Ingeniero/a de Integración y Seguridad de Datos,Otro,False,False,fuera_de_alcance,BC Tecnología,Chile,Semi Senior,Semi Senior,Full time,hybrid,Cybersecurity,https://www.getonbrd.com/jobs/ingeniero-a-de-integracion-y-seguridad-de-datos-bc-tecnologia-santiago,,,mensual,6.0,1787942394,mixto,functions,,1198,0,0,1,2,False,True,False,False,False,False,False,False,False,False,False,False,True,False,True,False,True,False,False,True,False,False,False,False,False,False,False,True,2026-09-08
getonbrd:ingeniero-a-de-software-5-meses-agilistik-santiago,getonbrd,LATAM,Ingeniero/a de Software 5 Meses,Otro,False,False,fuera_de_alcance,Agilistik,Chile,Semi Senior,Semi Senior,Full time,hybrid,Programming,https://www.getonbrd.com/jobs/ingeniero-a-de-software-5-meses-agilistik-santiago,,,mensual,17.0,1787767601,mixto,functions,,1341,0,0,1,1,False,True,False,False,False,False,False,False,False,False,False,False,True,False,False,False,False,False,False,False,False,False,False,False,False,True,True,True,2026-09-08
getonbrd:ingeniero-software-senior-backend-checkr-santiago,getonbrd,LATAM,Ingeniero Software Senior Back-end,Otro,False,False,fuera_de_alcance,Checkr,Chile,Senior,Senior,Full time,hybrid,Programming,https://www.getonbrd.com/jobs/ingeniero-software-senior-backend-checkr-santiago,3600.0,4500.0,mensual,32.0,1785357442,sin_señal,functions,5.0,940,0,0,0,0,False,True,False,False,False,False,False,False,False,False,False,False,False,False,False,False,False,False,False,False,False,False,False,False,False,False,False,True,2026-09-08
getonbrd:tech-lead-engineer-checkr-santiago,getonbrd,LATAM,Tech Lead Engineer,Otro,False,False,fuera_de_alcance,Checkr,Chile,Senior,Senior,Full time,hybrid,Programming,https://www.getonbrd.com/jobs/tech-lead-engineer-checkr-santiago,4700.0,5700.0,mensual,31.0,1785282788,sin_señal,functions,10.0,413,0,0,0,0,False,True,False,False,False,False,False,False,False,False,False,False,True,False,False,False,False,False,True,True,True,False,False,False,False,False,False,True,2026-09-08
getonbrd:ingeniero-a-qa-factor-it-santiago-b93e,getonbrd,LATAM,Ingeniero/a QA,Otro,False,False,fuera_de_alcance,Factor IT,Chile,Semi Senior,Semi Senior,Full time,hybrid,SysAdmin / DevOps / QA,https://www.getonbrd.com/jobs/ingeniero-a-qa-factor-it-santiago-b93e,,,mensual,69.0,1785249932,sin_señal,functions,,621,0,0,0,0,True,False,False,False,False,False,False,False,False,False,False,False,False,True,True,False,False,False,False,True,True,False,False,False,False,True,True,True,2026-09-08
getonbrd:qa-automation-engineer-sector-bancario-devsu-quito-954e,getonbrd,LATAM,QA Automation Engineer / Sector Bancario,Otro,False,False,fuera_de_alcance,Devsu,Ecuador,Senior,Senior,Full time,hybrid,SysAdmin / DevOps / QA,https://www.getonbrd.com/jobs/qa-automation-engineer-sector-bancario-devsu-quito-954e,,,mensual,2.0,1784245944,señal_debil,functions,2.0,658,0,0,0,1,True,False,False,False,False,False,False,False,False,False,False,False,False,False,False,False,False,False,False,True,True,False,False,False,False,False,False,True,2026-09-08
getonbrd:kam-control-de-gestion-bnp-paribas-cardif-santiago,getonbrd,LATAM,KAM Control de Gestión,Otro,False,False,fuera_de_alcance,BNP Paribas Cardif,Chile,Semi Senior,Semi Senior,Full time,hybrid,Sales,https://www.getonbrd.com/jobs/kam-control-de-gestion-bnp-paribas-cardif-santiago,,,mensual,267.0,1782332629,analitica,functions,1.0,1110,0,4,0,0,False,False,True,False,False,False,False,False,False,False,False,False,False,False,False,False,False,False,False,False,False,False,False,False,False,True,False,True,2026-09-08
getonbrd:security-software-engineer-fintech-vita-solutions-spa-santiago,getonbrd,LATAM,Security Software Engineer – FinTech,Otro,False,False,fuera_de_alcance,Vita solutions SPA,Chile,Senior,Senior,Full time,hybrid,Cybersecurity,https://www.getonbrd.com/jobs/security-software-engineer-fintech-vita-solutions-spa-santiago,3000.0,5000.0,mensual,21.0,1782250740,mixto,functions,,1388,0,1,1,0,False,False,False,False,False,False,False,False,False,False,False,False,False,False,True,False,False,False,True,True,False,False,False,False,False,True,False,False,2026-09-08
getonbrd:desarrollador-angular-sonda-santiago,getonbrd,LATAM,Desarrollador Angular,Otro,False,False,fuera_de_alcance,SONDA,Chile,Semi Senior,Semi Senior,Full time,hybrid,Programming,https://www.getonbrd.com/jobs/desarrollador-angular-sonda-santiago,,,mensual,70.0,1781121147,sin_señal,functions,3.0,519,0,0,0,0,False,False,False,False,False,False,False,False,False,False,False,False,False,False,False,False,False,False,True,False,True,False,False,False,False,False,False,False,2026-09-08
getonbrd:qa-analyst-factor-it-santiago,getonbrd,LATAM,QA Analyst,Otro,False,False,fuera_de_alcance,Factor IT,Chile,Senior,Senior,Full time,hybrid,SysAdmin / DevOps / QA,https://www.getonbrd.com/jobs/qa-analyst-factor-it-santiago,,,mensual,70.0,1781113145,sin_señal,functions,,621,0,0,0,0,True,False,False,False,False,False,False,False,False,False,False,False,False,True,True,False,False,False,False,True,True,False,False,False,False,True,True,True,2026-09-08
getonbrd:senior-backend-engineer-ruby-python-golang-java-checkr-santiago,getonbrd,LATAM,Senior Back-end Engineer,Otro,False,False,fuera_de_alcance,Checkr,Chile,Senior,Senior,Full time,hybrid,Programming,https://www.getonbrd.com/jobs/senior-backend-engineer-ruby-python-golang-java-checkr-santiago,3000.0,4000.0,mensual,36.0,1781040072,sin_señal,functions,4.0,626,0,0,0,0,False,False,False,False,False,False,False,False,False,False,False,False,False,False,False,False,False,False,False,False,False,False,False,False,False,True,False,True,2026-09-08
getonbrd:docente-desarrollo-cloud-native-sede-melipilla-duoc-uc-santiago,getonbrd,LATAM,Docente Desarrollo Cloud Native Sede Melipilla,Otro,False,False,fuera_de_alcance,Duoc UC,Chile,Semi Senior,Semi Senior,Part time,no_remote,Education & Coaching,https://www.getonbrd.com/jobs/docente-desarrollo-cloud-native-sede-melipilla-duoc-uc-santiago,,,mensual,0.0,1780592698,sin_señal,functions,3.0,479,0,0,0,0,False,False,False,False,False,False,False,False,False,False,False,False,False,False,False,False,False,False,False,False,False,False,False,False,False,False,False,True,2026-09-08
getonbrd:docente-taller-de-base-de-datos-sede-san-bernardo-duoc-uc-santiago,getonbrd,LATAM,Docente Taller de Base de Datos Sede San Bernardo,Otro,False,False,fuera_de_alcance,Duoc UC,Chile,Semi Senior,Semi Senior,Part time,no_remote,Education & Coaching,https://www.getonbrd.com/jobs/docente-taller-de-base-de-datos-sede-san-bernardo-duoc-uc-santiago,,,mensual,4.0,1780590980,sin_señal,functions,3.0,480,0,0,0,0,True,False,False,False,False,False,False,False,False,False,False,False,False,False,False,False,False,False,False,False,True,False,False,False,False,False,False,True,2026-09-08
getonbrd:docente-base-de-datos-aplicada-i-sede-san-bernardo-duoc-uc-santiago,getonbrd,LATAM,Docente Base de Datos Aplicada I Sede San Bernardo,Otro,False,False,fuera_de_alcance,Duoc UC,Chile,Semi Senior,Semi Senior,Part time,no_remote,Education & Coaching,https://www.getonbrd.com/jobs/docente-base-de-datos-aplicada-i-sede-san-bernardo-duoc-uc-santiago,,,mensual,1.0,1780590618,sin_señal,functions,3.0,484,0,0,0,0,True,False,False,False,False,False,False,False,False,False,False,False,False,False,False,False,False,False,False,False,False,False,False,False,False,False,False,False,2026-09-08
getonbrd:docente-desarrollo-cloud-native-i-sede-san-bernardo-duoc-uc-santiago,getonbrd,LATAM,Docente Desarrollo Cloud Native I Sede San Bernardo,Otro,False,False,fuera_de_alcance,Duoc UC,Chile,Semi Senior,Semi Senior,Part time,no_remote,Education & Coaching,https://www.getonbrd.com/jobs/docente-desarrollo-cloud-native-i-sede-san-bernardo-duoc-uc-santiago,,,mensual,0.0,1780589936,sin_señal,functions,3.0,486,0,0,0,0,False,False,False,False,False,False,False,False,False,False,False,False,False,False,False,False,False,False,False,False,False,False,False,False,False,False,False,False,2026-09-08
getonbrd:ingeniero-de-software-senior-python-ruby-java-go-checkr-santiago,getonbrd,LATAM,Ingeniero de Software Senior Python // Ruby // Java // Go,Otro,False,False,fuera_de_alcance,Checkr,Chile,Senior,Senior,Full time,no_remote,Programming,https://www.getonbrd.com/jobs/ingeniero-de-software-senior-python-ruby-java-go-checkr-santiago,3800.0,4400.0,mensual,15.0,1776975469,señal_debil,functions,7.0,1381,0,0,1,0,False,True,False,False,False,False,False,False,False,False,False,False,False,False,False,False,False,False,False,False,False,False,False,False,False,True,False,True,2026-09-08
getonbrd:ingeniero-de-implementacion-de-ia-e-hiperautomatizacion-usercode-spa-remote,getonbrd,LATAM,Ingeniero de Implementación de IA e Hiperautomatización,Otro,False,False,fuera_de_alcance,Usercode SpA,Remote,Junior,Junior,Full time,remote_local,Programming,https://www.getonbrd.com/jobs/ingeniero-de-implementacion-de-ia-e-hiperautomatizacion-usercode-spa-remote,,,mensual,477.0,1772636242,sin_señal,functions,,1540,0,0,0,0,False,True,False,False,False,False,False,False,False,False,False,False,True,False,False,False,False,False,False,False,False,False,False,True,False,True,False,True,2026-09-08
getonbrd:ingeniero-de-software-full-stack-bc-tecnologia-remote,getonbrd,LATAM,Ingeniero de Software Full-Stack,Otro,False,False,fuera_de_alcance,BC Tecnología,Remote,Semi Senior,Semi Senior,Freelance,remote_local,Programming,https://www.getonbrd.com/jobs/ingeniero-de-software-full-stack-bc-tecnologia-remote,,,mensual,177.0,1771360459,sin_señal,functions,,588,0,0,0,0,False,False,False,False,False,False,False,False,False,False,False,False,True,True,False,False,False,False,False,False,False,False,False,False,False,True,False,True,2026-09-08
getonbrd:ingeniero-de-infraestructura-bc-tecnologia-santiago,getonbrd,LATAM,Ingeniero de Infraestructura,Otro,False,False,fuera_de_alcance,BC Tecnología,Chile,Senior,Senior,Full time,no_remote,SysAdmin / DevOps / QA,https://www.getonbrd.com/jobs/ingeniero-de-infraestructura-bc-tecnologia-santiago,,,mensual,88.0,1771346220,sin_señal,functions,6.0,950,0,0,0,0,False,True,False,False,False,False,False,False,False,False,False,False,True,True,False,False,False,False,True,False,False,False,False,False,False,True,True,True,2026-09-08
getonbrd:ingeniero-de-software-senior-checkr-santiago,getonbrd,LATAM,Ingeniero de Software Senior,Otro,False,False,fuera_de_alcance,Checkr,Chile,Senior,Senior,Full time,hybrid,Programming,https://www.getonbrd.com/jobs/ingeniero-de-software-senior-checkr-santiago,2800.0,3900.0,mensual,57.0,1767409018,sin_señal,functions,,420,0,0,0,0,False,True,False,False,False,False,False,False,False,False,False,False,False,False,False,False,False,False,False,False,False,False,False,False,False,True,False,False,2026-09-08
getonbrd:commercial-real-estate-bdr-kodiak-fields-team-remote,getonbrd,LATAM,Commercial Real Estate BDR,Otro,False,False,fuera_de_alcance,Kodiak Fields Team,Remote,Semi Senior,Semi Senior,Full time,fully_remote,Sales,https://www.getonbrd.com/jobs/commercial-real-estate-bdr-kodiak-fields-team-remote,3000.0,4250.0,mensual,0.0,1788884481,señal_debil,functions,,1631,0,1,0,0,False,False,False,False,False,False,False,False,False,False,False,False,False,False,False,False,False,False,False,False,False,False,False,False,False,True,False,False,2026-09-08
getonbrd:business-solutions-architect-worksuite-inc-remote,getonbrd,LATAM,Business Solutions Architect,Otro,False,False,fuera_de_alcance,"Worksuite, Inc.",Remote,Senior,Senior,Full time,fully_remote,Sales,https://www.getonbrd.com/jobs/business-solutions-architect-worksuite-inc-remote,,,mensual,39.0,1788289254,señal_debil,functions,4.0,1479,0,0,1,0,True,True,False,False,False,False,False,False,False,False,False,False,False,False,False,False,False,False,False,True,False,False,False,False,False,True,False,True,2026-09-08
getonbrd:account-executive-healthatom-santiago,getonbrd,LATAM,Account Executive,Otro,False,False,fuera_de_alcance,Healthatom,Chile,Semi Senior,Semi Senior,Full time,hybrid,Sales,https://www.getonbrd.com/jobs/account-executive-healthatom-santiago,,,mensual,186.0,1787861021,mixto,functions,,1737,0,1,1,0,False,False,False,False,False,False,False,False,False,False,False,False,False,False,False,False,False,False,False,False,False,False,False,False,False,False,True,False,2026-09-08
getonbrd:account-manager-enterprise-omnix-ai-corp-remote,getonbrd,LATAM,Account Manager ( Enterprise),Otro,False,False,fuera_de_alcance,OMNIX AI Corp,Remote,Senior,Senior,Full time,remote_local,Sales,https://www.getonbrd.com/jobs/account-manager-enterprise-omnix-ai-corp-remote,,,mensual,37.0,1787837479,mixto,functions,,818,1,0,1,0,False,False,False,False,False,False,False,False,False,False,False,False,False,False,False,False,False,False,False,False,False,False,False,False,False,False,True,False,2026-09-08
getonbrd:pmo-vmo-senior-bc-tecnologia-santiago,getonbrd,LATAM,PMO / Vmo Senior,Otro,False,False,fuera_de_alcance,BC Tecnología,Chile,Senior,Senior,Full time,hybrid,"Product, Innovation & Agile",https://www.getonbrd.com/jobs/pmo-vmo-senior-bc-tecnologia-santiago,,,mensual,55.0,1784825198,analitica,functions,8.0,1061,0,4,0,0,False,False,True,True,False,False,False,False,False,False,False,False,False,True,False,False,False,False,False,False,False,False,False,False,False,False,False,False,2026-09-08
getonbrd:applied-ai-developer-apis-and-business-intelligence-paperstreet-web-design-remote,getonbrd,LATAM,"Applied AI Developer, APIs and Business Intelligence",Data Analyst / BI,True,True,titulo,PaperStreet Web Design,Remote,Semi Senior,Semi Senior,Part time,fully_remote,Programming,https://www.getonbrd.com/jobs/applied-ai-developer-apis-and-business-intelligence-paperstreet-web-design-remote,,,mensual,441.0,1784669177,mixto,functions,,656,0,2,1,0,True,True,False,False,False,False,False,False,False,False,False,False,True,True,False,False,False,False,False,False,False,False,False,False,False,False,False,False,2026-09-08
getonbrd:community-manager-promarketing-remote-55d8,getonbrd,LATAM,Community Manager,Otro,False,False,fuera_de_alcance,Promarketing,Remote,Senior,Senior,Full time,fully_remote,Digital Marketing,https://www.getonbrd.com/jobs/community-manager-promarketing-remote-55d8,,,mensual,341.0,1783546118,sin_señal,functions,3.0,891,0,0,0,0,False,False,False,False,False,False,False,False,False,False,False,False,False,False,False,False,False,False,False,False,False,False,False,False,False,True,False,True,2026-09-08
getonbrd:revenue-operations-manager-rankmi-ciudad-de-mexico-santiago-lima,getonbrd,LATAM,Revenue Operations Manager,Otro,False,False,fuera_de_alcance,Rankmi,Remote,Senior,Senior,Full time,remote_local,Operations / Admin,https://www.getonbrd.com/jobs/revenue-operations-manager-rankmi-ciudad-de-mexico-santiago-lima,,,mensual,202.0,1782810321,mixto,functions,,1700,2,3,1,2,False,False,False,False,False,False,False,False,False,False,False,False,False,False,False,False,False,False,False,False,False,False,False,False,False,True,True,True,2026-09-08
getonbrd:jefe-a-de-proyectos-risk-ops-bilingue-bc-tecnologia-santiago,getonbrd,LATAM,Jefe(a) de Procesos y Riesgo Operacional Bilingüe,Otro,False,False,fuera_de_alcance,BC Tecnología,Chile,Semi Senior,Semi Senior,Full time,hybrid,Operations / Admin,https://www.getonbrd.com/jobs/jefe-a-de-proyectos-risk-ops-bilingue-bc-tecnologia-santiago,,,mensual,47.0,1780584535,señal_debil,functions,3.0,816,0,0,0,1,True,False,False,False,False,False,False,False,False,False,False,False,False,False,False,False,False,False,False,False,False,False,False,False,False,False,True,True,2026-09-08
getonbrd:ingeniero-a-de-procesos-senior-bc-tecnologia-santiago,getonbrd,LATAM,Ingeniero/a de Procesos Senior,Otro,False,False,fuera_de_alcance,BC Tecnología,Chile,Senior,Senior,Full time,hybrid,Operations / Admin,https://www.getonbrd.com/jobs/ingeniero-a-de-procesos-senior-bc-tecnologia-santiago,,,mensual,171.0,1778198620,señal_debil,functions,2.0,684,0,1,0,0,False,False,False,False,False,False,False,False,False,False,False,False,False,False,False,False,False,False,False,False,False,False,False,False,False,True,True,True,2026-09-08
getonbrd:ejecutivo-de-fidelizacion-especialista-enviame-remote,getonbrd,LATAM,Ejecutivo de Fidelización Especialista,Otro,False,False,fuera_de_alcance,Enviame,Chile,Senior,Senior,Full time,hybrid,Customer Support,https://www.getonbrd.com/jobs/ejecutivo-de-fidelizacion-especialista-enviame-remote,1500.0,1600.0,mensual,486.0,1767814746,sin_señal,functions,2.0,810,0,0,0,0,False,False,False,False,False,True,False,False,False,False,False,False,False,False,False,False,False,False,False,False,False,False,False,False,False,False,False,False,2026-09-08
getonbrd:senior-fullstack-software-engineer-react-y-python-maxxa-remote,getonbrd,LATAM,Senior Full-Stack Software Engineer — React y Python,Otro,False,False,fuera_de_alcance,Maxxa,Remote,Senior,Senior,Full time,remote_local,Programming,https://www.getonbrd.com/jobs/senior-fullstack-software-engineer-react-y-python-maxxa-remote,3600.0,3600.0,mensual,285.0,1788204027,sin_señal,functions,6.0,1624,0,0,0,0,False,True,False,False,False,False,False,False,False,False,False,False,False,False,False,False,False,False,False,False,False,False,False,False,False,True,False,False,2026-09-08
getonbrd:jefe-de-ventas-terreno-y-online-mexico-bsale-ciudad-de-mexico,getonbrd,LATAM,Jefe de Ventas Terreno y Online México,Otro,False,False,fuera_de_alcance,BSALE,Mexico,Senior,Senior,Full time,no_remote,Sales,https://www.getonbrd.com/jobs/jefe-de-ventas-terreno-y-online-mexico-bsale-ciudad-de-mexico,,,mensual,31.0,1788816172,mixto,functions,3.0,910,0,1,0,1,False,False,False,False,False,False,False,False,False,False,False,False,False,False,False,False,False,False,False,False,False,False,False,False,False,True,False,False,2026-09-08
getonbrd:paid-media-junior-ecommerce-dsac-chile-santiago,getonbrd,LATAM,Paid Media Junior (E-commerce),Otro,False,False,fuera_de_alcance,DSAC Chile,Chile,Junior,Junior,Full time,hybrid,Digital Marketing,https://www.getonbrd.com/jobs/paid-media-junior-ecommerce-dsac-chile-santiago,,,mensual,9.0,1788803093,mixto,functions,2.0,1025,1,2,0,1,False,False,True,False,False,True,False,False,False,False,False,False,False,False,False,False,False,False,False,False,False,False,False,False,False,True,False,True,2026-09-08
getonbrd:growth-marketing-manager-hands-on-dtc-odelyne-technology-remote,getonbrd,LATAM,Growth Marketing Manager (Hands on) · Dtc,Otro,False,False,fuera_de_alcance,Odelyne Technology,Remote,Senior,Senior,Full time,fully_remote,Digital Marketing,https://www.getonbrd.com/jobs/growth-marketing-manager-hands-on-dtc-odelyne-technology-remote,,,mensual,49.0,1788480160,mixto,functions,8.0,1684,1,1,0,1,False,False,False,False,False,False,False,False,False,False,False,False,False,False,False,False,False,False,False,False,False,False,False,True,False,True,False,True,2026-09-08
getonbrd:paid-media-semi-senior-dsac-chile-santiago,getonbrd,LATAM,Paid Media Semi Senior,Otro,False,False,fuera_de_alcance,DSAC Chile,Chile,Semi Senior,Semi Senior,Full time,hybrid,Digital Marketing,https://www.getonbrd.com/jobs/paid-media-semi-senior-dsac-chile-santiago,,,mensual,12.0,1788388948,mixto,functions,4.0,1732,0,3,0,2,False,False,True,False,False,True,False,False,False,False,False,False,False,False,False,False,False,False,False,False,False,False,False,False,False,True,False,False,2026-09-08
getonbrd:front-end-developer-react-next-js-seo-bc-tecnologia-buenos-aires,getonbrd,LATAM,Front-end Developer React / Next.JS (SEO),Otro,False,False,fuera_de_alcance,BC Tecnología,Argentina,Senior,Senior,Freelance,hybrid,Programming,https://www.getonbrd.com/jobs/front-end-developer-react-next-js-seo-bc-tecnologia-buenos-aires,,,mensual,36.0,1788300657,señal_debil,functions,4.0,980,0,0,0,1,False,False,False,False,False,False,False,False,False,False,False,False,False,False,False,False,False,False,False,True,False,False,False,False,False,False,True,False,2026-09-08
getonbrd:rcm-consultant-autoraptor-remote,getonbrd,LATAM,Revenue Cycle Management (Rcm) Consultant,Otro,False,False,fuera_de_alcance,AutoRaptor,Remote,Senior,Senior,Full time,remote_local,Operations / Admin,https://www.getonbrd.com/jobs/rcm-consultant-autoraptor-remote,,,mensual,37.0,1788189632,señal_debil,functions,5.0,810,0,0,1,0,False,False,False,False,False,False,True,False,False,False,False,False,False,False,False,False,False,False,False,False,False,False,False,False,False,True,False,True,2026-09-08
getonbrd:product-owner-grupo-lagos-santiago-b8d8,getonbrd,LATAM,Product Owner Junior,Otro,False,False,fuera_de_alcance,Grupo Lagos,Chile,Junior,Junior,Full time,hybrid,"Product, Innovation & Agile",https://www.getonbrd.com/jobs/product-owner-grupo-lagos-santiago-b8d8,1500.0,1900.0,mensual,125.0,1787918438,señal_debil,functions,1.0,652,0,1,0,0,False,False,False,False,False,False,False,False,False,False,False,False,False,False,False,False,False,False,False,False,False,False,False,False,False,True,True,True,2026-09-08
getonbrd:full-stack-product-engineer-react-next-js-ai-infrastructu-crost-ai-remote,getonbrd,LATAM,Full-Stack Product Engineer (React/Next.JS + AI Infrastructu,Otro,False,False,fuera_de_alcance,Crost AI,Remote,Senior,Senior,Full time,fully_remote,Programming,https://www.getonbrd.com/jobs/full-stack-product-engineer-react-next-js-ai-infrastructu-crost-ai-remote,2700.0,4000.0,mensual,306.0,1787845897,ingenieria,functions,,1102,0,0,2,0,False,True,False,False,False,False,False,False,False,False,False,False,False,False,False,False,False,False,True,True,False,False,False,False,False,True,False,False,2026-09-08
getonbrd:it-product-manager-tcit-santiago-7796,getonbrd,LATAM,IT Product Manager,Otro,False,False,fuera_de_alcance,TCIT,Chile,Semi Senior,Semi Senior,Full time,hybrid,"Product, Innovation & Agile",https://www.getonbrd.com/jobs/it-product-manager-tcit-santiago-7796,2100.0,2700.0,mensual,156.0,1787761128,mixto,functions,9.0,1470,0,1,0,1,False,False,False,False,False,False,False,False,False,False,False,False,True,False,False,False,False,False,False,False,False,False,False,False,False,True,True,True,2026-09-08
getonbrd:senior-technical-project-manager-integratz-vina-del-mar,getonbrd,LATAM,Senior Technical Project Manager,Otro,False,False,fuera_de_alcance,INTEGRATZ,Chile,Senior,Senior,Full time,hybrid,"Product, Innovation & Agile",https://www.getonbrd.com/jobs/senior-technical-project-manager-integratz-vina-del-mar,3200.0,3700.0,mensual,36.0,1787697526,señal_debil,functions,3.0,1934,0,0,1,0,False,False,True,False,False,False,False,False,False,False,False,False,False,False,False,False,False,False,False,False,False,False,False,False,False,True,True,True,2026-09-08
getonbrd:full-stack-developer-niuro-remote-0f51,getonbrd,LATAM,Mid Level Full-Stack Developer,Otro,False,False,fuera_de_alcance,Niuro,Remote,Semi Senior,Semi Senior,Full time,remote_local,Programming,https://www.getonbrd.com/jobs/full-stack-developer-niuro-remote-0f51,1400.0,1800.0,mensual,144.0,1788550075,ingenieria,functions,1.0,700,0,0,2,0,False,True,False,False,False,False,False,False,False,False,False,False,True,False,False,False,False,False,False,True,False,False,False,True,False,False,False,True,2026-09-08
getonbrd:product-manager-api-integrations-niuro-remote-b94b,getonbrd,LATAM,Product Manager API Integrations,Otro,False,False,fuera_de_alcance,Niuro,Remote,Semi Senior,Semi Senior,Full time,remote_local,"Product, Innovation & Agile",https://www.getonbrd.com/jobs/product-manager-api-integrations-niuro-remote-b94b,3000.0,3500.0,mensual,27.0,1788546000,sin_señal,functions,3.0,537,0,0,0,0,False,False,False,False,False,False,False,False,False,False,False,False,False,False,False,False,False,False,False,False,False,False,False,False,False,False,False,False,2026-09-08
getonbrd:revops-crm-lead-reemplazo-pre-y-post-natal-iconstruye-santiago,getonbrd,LATAM,CRM Manager (Reemplazo Pre y Post Natal),Otro,False,False,fuera_de_alcance,ICONSTRUYE,Chile,Semi Senior,Semi Senior,Full time,hybrid,Operations / Admin,https://www.getonbrd.com/jobs/revops-crm-lead-reemplazo-pre-y-post-natal-iconstruye-santiago,1400.0,1800.0,mensual,35.0,1788276242,analitica,functions,2.0,950,0,3,1,0,False,False,False,True,False,True,False,False,False,False,False,False,False,False,False,False,False,False,False,False,False,False,False,False,False,False,False,False,2026-09-08
getonbrd:tiktok-content-creator-lima-bsale-lima,getonbrd,LATAM,TikTok Content Creator y Host de Marca,Otro,False,False,fuera_de_alcance,BSALE,Peru,Junior,Junior,Full time,no_remote,"Content, Advertising & Media",https://www.getonbrd.com/jobs/tiktok-content-creator-lima-bsale-lima,,,mensual,50.0,1788210123,analitica,functions,1.0,1559,0,2,0,0,False,False,False,False,False,False,False,False,False,False,False,False,False,False,False,False,False,False,False,False,False,False,False,False,False,True,False,False,2026-09-08
getonbrd:analista-de-retencion-y-fidelizacion-cdxm-bsale-ciudad-de-mexico-0cfb,getonbrd,LATAM,Analista de Retención y Fidelización Cdxm,Otro,False,False,fuera_de_alcance,BSALE,Mexico,Junior,Junior,Full time,no_remote,Customer Support,https://www.getonbrd.com/jobs/analista-de-retencion-y-fidelizacion-cdxm-bsale-ciudad-de-mexico-0cfb,,,mensual,30.0,1788210114,sin_señal,functions,1.0,797,0,0,0,0,False,False,False,False,False,False,False,False,False,False,False,False,False,False,False,False,False,False,False,False,False,False,False,False,False,True,False,False,2026-09-08
getonbrd:billing-specialist-autoraptor-remote,getonbrd,LATAM,Billing Specialist,Otro,False,False,fuera_de_alcance,AutoRaptor,Remote,Semi Senior,Semi Senior,Full time,remote_local,Operations / Admin,https://www.getonbrd.com/jobs/billing-specialist-autoraptor-remote,,,mensual,37.0,1788189567,señal_debil,functions,3.0,1662,0,0,1,0,False,False,True,False,False,False,False,False,False,False,False,False,False,False,False,False,False,False,False,False,False,False,False,False,False,True,False,False,2026-09-08
getonbrd:especialista-qa-senior-latam-bc-tecnologia-remote,getonbrd,LATAM,Especialista QA Senior LATAM,Otro,False,False,fuera_de_alcance,BC Tecnología,Remote,Senior,Senior,Full time,fully_remote,SysAdmin / DevOps / QA,https://www.getonbrd.com/jobs/especialista-qa-senior-latam-bc-tecnologia-remote,,,mensual,143.0,1787862149,señal_debil,functions,,1806,0,0,0,1,True,False,False,False,False,False,False,False,False,False,False,False,False,False,False,False,False,False,False,False,False,False,False,False,False,False,False,True,2026-09-08
getonbrd:product-tax-analyst-niuro-remote,getonbrd,LATAM,Product Tax Analyst,Otro,False,False,fuera_de_alcance,Niuro,Remote,Semi Senior,Semi Senior,Full time,remote_local,"Product, Innovation & Agile",https://www.getonbrd.com/jobs/product-tax-analyst-niuro-remote,2500.0,3000.0,mensual,11.0,1787849096,sin_señal,functions,4.0,526,0,0,0,0,False,False,False,False,False,False,False,False,False,False,False,False,False,False,False,False,False,False,False,False,False,False,False,False,False,True,True,True,2026-09-08
getonbrd:desarrollador-a-android-senior-bc-tecnologia-santiago,getonbrd,LATAM,Desarrollador(a) Android Senior,Otro,False,False,fuera_de_alcance,BC Tecnología,Chile,Senior,Senior,Full time,hybrid,Mobile Development,https://www.getonbrd.com/jobs/desarrollador-a-android-senior-bc-tecnologia-santiago,,,mensual,12.0,1787585457,sin_señal,functions,3.0,655,0,0,0,0,False,False,False,False,False,False,False,False,False,False,False,False,False,False,False,False,False,False,False,True,False,False,False,False,False,False,False,True,2026-09-08
getonbrd:desarrollador-a-ios-senior-bc-tecnologia-santiago,getonbrd,LATAM,Desarrollador(a) iOS Senior,Otro,False,False,fuera_de_alcance,BC Tecnología,Chile,Senior,Senior,Freelance,hybrid,Mobile Development,https://www.getonbrd.com/jobs/desarrollador-a-ios-senior-bc-tecnologia-santiago,,,mensual,11.0,1787583641,sin_señal,functions,3.0,667,0,0,0,0,False,False,False,False,False,False,False,False,False,False,False,False,False,False,False,False,False,False,False,True,False,False,False,False,False,False,False,True,2026-09-08
getonbrd:business-analyst-bice-vida-santiago,getonbrd,LATAM,Business Analyst,Business Analyst,True,True,titulo,BICE VIDA,Chile,Semi Senior,Semi Senior,Full time,hybrid,"Product, Innovation & Agile",https://www.getonbrd.com/jobs/business-analyst-bice-vida-santiago,,,mensual,197.0,1787350565,analitica,functions,1.0,1369,0,3,0,1,True,False,True,True,False,True,False,False,False,False,False,False,False,False,False,False,False,False,False,False,False,False,False,False,False,True,True,False,2026-09-08
getonbrd:back-end-developer-node-js-aws-witi-santiago-e035,getonbrd,LATAM,Back-end Developer Node.js AWS,Otro,False,False,fuera_de_alcance,WiTi,Chile,Senior,Senior,Full time,hybrid,Programming,https://www.getonbrd.com/jobs/back-end-developer-node-js-aws-witi-santiago-e035,,,mensual,19.0,1787328791,sin_señal,functions,4.0,538,0,0,0,0,False,False,False,False,False,False,False,False,False,False,False,False,True,False,False,False,False,False,True,True,True,False,False,False,False,False,False,True,2026-09-08
getonbrd:qa-lead-e-commerce-ingles-smith-remote,getonbrd,LATAM,QA Lead E-commerce (Inglés),Otro,False,False,fuera_de_alcance,Smith,Remote,Senior,Senior,Freelance,fully_remote,SysAdmin / DevOps / QA,https://www.getonbrd.com/jobs/qa-lead-e-commerce-ingles-smith-remote,,,mensual,89.0,1787253470,señal_debil,functions,,1126,0,1,0,0,False,False,False,False,False,False,False,False,False,False,False,False,False,False,False,False,False,False,False,False,False,False,False,False,False,True,False,True,2026-09-08
getonbrd:ingeniero-a-productos-digitales-agrosuper-rancagua,getonbrd,LATAM,Ingeniero/a Productos Digitales,Otro,False,False,fuera_de_alcance,Agrosuper,Chile,Junior,Junior,Full time,no_remote,Programming,https://www.getonbrd.com/jobs/ingeniero-a-productos-digitales-agrosuper-rancagua,,,mensual,62.0,1787071924,sin_señal,functions,,693,0,0,0,0,False,False,False,False,False,False,False,False,False,False,False,False,False,True,False,False,False,False,True,False,False,False,False,False,False,False,False,True,2026-09-08
getonbrd:healthcare-seo-strategist-medgains-remote,getonbrd,LATAM,Healthcare SEO Strategist,Otro,False,False,fuera_de_alcance,Medgains,Remote,Senior,Senior,Part time,fully_remote,Digital Marketing,https://www.getonbrd.com/jobs/healthcare-seo-strategist-medgains-remote,,,mensual,35.0,1787019471,señal_debil,functions,,1476,0,1,0,0,False,False,False,False,False,False,False,False,False,False,False,False,False,False,False,False,False,False,False,False,False,False,False,False,False,True,False,True,2026-09-08
getonbrd:team-lead-mobile-solutions-grupo-mariposa-remote-0e83,getonbrd,LATAM,Team Lead – Consumer & Martech Solutions,Otro,False,False,fuera_de_alcance,Grupo Mariposa,Remote,Senior,Senior,Full time,remote_local,Mobile Development,https://www.getonbrd.com/jobs/team-lead-mobile-solutions-grupo-mariposa-remote-0e83,,,mensual,55.0,1786567256,señal_debil,functions,,1355,0,1,0,0,False,False,False,False,False,False,False,False,False,False,False,False,False,False,False,False,False,False,False,False,False,False,False,False,False,True,True,True,2026-09-08
getonbrd:ecommerce-manager-interfell-remote,getonbrd,LATAM,E-commerce Manager,Otro,False,False,fuera_de_alcance,Interfell,Remote,Senior,Senior,Full time,fully_remote,Operations / Admin,https://www.getonbrd.com/jobs/ecommerce-manager-interfell-remote,1900.0,2000.0,mensual,135.0,1786496289,mixto,functions,5.0,1774,1,1,1,1,False,False,False,False,False,False,False,False,False,False,False,False,False,False,False,False,False,False,False,False,False,False,False,False,False,False,False,True,2026-09-08
getonbrd:senior-salesforce-administrator-dillo-tech-remote,getonbrd,LATAM,Sr. Salesforce/Certina Administrator,Otro,False,False,fuera_de_alcance,Dillo.Tech,Remote,Senior,Senior,Full time,remote_local,SysAdmin / DevOps / QA,https://www.getonbrd.com/jobs/senior-salesforce-administrator-dillo-tech-remote,4000.0,5000.0,mensual,14.0,1786475049,señal_debil,functions,5.0,876,0,0,0,1,False,False,False,False,False,False,False,False,False,False,False,False,False,False,False,False,False,False,False,False,False,False,False,False,False,True,True,True,2026-09-08
getonbrd:shopify-developer-ongoing-part-time-casa-hidalgo-remote,getonbrd,LATAM,"Shopify Developer (Ongoing, Part Time)",Otro,False,False,fuera_de_alcance,Casa Hidalgo,Remote,Semi Senior,Semi Senior,Part time,remote_local,Programming,https://www.getonbrd.com/jobs/shopify-developer-ongoing-part-time-casa-hidalgo-remote,,,mensual,74.0,1786205878,sin_señal,functions,2.0,771,0,0,0,0,False,False,False,False,False,False,False,False,False,False,False,False,False,False,False,False,False,False,False,False,False,False,False,False,False,True,False,False,2026-09-08
getonbrd:content-writer-hma-remote,getonbrd,LATAM,SEO Specialist,Otro,False,False,fuera_de_alcance,HMA,Remote,Semi Senior,Semi Senior,Full time,remote_local,Digital Marketing,https://www.getonbrd.com/jobs/content-writer-hma-remote,400.0,450.0,mensual,77.0,1786108338,señal_debil,functions,2.0,999,0,1,0,0,False,False,False,False,False,False,False,False,False,False,False,False,False,False,False,False,False,False,False,False,False,False,False,False,False,True,False,False,2026-09-08
getonbrd:hr-business-partner-mediastream-bogota-47bd,getonbrd,LATAM,HR Analyst,Otro,False,False,fuera_de_alcance,Mediastream,Colombia,Semi Senior,Semi Senior,Full time,no_remote,People & HR,https://www.getonbrd.com/jobs/hr-business-partner-mediastream-bogota-47bd,,,mensual,71.0,1785860156,mixto,functions,19.0,1564,0,1,1,2,False,False,False,False,False,False,False,False,False,False,False,False,False,False,False,False,False,False,False,False,False,False,False,False,False,True,False,True,2026-09-08
getonbrd:consultor-a-semi-senior-ibm-openpages-factor-it-remote,getonbrd,LATAM,Consultor/a Semi Senior IBM Openpages,Otro,False,False,fuera_de_alcance,Factor IT,Remote,Semi Senior,Semi Senior,Full time,fully_remote,Programming,https://www.getonbrd.com/jobs/consultor-a-semi-senior-ibm-openpages-factor-it-remote,,,mensual,44.0,1785338963,mixto,functions,2.0,913,0,2,2,1,True,False,False,False,False,False,False,False,False,False,False,False,False,False,False,False,False,False,False,False,False,True,False,False,False,True,False,True,2026-09-08
getonbrd:product-execution-partner-force-of-nature-remote,getonbrd,LATAM,Product Execution Partner,Otro,False,False,fuera_de_alcance,Force Of Nature,Remote,Senior,Senior,Part time,remote_local,"Product, Innovation & Agile",https://www.getonbrd.com/jobs/product-execution-partner-force-of-nature-remote,,,mensual,68.0,1784666722,sin_señal,functions,,394,0,0,0,0,False,False,False,False,False,False,False,False,False,False,False,False,False,False,False,False,False,False,False,False,False,False,False,False,False,True,True,False,2026-09-08
getonbrd:senior-qa-analyst-brain-box-labs-remote,getonbrd,LATAM,Senior QA Analyst,Otro,False,False,fuera_de_alcance,Brain Box Labs,Remote,Senior,Senior,Full time,fully_remote,SysAdmin / DevOps / QA,https://www.getonbrd.com/jobs/senior-qa-analyst-brain-box-labs-remote,900.0,1500.0,mensual,115.0,1784117400,señal_debil,functions,5.0,875,0,1,0,0,False,False,False,False,False,False,False,False,False,False,False,False,False,False,False,False,False,False,False,False,False,False,False,False,False,True,False,False,2026-09-08
getonbrd:business-analyst-mobile-montevideo-bc-tecnologia-montevideo,getonbrd,LATAM,Business Analyst Mobile Montevideo,Business Analyst,True,True,titulo,BC Tecnología,Uruguay,Semi Senior,Semi Senior,Full time,hybrid,"Product, Innovation & Agile",https://www.getonbrd.com/jobs/business-analyst-mobile-montevideo-bc-tecnologia-montevideo,,,mensual,67.0,1783952172,señal_debil,functions,3.0,727,0,1,0,0,False,False,False,False,False,False,False,False,False,False,False,False,False,False,False,False,False,False,False,False,False,False,False,False,False,True,True,True,2026-09-08
getonbrd:founding-growth-marketing-customer-success-lead-verahire-remote,getonbrd,LATAM,Founding Growth Marketing & Customer Success Lead,Otro,False,False,fuera_de_alcance,VeraHire,Remote,Senior,Senior,Full time,remote_local,Customer Support,https://www.getonbrd.com/jobs/founding-growth-marketing-customer-success-lead-verahire-remote,3800.0,6000.0,mensual,58.0,1782820482,mixto,functions,,1979,0,2,2,0,False,False,False,False,False,False,False,False,False,False,False,False,False,False,False,False,False,False,False,False,False,False,False,False,False,True,True,False,2026-09-08
getonbrd:personal-brand-social-growth-associate-yi-sherry-zhang-remote,getonbrd,LATAM,Personal Brand & Social Growth Associate,Otro,False,False,fuera_de_alcance,Yi Sherry Zhang,Remote,Junior,Junior,Part time,fully_remote,Digital Marketing,https://www.getonbrd.com/jobs/personal-brand-social-growth-associate-yi-sherry-zhang-remote,,,mensual,210.0,1782231789,mixto,functions,,1515,0,1,1,0,False,False,False,False,False,False,False,False,False,False,False,False,False,False,False,False,False,False,False,False,False,False,False,False,False,True,False,False,2026-09-08
getonbrd:product-owner-app-mobile-bc-tecnologia-remote,getonbrd,LATAM,Product Owner App Mobile,Otro,False,False,fuera_de_alcance,BC Tecnología,Remote,Senior,Senior,Full time,remote_local,"Product, Innovation & Agile",https://www.getonbrd.com/jobs/product-owner-app-mobile-bc-tecnologia-remote,,,mensual,61.0,1781887642,señal_debil,functions,3.0,1127,0,1,0,0,False,False,False,False,False,False,False,False,False,False,False,False,False,False,False,False,False,False,False,False,False,False,False,False,False,True,True,True,2026-09-08
getonbrd:marketing-manager-trading-niuro-remote,getonbrd,LATAM,Head of Marketing & Growth (Trading),Otro,False,False,fuera_de_alcance,Niuro,Remote,Senior,Senior,Full time,remote_local,Digital Marketing,https://www.getonbrd.com/jobs/marketing-manager-trading-niuro-remote,4000.0,4500.0,mensual,131.0,1780689327,señal_debil,functions,6.0,944,0,1,0,0,False,False,False,False,False,False,False,False,False,False,False,False,False,False,False,False,False,False,False,False,False,False,False,False,False,True,True,False,2026-09-08
getonbrd:coordinador-contable-bnp-paribas-cardif-santiago,getonbrd,LATAM,Coordinador Contable,Otro,False,False,fuera_de_alcance,BNP Paribas Cardif,Chile,Senior,Senior,Full time,hybrid,Operations / Admin,https://www.getonbrd.com/jobs/coordinador-contable-bnp-paribas-cardif-santiago,,,mensual,121.0,1780445758,señal_debil,functions,5.0,838,0,0,0,1,False,False,False,False,False,False,False,False,False,False,False,False,False,False,False,False,False,False,False,False,False,False,False,False,False,False,False,False,2026-09-08
getonbrd:project-manager-software-programs-platform-niuro-remote,getonbrd,LATAM,Project Manager (Software Programs & Platform),Otro,False,False,fuera_de_alcance,Niuro,Remote,Senior,Senior,Full time,remote_local,"Product, Innovation & Agile",https://www.getonbrd.com/jobs/project-manager-software-programs-platform-niuro-remote,2000.0,3000.0,mensual,186.0,1780346528,mixto,functions,5.0,686,0,1,0,1,False,False,False,False,False,False,False,False,False,False,False,False,False,False,False,False,False,False,False,False,False,False,False,False,False,True,True,True,2026-09-08
getonbrd:microsoft-power-platform-automation-engineer-dartmoor-analytics-remote,getonbrd,LATAM,Microsoft Power Platform Automation Engineer,Otro,False,False,fuera_de_alcance,Dartmoor Analytics,Remote,Senior,Senior,Full time,remote_local,Programming,https://www.getonbrd.com/jobs/microsoft-power-platform-automation-engineer-dartmoor-analytics-remote,3100.0,5200.0,mensual,72.0,1779739159,sin_señal,functions,,1539,0,0,0,0,False,True,False,False,False,False,False,False,False,False,False,False,False,True,False,False,False,False,False,False,False,False,False,False,False,True,False,True,2026-09-08
getonbrd:front-end-developer-react-next-js-bc-tecnologia-bogota,getonbrd,LATAM,Front-end Developer (React/Next.JS),Otro,False,False,fuera_de_alcance,BC Tecnología,Colombia,Semi Senior,Semi Senior,Full time,hybrid,Programming,https://www.getonbrd.com/jobs/front-end-developer-react-next-js-bc-tecnologia-bogota,,,mensual,280.0,1778614772,señal_debil,functions,3.0,524,0,0,0,1,False,False,False,False,False,False,False,False,False,False,False,False,False,False,False,False,False,False,False,False,False,False,False,False,False,True,True,True,2026-09-08
getonbrd:growth-marketing-partnerships-strategist-lipstick-lex-llc-remote,getonbrd,LATAM,Growth Marketing + Partnerships Strategist,Otro,False,False,fuera_de_alcance,Lipstick Lex LLC,Remote,Senior,Senior,Part time,remote_local,Digital Marketing,https://www.getonbrd.com/jobs/growth-marketing-partnerships-strategist-lipstick-lex-llc-remote,,,mensual,76.0,1778551715,señal_debil,functions,,1262,0,1,0,0,False,False,False,False,False,False,False,False,False,False,False,False,False,False,False,False,False,False,False,False,False,False,False,False,False,False,False,True,2026-09-08
getonbrd:project-manager-operations-signant-health-remote,getonbrd,LATAM,Project Manager Operations,Otro,False,False,fuera_de_alcance,Signant Health,Remote,Senior,Senior,Full time,remote_local,"Product, Innovation & Agile",https://www.getonbrd.com/jobs/project-manager-operations-signant-health-remote,,,mensual,200.0,1778528961,mixto,functions,,1661,1,1,0,1,False,False,True,False,False,False,False,False,False,False,False,False,False,False,True,False,False,False,False,False,False,False,False,False,False,True,True,True,2026-09-08
getonbrd:product-owner-po-agile-bc-tecnologia-santiago,getonbrd,LATAM,Product Owner (PO) Agile,Otro,False,False,fuera_de_alcance,BC Tecnología,Chile,Semi Senior,Semi Senior,Freelance,hybrid,"Product, Innovation & Agile",https://www.getonbrd.com/jobs/product-owner-po-agile-bc-tecnologia-santiago,,,mensual,258.0,1777503629,sin_señal,functions,3.0,820,0,0,0,0,False,False,False,False,False,False,False,False,False,False,False,False,False,True,False,False,False,False,False,False,False,False,False,False,False,True,True,True,2026-09-08
getonbrd:business-analyst-junior-bc-tecnologia-santiago,getonbrd,LATAM,Business Analyst Junior,Business Analyst,True,True,titulo,BC Tecnología,Chile,Junior,Junior,Full time,hybrid,"Product, Innovation & Agile",https://www.getonbrd.com/jobs/business-analyst-junior-bc-tecnologia-santiago,1500.0,1700.0,mensual,317.0,1776901563,mixto,functions,,964,0,1,0,1,True,False,False,False,False,False,False,False,False,False,False,False,False,False,False,False,False,False,False,False,False,False,False,False,False,True,True,True,2026-09-08
getonbrd:product-owner-junior-bc-tecnologia-santiago,getonbrd,LATAM,Product Owner Junior,Otro,False,False,fuera_de_alcance,BC Tecnología,Chile,Junior,Junior,Full time,hybrid,"Product, Innovation & Agile",https://www.getonbrd.com/jobs/product-owner-junior-bc-tecnologia-santiago,1900.0,2200.0,mensual,324.0,1776268365,señal_debil,functions,1.0,850,0,1,0,0,False,False,False,False,False,False,False,False,False,False,False,False,False,False,False,False,False,False,False,False,False,False,False,False,False,True,True,True,2026-09-08
getonbrd:business-analyst-backlog-y-requerimientos-bc-tecnologia-santiago,getonbrd,LATAM,Business Analyst (Backlog y Requerimientos),Business Analyst,True,True,titulo,BC Tecnología,Chile,Junior,Junior,Full time,hybrid,"Product, Innovation & Agile",https://www.getonbrd.com/jobs/business-analyst-backlog-y-requerimientos-bc-tecnologia-santiago,,,mensual,145.0,1776099668,mixto,functions,1.0,886,0,1,0,1,False,False,False,False,False,False,False,False,False,False,False,False,False,False,False,False,False,False,False,False,False,False,False,False,False,True,True,False,2026-09-08
getonbrd:business-analyst-proyecto-bc-tecnologia-santiago,getonbrd,LATAM,Business Analyst (Proyecto),Business Analyst,True,True,titulo,BC Tecnología,Chile,Semi Senior,Semi Senior,Full time,hybrid,"Product, Innovation & Agile",https://www.getonbrd.com/jobs/business-analyst-proyecto-bc-tecnologia-santiago,1500.0,1700.0,mensual,100.0,1775570346,señal_debil,functions,6.0,510,0,0,0,1,True,False,False,False,False,False,False,False,False,False,False,False,False,False,False,False,False,False,False,False,False,False,False,False,False,True,True,True,2026-09-08
getonbrd:lider-ux-ui-bc-tecnologia-santiago,getonbrd,LATAM,Líder UX/UI,Otro,False,False,fuera_de_alcance,BC Tecnología,Chile,Senior,Senior,Full time,hybrid,Design / UX,https://www.getonbrd.com/jobs/lider-ux-ui-bc-tecnologia-santiago,2200.0,2500.0,mensual,167.0,1770154203,señal_debil,functions,4.0,692,0,1,0,0,False,False,False,False,False,False,False,False,False,False,False,False,False,False,False,False,False,False,False,False,False,False,False,False,False,True,False,False,2026-09-08
getonbrd:functional-program-manager-bc-tecnologia-santiago,getonbrd,LATAM,Functional Program Manager,Otro,False,False,fuera_de_alcance,BC Tecnología,Chile,Senior,Senior,Full time,hybrid,"Product, Innovation & Agile",https://www.getonbrd.com/jobs/functional-program-manager-bc-tecnologia-santiago,,,mensual,78.0,1769802487,analitica,functions,,689,0,3,0,0,False,False,False,False,False,False,False,False,False,False,False,False,False,False,False,False,False,False,False,False,False,False,False,False,False,False,True,True,2026-09-08
getonbrd:front-end-developer-senior-react-next-js-bc-tecnologia-buenos-aires,getonbrd,LATAM,Front-end Developer Senior (React & Next.JS),Otro,False,False,fuera_de_alcance,BC Tecnología,Argentina,Senior,Senior,Full time,hybrid,Programming,https://www.getonbrd.com/jobs/front-end-developer-senior-react-next-js-bc-tecnologia-buenos-aires,,,mensual,108.0,1764332260,señal_debil,functions,4.0,870,0,0,0,1,False,False,False,False,False,False,False,False,False,False,False,False,False,False,False,False,False,False,False,True,False,False,False,False,False,True,False,True,2026-09-08
getonbrd:qa-engineer-qa-analyst-latam-bc-tecnologia-remote,getonbrd,LATAM,QA Engineer / QA Analyst (LATAM),Otro,False,False,fuera_de_alcance,BC Tecnología,Remote,Semi Senior,Semi Senior,Freelance,fully_remote,SysAdmin / DevOps / QA,https://www.getonbrd.com/jobs/qa-engineer-qa-analyst-latam-bc-tecnologia-remote,,,mensual,733.0,1764165386,mixto,functions,3.0,1292,0,2,1,1,False,False,False,False,False,False,False,False,False,False,False,False,False,False,False,False,False,False,False,True,False,True,False,False,False,False,False,True,2026-09-08
jobicy:150290,jobicy,LATAM,FBS Product Analyst Customer Retention,Business Analyst,True,True,titulo,Capgemini,Mexico,Senior,Senior,,,,https://jobicy.com/jobs/150290-fbs-product-analyst-customer-retention,,,anual,,2026-09-07T07:05:06+00:00,analitica,description,3.0,0,0,2,0,0,False,False,True,True,False,False,False,False,False,False,False,False,False,False,False,False,False,False,False,False,False,False,False,False,False,True,True,False,2026-09-08
jobicy:152583,jobicy,LATAM,"Data Analyst, Supply Chain",Data Analyst / BI,True,True,titulo,Serve Robotics,"Malaysia,  Mexico",,Any,,,,https://jobicy.com/jobs/152583-data-analyst-supply-chain,,,anual,,2026-09-05T11:22:46+00:00,mixto,description,5.0,0,2,4,3,1,True,True,True,False,False,False,False,False,False,False,False,False,False,False,True,False,False,False,False,True,False,False,False,False,False,True,True,True,2026-09-08
jobicy:152472,jobicy,LATAM,Marketing Data Scientist,Data Scientist,True,True,titulo,Vonage,Mexico,Experto / Director,Director,,,,https://jobicy.com/jobs/152472-marketing-data-scientist,,,anual,,2026-09-03T18:58:41+00:00,mixto,description,8.0,0,4,4,5,0,True,True,True,True,True,False,False,True,True,False,False,False,True,True,True,True,False,False,False,True,False,True,False,True,True,True,True,True,2026-09-08
jobicy:152435,jobicy,LATAM,AI/ML Engineering Manager,Otro,False,False,fuera_de_alcance,Caylent,Argentina,Experto / Director,Director,,,,https://jobicy.com/jobs/152435-ai-ml-engineering-manager,,,anual,,2026-09-03T17:20:36+00:00,mixto,description,10.0,0,4,2,3,2,False,False,False,False,False,False,False,False,True,True,True,True,True,True,False,False,True,False,True,False,False,False,False,True,True,False,True,False,2026-09-08
jobicy:152294,jobicy,Global / remoto,Data Engineer (Intern),Data Engineer / Arquitecto,True,True,titulo,Mactores,Anywhere,Junior,"Entry-Level, Junior",,,,https://jobicy.com/jobs/152294-data-engineer-intern,,,anual,,2026-09-01T05:15:34+00:00,mixto,description,,0,0,3,4,1,True,False,False,False,False,False,False,False,False,False,False,True,True,True,False,True,True,False,False,False,False,False,False,False,False,True,True,True,2026-09-08
jobicy:152274,jobicy,Global / remoto,AWS Data Engineer (Senior) (Freelancer),Data Engineer / Arquitecto,True,True,titulo,Mactores,Anywhere,Senior,Senior,,,,https://jobicy.com/jobs/152274-aws-data-engineer-senior-freelancer,,,anual,,2026-09-01T05:09:53+00:00,ingenieria,description,1.0,0,1,1,3,1,True,False,False,False,False,False,False,False,False,False,False,True,True,False,False,True,True,False,False,False,False,False,False,False,False,True,False,True,2026-09-08
jobicy:152190,jobicy,LATAM,Sr. Data Engineer,Data Engineer / Arquitecto,True,True,titulo,Teachable,Brazil,Senior,Senior,,,,https://jobicy.com/jobs/152190-sr-data-engineer-2,,,anual,,2026-08-31T13:58:13+00:00,ingenieria,description,,0,0,2,5,1,False,True,False,False,False,False,False,False,False,False,False,True,True,False,False,False,True,True,False,False,False,False,False,False,False,True,True,True,2026-09-08
jobicy:152187,jobicy,LATAM,Specialist Solutions Architect - AI/ML,Otro,False,False,fuera_de_alcance,Databricks,Brazil,,Any,,,,https://jobicy.com/jobs/152187-specialist-solutions-architect-ai-ml,,,anual,,2026-08-31T13:57:13+00:00,ingenieria,description,2.0,0,1,0,3,1,False,False,True,False,False,False,False,False,False,False,False,True,True,True,True,False,False,False,False,False,False,True,False,True,True,True,False,True,2026-09-08
jobicy:144856,jobicy,LATAM,Senior Data Scientist,Data Scientist,True,True,titulo,Customer.io,"LATAM,  Canada,  USA",Senior,Senior,,,,https://jobicy.com/jobs/144856-senior-data-scientist-4,140000.0,150000.0,yearly,,2026-08-30T14:40:03+00:00,ciencia_datos,description,5.0,0,5,3,0,0,True,True,False,False,False,False,False,False,False,False,False,False,False,False,True,True,False,True,False,False,False,True,False,False,False,True,True,True,2026-09-08
jobicy:151942,jobicy,LATAM,"Senior Data Scientist, Fraud & Risk",Data Scientist,True,True,titulo,RevenueCat,"LATAM,  Canada,  USA",Senior,Senior,,,,https://jobicy.com/jobs/151942-senior-data-scientist-fraud-risk,220000.0,220000.0,yearly,,2026-08-28T18:22:59+00:00,mixto,description,5.0,0,2,3,0,0,True,True,False,False,False,False,False,False,False,False,False,False,False,False,False,False,False,False,False,False,False,False,False,False,False,False,False,True,2026-09-08
jobicy:143120,jobicy,LATAM,"Senior Data Scientist, RC Capital",Data Scientist,True,True,titulo,RevenueCat,"LATAM,  Canada,  USA",Senior,Senior,,,,https://jobicy.com/jobs/143120-senior-data-scientist-rc-capital,208000.0,,yearly,,2026-08-28T05:11:56+00:00,mixto,description,5.0,0,2,3,0,0,True,True,False,False,False,False,False,False,False,False,False,False,False,False,False,False,False,False,False,False,False,False,False,False,False,False,False,True,2026-09-08
jobicy:142571,jobicy,LATAM,Senior Data Analyst,Data Analyst / BI,True,True,titulo,Salesloft,Mexico,Senior,Senior,,,,https://jobicy.com/jobs/142571-senior-data-analyst-3,,,anual,,2026-08-27T04:20:15+00:00,analitica,description,5.0,0,1,4,0,0,True,True,False,False,True,True,True,False,False,False,False,False,False,False,False,False,False,True,False,True,False,False,False,False,False,True,False,False,2026-09-08
jobicy:151640,jobicy,LATAM,"Senior Data Scientist, Product",Data Scientist,True,True,titulo,RevenueCat,"EMEA,  LATAM,  Canada,  USA",Senior,Senior,,,,https://jobicy.com/jobs/151640-senior-data-scientist-product,220000.0,220000.0,yearly,,2026-08-25T15:03:12+00:00,ciencia_datos,description,5.0,0,4,2,2,0,True,True,False,False,False,False,False,False,False,False,False,False,True,False,False,True,False,True,False,False,False,True,False,False,False,True,False,True,2026-09-08
jobicy:149471,jobicy,LATAM,Clinical Data Team Lead,Otro,False,False,fuera_de_alcance,Thermo Fisher Scientific,Mexico,Senior,Senior,,,,https://jobicy.com/jobs/149471-clinical-data-team-lead,,,anual,,2026-08-21T03:20:08+00:00,mixto,description,2.0,0,1,2,0,1,False,False,False,False,False,False,False,False,False,False,False,False,False,False,False,False,False,False,False,False,False,False,False,False,False,True,False,True,2026-09-08
jobicy:150911,jobicy,LATAM,Decision Scientist,Otro,False,False,fuera_de_alcance,Instructure,Mexico,,Any,,,,https://jobicy.com/jobs/150911-decision-scientist,548000.0,685000.0,yearly,,2026-08-17T13:04:11+00:00,mixto,description,4.0,0,5,4,1,0,True,True,False,True,True,False,False,False,False,False,False,True,False,False,False,True,False,False,False,False,False,True,False,False,False,True,True,True,2026-09-08
jobicy:150909,jobicy,LATAM,Senior Decision Scientist,Otro,False,False,fuera_de_alcance,Instructure,Mexico,Experto / Director,Director,,,,https://jobicy.com/jobs/150909-senior-decision-scientist,911000.0,1100000.0,yearly,,2026-08-17T13:04:07+00:00,ciencia_datos,description,7.0,0,5,2,1,0,True,True,False,False,False,False,False,False,False,False,False,True,False,False,False,True,False,False,False,False,False,True,False,False,False,True,True,True,2026-09-08
jobicy:142570,jobicy,LATAM,Senior Data Engineer,Data Engineer / Arquitecto,True,True,titulo,Salesloft,Mexico,Senior,Senior,,,,https://jobicy.com/jobs/142570-senior-data-engineer-9,,,anual,,2026-08-14T04:35:03+00:00,mixto,description,,0,4,2,5,0,True,False,False,False,False,False,False,False,False,False,False,True,True,False,True,True,True,True,False,True,False,False,False,False,False,True,True,True,2026-09-08
jobicy:149160,jobicy,LATAM,Video Collection (LATAM) - Freelance AI Trainer Project,Otro,False,False,fuera_de_alcance,Invisible Technologies,LATAM,Junior,"Entry-Level, Junior",,,,https://jobicy.com/jobs/149160-video-collection-latam-freelance-ai-trainer-project,,,anual,,2026-08-13T08:30:03+00:00,sin_señal,description,,0,0,0,0,0,False,False,False,False,False,False,False,False,False,False,False,False,False,False,False,False,False,False,False,False,False,False,False,False,False,False,False,False,2026-09-08
jobicy:152802,jobicy,EE. UU. / Canadá,"Manager, Strategy & Analytics",Otro,False,False,fuera_de_alcance,Beyond Finance,USA,Senior,Senior,,,,https://jobicy.com/jobs/152802-manager-strategy-analytics,118830.0,162636.0,yearly,,2026-09-08T14:28:44+00:00,analitica,description,2.0,0,0,4,0,1,True,True,True,False,True,True,False,False,False,False,False,False,False,False,False,False,False,False,False,False,False,False,False,False,False,True,True,True,2026-09-08
jobicy:152793,jobicy,EE. UU. / Canadá,Lead Data Platform Engineer,Data Engineer / Arquitecto,True,True,titulo,Beyond Finance,USA,Senior,Senior,,,,https://jobicy.com/jobs/152793-lead-data-platform-engineer-2,170000.0,205000.0,yearly,,2026-09-08T14:25:11+00:00,ingenieria,description,8.0,0,0,0,3,1,True,False,False,False,False,False,False,False,False,False,False,False,True,True,True,False,False,False,False,False,False,False,False,False,False,True,False,True,2026-09-08
jobicy:152760,jobicy,EE. UU. / Canadá,Member of Technical Staff (ML),Otro,False,False,fuera_de_alcance,Reka,"UK,  USA",Senior,Senior,,,,https://jobicy.com/jobs/152760-member-of-technical-staff-ml,,,anual,,2026-09-07T19:37:08+00:00,ciencia_datos,description,,0,3,0,0,0,False,False,False,False,False,False,False,False,False,False,True,False,False,False,False,False,False,False,False,False,False,False,True,False,False,False,False,True,2026-09-08
jobicy:152755,jobicy,EE. UU. / Canadá,"Data Product Analyst, Corporate",Business Analyst,True,True,titulo,YipitData,USA,Senior,Senior,,,,https://jobicy.com/jobs/152755-data-product-analyst-corporate,,150000.0,yearly,,2026-09-07T16:40:09+00:00,mixto,description,4.0,0,0,2,3,1,True,True,False,False,False,False,False,False,False,False,False,True,False,False,False,False,False,False,False,True,False,False,False,False,False,True,True,True,2026-09-08
jobicy:152751,jobicy,EE. UU. / Canadá,Data Lead - Central Data Team,Otro,False,False,fuera_de_alcance,YipitData,USA,Senior,Senior,,,,https://jobicy.com/jobs/152751-data-lead-central-data-team,165000.0,205000.0,yearly,,2026-09-07T16:39:01+00:00,mixto,description,8.0,0,2,1,1,1,True,True,False,False,False,False,False,False,False,False,False,True,False,False,False,False,False,False,False,False,False,False,False,False,False,True,True,False,2026-09-08
jobicy:152746,jobicy,EE. UU. / Canadá,"Data Scientist, AI/ML",Data Scientist,True,True,titulo,Gremlin,USA,,Any,,,,https://jobicy.com/jobs/152746-data-scientist-ai-ml,220000.0,290000.0,yearly,,2026-09-07T16:37:32+00:00,mixto,description,5.0,0,2,2,2,0,False,False,False,False,False,False,False,False,False,False,False,False,False,False,False,False,False,False,False,False,False,False,False,False,True,True,False,True,2026-09-08
jobicy:152734,jobicy,EE. UU. / Canadá,"Data Classification Associate, Corporate",Otro,False,False,fuera_de_alcance,YipitData,USA,Senior,Senior,,,,https://jobicy.com/jobs/152734-data-classification-associate-corporate,,130000.0,yearly,,2026-09-07T14:11:54+00:00,mixto,description,2.0,0,0,1,2,1,True,True,False,False,False,False,False,False,False,False,False,True,False,False,False,False,False,False,False,True,False,False,False,False,False,True,True,True,2026-09-08
jobicy:152727,jobicy,EE. UU. / Canadá,Senior Machine Learning Engineer,ML / AI Engineer,True,True,titulo,SeatGeek,USA,Senior,Senior,,,,https://jobicy.com/jobs/152727-senior-machine-learning-engineer-2,145000.0,209000.0,yearly,,2026-09-07T14:09:34+00:00,ciencia_datos,description,2.0,0,4,0,2,0,False,True,False,False,False,False,False,False,True,True,True,False,True,False,False,False,True,False,False,True,False,False,False,False,True,False,False,True,2026-09-08
jobicy:152722,jobicy,EE. UU. / Canadá,"Senior Data Analyst, Risk Analytics",Data Analyst / BI,True,True,titulo,SeatGeek,USA,Senior,Senior,,,,https://jobicy.com/jobs/152722-senior-data-analyst-risk-analytics,108000.0,157000.0,yearly,,2026-09-07T14:07:57+00:00,analitica,description,3.0,0,2,4,2,0,True,True,False,False,False,True,False,True,True,False,False,False,False,False,False,False,False,False,False,False,False,False,False,False,False,True,True,True,2026-09-08
jobicy:152689,jobicy,EE. UU. / Canadá,"Senior Manager, Data Strategy & Analytics",Otro,False,False,fuera_de_alcance,Happy Money,USA,Experto / Director,Director,,,,https://jobicy.com/jobs/152689-senior-manager-data-strategy-analytics,145000.0,160000.0,yearly,,2026-09-06T14:17:52+00:00,analitica,description,7.0,0,4,8,2,2,True,True,False,False,True,False,True,False,False,False,False,True,False,False,False,True,False,True,False,True,False,False,False,True,False,True,False,True,2026-09-08
jobicy:152683,jobicy,EE. UU. / Canadá,"Senior Analyst, Care Operations",Otro,False,False,fuera_de_alcance,hims &#038; hers,USA,Experto / Director,Director,,,,https://jobicy.com/jobs/152683-senior-analyst-care-operations,110000.0,130000.0,yearly,,2026-09-06T14:16:20+00:00,analitica,description,6.0,0,0,7,0,0,False,False,True,False,True,True,False,False,False,False,False,False,False,False,False,False,False,False,False,False,False,False,False,False,False,True,True,True,2026-09-08
jobicy:142519,jobicy,EE. UU. / Canadá,Senior Data Scientist,Data Scientist,True,True,titulo,Clover Health,USA,Senior,Senior,,,,https://jobicy.com/jobs/142519-senior-data-scientist-3,176900.0,230000.0,yearly,,2026-09-06T05:47:44+00:00,ciencia_datos,description,2.0,0,4,1,1,0,True,True,False,False,False,False,False,False,False,False,False,False,False,False,False,False,False,False,False,False,False,True,False,False,False,True,True,True,2026-09-08
jobicy:148653,jobicy,EE. UU. / Canadá,"Senior Marketing Analyst, Strategy & Analytics",Otro,False,False,fuera_de_alcance,Toptal,"Canada,  Europe,  UK,  USA",Senior,Senior,,,,https://jobicy.com/jobs/148653-senior-marketing-analyst-strategy-analytics,,,anual,,2026-09-06T05:20:04+00:00,analitica,description,2.0,0,3,7,1,0,True,True,False,True,True,False,True,False,False,False,False,False,False,False,False,False,False,False,False,False,False,True,False,True,False,True,True,False,2026-09-08
jobicy:152541,jobicy,EE. UU. / Canadá,Director of Strategy & Analytics,Otro,False,False,fuera_de_alcance,Beyond Finance,USA,Experto / Director,Director,,,,https://jobicy.com/jobs/152541-director-of-strategy-analytics,146810.0,203084.0,yearly,,2026-09-04T17:04:45+00:00,analitica,description,10.0,0,0,7,0,1,True,False,True,False,False,False,False,False,False,False,False,False,False,False,False,False,False,False,False,False,False,False,False,False,False,True,True,True,2026-09-08
jobicy:150923,jobicy,EE. UU. / Canadá,"Data Analyst, Clinical Data Effectiveness",Data Analyst / BI,True,True,titulo,Clover Health,USA,,Any,,,,https://jobicy.com/jobs/150923-data-analyst-clinical-data-effectiveness,77000.0,100000.0,yearly,,2026-09-04T05:55:11+00:00,analitica,description,2.0,0,0,5,3,2,True,True,False,False,False,False,False,False,False,False,False,False,False,False,False,False,False,False,False,False,False,False,False,False,False,True,True,True,2026-09-08
jobicy:152429,jobicy,EE. UU. / Canadá,Staff Machine Learning Engineer,ML / AI Engineer,True,True,titulo,Bayesian Health,USA,Senior,Senior,,,,https://jobicy.com/jobs/152429-staff-machine-learning-engineer-2,,,anual,,2026-09-03T16:26:39+00:00,ciencia_datos,description,3.0,0,4,1,0,0,True,True,False,False,False,False,False,False,False,False,False,False,True,False,False,False,False,False,False,False,False,False,False,False,True,False,False,False,2026-09-08
jobicy:149012,jobicy,EE. UU. / Canadá,Costpoint Cognos Report Writer and General Ledger Business Analyst,Business Analyst,True,True,titulo,ManTech,USA,Semi Senior,Midweight,,,,https://jobicy.com/jobs/149012-costpoint-cognos-report-writer-and-general-ledger-business-analyst,89100.0,148200.0,yearly,,2026-09-03T12:35:03+00:00,analitica,description,3.0,0,0,3,0,1,True,False,False,False,False,False,False,False,False,False,False,False,False,False,False,False,False,False,False,False,False,False,False,False,False,True,False,True,2026-09-08
jobicy:152321,jobicy,EE. UU. / Canadá,"Staff, Analytics Engineer, GTM Data Science & Analytics",Data Analyst / BI,True,True,titulo,Twilio,USA,Senior,Senior,,,,https://jobicy.com/jobs/152321-staff-analytics-engineer-gtm-data-science-analytics,155520.0,228700.0,yearly,,2026-09-01T14:23:11+00:00,mixto,description,8.0,0,1,4,3,1,True,False,False,False,False,False,False,False,False,False,False,False,False,False,False,False,False,True,False,False,False,False,False,False,False,True,True,True,2026-09-08
jobicy:152320,jobicy,EE. UU. / Canadá,Principal Analytics Engineer,Data Analyst / BI,True,True,titulo,ANGI,USA,Senior,Senior,,,,https://jobicy.com/jobs/152320-principal-analytics-engineer,165000.0,240000.0,yearly,,2026-09-01T14:22:48+00:00,mixto,description,12.0,0,1,4,2,4,True,True,False,False,False,False,False,False,False,False,False,False,False,False,False,True,False,True,False,False,False,True,False,True,False,True,True,True,2026-09-08
jobicy:152319,jobicy,EE. UU. / Canadá,Director of Data Science and Bioinformatics,Otro,False,False,fuera_de_alcance,Natera,USA,Experto / Director,Director,,,,https://jobicy.com/jobs/152319-director-of-data-science-and-bioinformatics,186300.0,232900.0,yearly,,2026-09-01T14:22:27+00:00,mixto,description,5.0,0,3,0,2,0,False,False,False,False,False,False,False,False,False,False,False,False,True,False,False,False,False,False,True,False,False,False,False,False,True,False,True,True,2026-09-08
jobicy:152318,jobicy,EE. UU. / Canadá,Senior Data Engineer,Data Engineer / Arquitecto,True,True,titulo,Thumbtack,USA,Senior,Senior,,,,https://jobicy.com/jobs/152318-senior-data-engineer-3,179400.0,272800.0,yearly,,2026-09-01T14:22:04+00:00,ingenieria,description,4.0,0,2,1,4,1,True,True,False,False,False,False,False,False,False,False,False,False,False,False,True,False,True,True,False,False,False,False,False,False,False,False,True,True,2026-09-08
jobicy:152317,jobicy,EE. UU. / Canadá,Senior Pricing Data Scientist,Data Scientist,True,True,titulo,Fivetran,USA,Experto / Director,Director,,,,https://jobicy.com/jobs/152317-senior-pricing-data-scientist,209378.0,261723.0,yearly,,2026-09-01T14:21:40+00:00,analitica,description,8.0,0,0,4,0,0,True,True,False,False,True,True,False,False,False,False,False,False,False,False,False,False,False,True,False,False,False,True,False,False,False,True,False,True,2026-09-08
jobicy:152315,jobicy,EE. UU. / Canadá,"Senior Data Analyst, GTM",Data Analyst / BI,True,True,titulo,Tremendous,USA,Senior,Senior,,,,https://jobicy.com/jobs/152315-senior-data-analyst-gtm,175000.0,225000.0,yearly,,2026-09-01T14:20:55+00:00,mixto,description,,0,2,3,0,0,True,True,False,False,True,False,False,False,False,False,False,False,False,False,False,False,False,True,False,False,False,False,False,False,False,True,True,True,2026-09-08
jobicy:152238,jobicy,EE. UU. / Canadá,Business Strategy Analyst,Otro,False,False,fuera_de_alcance,Getlabs,USA,,Any,,,,https://jobicy.com/jobs/152238-business-strategy-analyst,90000.0,120000.0,yearly,,2026-08-31T18:55:12+00:00,analitica,description,2.0,0,3,6,2,0,True,True,True,False,True,True,True,False,False,False,False,False,False,False,False,False,False,False,False,False,False,False,False,False,False,True,True,True,2026-09-08
jobicy:152219,jobicy,EE. UU. / Canadá,"Research Staff, Voice AI Foundations",Otro,False,False,fuera_de_alcance,Deepgram,USA,Senior,Senior,,,,https://jobicy.com/jobs/152219-research-staff-voice-ai-foundations,150000.0,250000.0,yearly,,2026-08-31T16:49:37+00:00,mixto,description,,0,3,3,2,0,False,False,False,False,False,False,False,False,False,False,False,False,False,False,False,False,False,False,False,False,False,False,True,True,False,True,False,True,2026-09-08
jobicy:152182,jobicy,EE. UU. / Canadá,"Project Lion - Lead Prompt Engineer - United States (Remote, Part-Time)",Otro,False,False,fuera_de_alcance,Welo Global,USA,Senior,Senior,,,,https://jobicy.com/jobs/152182-project-lion-lead-prompt-engineer-united-states-remote-part-time,,,anual,,2026-08-31T13:28:36+00:00,mixto,description,7.0,0,1,1,1,1,True,False,False,False,False,False,False,False,False,False,False,False,False,False,False,False,False,False,False,False,False,False,False,True,False,True,False,False,2026-09-08
jobicy:152165,jobicy,EE. UU. / Canadá,Applied AI/ML Engineer,ML / AI Engineer,True,True,titulo,Oddball,USA,,Any,,,,https://jobicy.com/jobs/152165-applied-ai-ml-engineer,150000.0,200000.0,yearly,,2026-08-31T13:20:59+00:00,ciencia_datos,description,,0,6,1,4,0,True,True,False,False,False,False,False,True,True,True,True,True,False,False,False,False,False,False,False,False,False,False,True,True,True,True,True,True,2026-09-08
jobicy:147988,jobicy,EE. UU. / Canadá,Research Scientist (Fraud),Otro,False,False,fuera_de_alcance,Pindrop,USA,Semi Senior,Midweight,,,,https://jobicy.com/jobs/147988-research-scientist-ii,160000.0,185000.0,yearly,,2026-08-30T14:35:10+00:00,mixto,description,3.0,0,3,1,2,1,False,True,False,False,False,False,False,False,False,True,True,False,False,False,False,False,False,False,False,False,False,True,False,True,False,True,True,True,2026-09-08
jobicy:151982,jobicy,EE. UU. / Canadá,Data Scientist - Quora,Data Scientist,True,True,titulo,Quora,"Canada,  Ireland,  USA",,Any,,,,https://jobicy.com/jobs/151982-data-scientist-quora,122000.0,173117.0,yearly,,2026-08-29T10:57:26+00:00,analitica,description,2.0,0,2,5,0,0,False,True,False,False,False,False,True,False,False,False,False,False,False,False,False,False,False,False,False,False,False,False,False,False,False,True,True,True,2026-09-08
jobicy:148333,jobicy,EE. UU. / Canadá,"Director I, Data Science, Enterprise Data & Data Science",Otro,False,False,fuera_de_alcance,Liberty Mutual,USA,Experto / Director,Director,,,,https://jobicy.com/jobs/148333-director-i-data-science-enterprise-data-data-science,,,anual,,2026-08-29T05:15:04+00:00,ciencia_datos,description,3.0,0,3,0,0,0,False,False,False,False,False,False,False,False,False,False,False,False,False,False,False,False,False,False,False,False,False,True,False,True,True,True,True,True,2026-09-08
jobicy:141971,jobicy,EE. UU. / Canadá,"Data Scientist, Analytics (Technical Leadership)",Data Scientist,True,True,titulo,Meta,USA,Senior,Senior,,,,https://jobicy.com/jobs/141971-data-scientist-analytics-technical-leadership,,,anual,,2026-08-29T04:35:08+00:00,mixto,description,5.0,0,4,3,1,0,True,True,False,False,False,False,True,False,False,False,False,False,False,False,False,False,False,False,False,False,False,True,False,False,False,True,True,True,2026-09-08
jobicy:147852,jobicy,EE. UU. / Canadá,"Principal Analyst, Data Integration",Otro,False,False,fuera_de_alcance,H1,USA,Senior,Senior,,,,https://jobicy.com/jobs/147852-principal-analyst-data-integration,145000.0,170000.0,yearly,,2026-08-29T04:27:50+00:00,ingenieria,description,12.0,0,0,1,3,1,True,False,False,False,False,False,True,False,False,False,False,False,True,False,False,False,False,False,False,False,False,False,False,False,False,True,True,False,2026-09-08
jobicy:151815,jobicy,EE. UU. / Canadá,Analyst,Otro,False,False,fuera_de_alcance,Affirm,USA,Senior,Senior,,,,https://jobicy.com/jobs/151815-analyst,101000.0,165000.0,yearly,,2026-08-27T10:20:15+00:00,mixto,description,3.0,0,4,5,1,1,True,True,False,False,False,False,False,False,False,False,False,False,False,False,False,False,False,False,False,False,False,False,False,False,False,True,True,True,2026-09-08
jobicy:151808,jobicy,EE. UU. / Canadá,Data Scientist,Data Scientist,True,True,titulo,BetterHelp,USA,,Any,,,,https://jobicy.com/jobs/151808-data-scientist,130000.0,160000.0,yearly,,2026-08-27T10:17:59+00:00,ciencia_datos,description,3.0,0,5,3,0,0,True,True,False,False,True,True,False,False,False,False,False,False,False,False,False,False,False,False,False,False,False,True,False,False,False,True,False,True,2026-09-08
jobicy:143584,jobicy,EE. UU. / Canadá,Power BI Architect,Data Analyst / BI,True,True,titulo,Tiger Analytics,USA,Senior,Senior,,,,https://jobicy.com/jobs/143584-power-bi-architect,,,anual,,2026-08-27T04:15:06+00:00,analitica,description,5.0,0,2,5,3,2,True,False,False,True,False,False,False,False,False,False,False,True,False,True,False,False,False,False,False,True,False,False,False,False,False,True,True,True,2026-09-08
jobicy:147495,jobicy,EE. UU. / Canadá,Applied Data Scientist / Machine Learning Engineer (Decision Intelligence),Data Scientist,True,True,titulo,WorkWave,USA,Semi Senior,Midweight,,,,https://jobicy.com/jobs/147495-applied-data-scientist-machine-learning-engineer-decision-intelligence,,,anual,,2026-08-26T03:50:12+00:00,ciencia_datos,description,3.0,0,6,3,3,0,True,True,False,False,False,False,False,False,True,True,True,True,True,True,True,True,True,True,False,False,False,False,False,True,True,True,True,True,2026-09-08
jobicy:151618,jobicy,EE. UU. / Canadá,"Director, Data Science",Otro,False,False,fuera_de_alcance,Gopuff,USA,Experto / Director,Director,,,,https://jobicy.com/jobs/151618-director-data-science-2,215000.0,275000.0,yearly,,2026-08-25T14:55:38+00:00,ciencia_datos,description,3.0,0,5,3,2,0,False,True,False,False,False,False,False,False,False,False,False,True,False,False,False,True,False,False,False,False,False,False,False,False,False,True,False,True,2026-09-08
jobicy:147512,jobicy,EE. UU. / Canadá,Ontology Architect,Otro,False,False,fuera_de_alcance,Tiger Analytics,USA,,Any,,,,https://jobicy.com/jobs/147512-ontology-architect,,,anual,,2026-08-25T03:45:06+00:00,mixto,description,,0,4,1,5,2,False,False,False,False,False,False,False,False,False,False,False,False,False,False,False,False,False,False,False,False,False,False,False,True,False,False,True,False,2026-09-08
jobicy:149596,jobicy,EE. UU. / Canadá,Senior Applied Scientist,Otro,False,False,fuera_de_alcance,Samsara,USA,Senior,Senior,,,,https://jobicy.com/jobs/149596-senior-applied-scientist,170170.0,286000.0,yearly,,2026-08-23T05:05:10+00:00,ciencia_datos,description,3.0,0,5,2,3,0,False,True,False,False,False,False,False,False,False,True,True,True,False,False,False,False,False,False,False,True,False,True,False,False,False,True,True,True,2026-09-08
jobicy:149598,jobicy,EE. UU. / Canadá,Bioinformatics Manager (Oncology Product Development),Otro,False,False,fuera_de_alcance,Natera,USA,Semi Senior,Midweight,,,,https://jobicy.com/jobs/149598-bioinformatics-manager-oncology-product-development,,,anual,,2026-08-23T05:05:07+00:00,mixto,description,1.0,0,3,3,1,0,False,True,False,False,False,False,False,False,False,False,False,False,False,False,False,False,False,False,False,False,False,True,False,False,False,True,True,True,2026-09-08
jobicy:151390,jobicy,EE. UU. / Canadá,Cloud Data Architect,Data Engineer / Arquitecto,True,True,titulo,Oddball,USA,Senior,Senior,,,,https://jobicy.com/jobs/151390-cloud-data-architect,150000.0,180000.0,yearly,,2026-08-22T12:18:12+00:00,ingenieria,description,,0,1,2,6,3,False,False,False,True,False,False,False,False,False,False,False,True,True,True,False,False,False,False,False,False,False,False,False,False,True,False,True,True,2026-09-08
jobicy:151358,jobicy,EE. UU. / Canadá,Senior Revenue Strategy Analyst,Otro,False,False,fuera_de_alcance,1Password,USA,Experto / Director,Director,,,,https://jobicy.com/jobs/151358-senior-revenue-strategy-analyst,113000.0,158000.0,yearly,,2026-08-22T04:02:40+00:00,analitica,description,5.0,0,4,8,2,0,True,False,False,False,True,True,False,False,False,False,False,False,False,False,False,False,False,True,False,True,False,True,False,False,False,True,True,True,2026-09-08
jobicy:151331,jobicy,EE. UU. / Canadá,Machine Learning Engineer,ML / AI Engineer,True,True,titulo,Liftoff,USA,,Any,,,,https://jobicy.com/jobs/151331-machine-learning-engineer-5,215000.0,275000.0,yearly,,2026-08-21T15:33:48+00:00,ciencia_datos,description,,0,3,0,0,0,False,False,False,False,False,False,False,False,False,False,False,False,False,False,False,False,False,False,False,False,False,False,False,False,False,True,False,True,2026-09-08
jobicy:149452,jobicy,EE. UU. / Canadá,"Director, Data Analytics (Customer Experience / Member Growth & Retention)",Data Analyst / BI,True,True,titulo,Molina Healthcare,USA,Experto / Director,Director,,,,https://jobicy.com/jobs/149452-director-data-analytics-customer-experience-member-growth-retention,,,anual,,2026-08-21T03:25:08+00:00,analitica,description,5.0,0,0,7,0,0,False,False,True,True,False,False,False,False,False,False,False,False,False,False,False,False,False,False,False,False,False,False,False,False,False,True,False,True,2026-09-08
jobicy:151266,jobicy,EE. UU. / Canadá,Senior Analytics Engineer - US,Data Analyst / BI,True,True,titulo,Luxury Presence,USA,Experto / Director,Director,,,,https://jobicy.com/jobs/151266-senior-analytics-engineer-us,150000.0,190000.0,yearly,,2026-08-20T19:49:30+00:00,ingenieria,description,5.0,0,3,4,6,1,True,True,False,False,False,False,False,False,False,False,False,False,True,False,True,True,True,True,False,True,False,True,False,True,False,True,True,True,2026-09-08
jobicy:151146,jobicy,EE. UU. / Canadá,AWS Data Engineer (Senior),Data Engineer / Arquitecto,True,True,titulo,Mactores,USA,Senior,Senior,,,,https://jobicy.com/jobs/151146-aws-data-engineer-senior,,,anual,,2026-08-19T19:06:11+00:00,ingenieria,description,1.0,0,1,1,3,1,True,False,False,False,False,False,False,False,False,False,False,True,True,False,False,True,True,False,False,False,False,False,False,False,False,True,False,True,2026-09-08
jobicy:151141,jobicy,EE. UU. / Canadá,AWS Data Engineer (Associate),Data Engineer / Arquitecto,True,True,titulo,Mactores,USA,Senior,Senior,,,,https://jobicy.com/jobs/151141-aws-data-engineer-associate,,,anual,,2026-08-19T19:06:00+00:00,mixto,description,1.0,0,1,3,4,1,True,False,False,False,False,False,False,False,False,False,False,True,True,False,False,False,True,False,False,False,False,False,False,False,False,True,True,True,2026-09-08
jobicy:146556,jobicy,EE. UU. / Canadá,Machine Learning Engineering Manager - Ads Engagement Modeling,ML / AI Engineer,True,True,titulo,Reddit,USA,Semi Senior,Midweight,,,,https://jobicy.com/jobs/146556-machine-learning-engineering-manager-ads-engagement-modeling,230000.0,322000.0,yearly,,2026-08-19T02:30:03+00:00,ciencia_datos,description,4.0,0,5,1,0,0,False,False,False,False,False,False,False,False,False,True,True,False,False,False,False,False,False,False,False,False,False,False,True,False,False,True,True,True,2026-09-08
jobicy:150863,jobicy,EE. UU. / Canadá,Data Science Intern (Customer Success),Otro,False,False,fuera_de_alcance,Cresta,USA,Junior,"Entry-Level, Junior",,,,https://jobicy.com/jobs/150863-data-science-intern-customer-success,,,anual,,2026-08-16T16:47:05+00:00,analitica,description,,0,3,6,1,0,True,True,False,True,True,False,False,True,True,True,True,True,True,True,True,False,False,False,False,True,False,True,False,False,False,True,True,True,2026-09-08
jobicy:150836,jobicy,EE. UU. / Canadá,Data Engineer,Data Engineer / Arquitecto,True,True,titulo,Gopuff,USA,,Any,,,,https://jobicy.com/jobs/150836-data-engineer,118000.0,148000.0,yearly,,2026-08-16T03:41:13+00:00,mixto,description,3.0,0,2,1,3,2,True,True,False,False,False,False,False,False,False,False,False,True,False,False,True,True,True,False,True,False,False,False,False,False,False,True,False,True,2026-09-08
jobicy:146434,jobicy,EE. UU. / Canadá,"AI Vendor Market Expert (Senior Director, Analyst – Fully Remote United States)",Otro,False,False,fuera_de_alcance,Gartner,USA,Senior,Senior,,,,https://jobicy.com/jobs/146434-ai-vendor-market-expert-senior-director-analyst-fully-remote-united-states,172000.0,202500.0,yearly,,2026-08-16T03:10:07+00:00,mixto,description,12.0,0,1,2,1,0,False,False,False,False,False,False,False,False,False,False,False,False,False,False,False,False,False,False,False,False,False,False,False,False,False,True,True,True,2026-09-08
jobicy:150667,jobicy,EE. UU. / Canadá,"Data Scientist, Product Analytics",Data Scientist,True,True,titulo,Meta,USA,,Any,,,,https://jobicy.com/jobs/150667-data-scientist-product-analytics,,,anual,,2026-08-14T13:01:09+00:00,mixto,description,4.0,0,2,3,1,0,True,True,False,False,False,False,True,False,False,False,False,False,False,False,False,False,False,False,False,False,False,True,False,False,False,True,True,True,2026-09-08
jobicy:150666,jobicy,EE. UU. / Canadá,"Data Engineer, Product Analytics",Data Engineer / Arquitecto,True,True,titulo,Meta,USA,Senior,Senior,,,,https://jobicy.com/jobs/150666-data-engineer-product-analytics,,,anual,,2026-08-14T13:01:08+00:00,ingenieria,description,7.0,0,1,3,6,1,True,True,False,False,False,False,False,False,False,False,False,False,False,False,False,False,False,False,False,False,False,False,False,False,False,True,True,True,2026-09-08
jobicy:150661,jobicy,EE. UU. / Canadá,Research Analyst II,Otro,False,False,fuera_de_alcance,Temple University,USA,Semi Senior,Midweight,,,,https://jobicy.com/jobs/150661-research-analyst-ii,,,anual,,2026-08-14T13:00:59+00:00,analitica,description,,0,2,8,1,3,True,True,True,True,True,False,True,False,False,False,False,False,False,False,False,False,False,False,False,False,False,True,False,False,False,True,True,True,2026-09-08
jobicy:149258,jobicy,EE. UU. / Canadá,Senior Statistician,Otro,False,False,fuera_de_alcance,Worldwide Clinical Trials,"UK,  USA",Senior,Senior,,,,https://jobicy.com/jobs/149258-senior-statistician,87500.0,173500.0,yearly,,2026-08-14T04:40:07+00:00,analitica,description,3.0,0,0,3,1,1,False,False,False,False,False,False,False,False,False,False,False,False,False,False,False,False,False,False,False,False,False,True,False,False,False,True,False,True,2026-09-08
jobicy:145648,jobicy,EE. UU. / Canadá,"Principal, Marketing Analytics",Otro,False,False,fuera_de_alcance,Remote,USA,Senior,Senior,,,,https://jobicy.com/jobs/145648-principal-marketing-analytics,65750.0,184950.0,yearly,,2026-08-11T04:10:04+00:00,mixto,description,,0,4,3,1,1,False,False,False,False,True,True,True,False,False,False,False,False,False,False,False,True,False,True,False,False,False,False,False,False,False,True,True,False,2026-09-08
jobicy:152606,jobicy,EE. UU. / Canadá,"Senior Data Analyst, GTM Analytics - CANADA",Data Analyst / BI,True,True,titulo,Luxury Presence,Canada,Senior,Senior,,,,https://jobicy.com/jobs/152606-senior-data-analyst-gtm-analytics-canada,,,anual,,2026-09-05T16:10:49+00:00,mixto,description,5.0,0,1,4,4,1,True,True,False,False,True,True,False,False,False,False,False,False,False,False,True,True,False,True,False,False,False,False,False,True,False,False,True,True,2026-09-08
jobicy:150206,jobicy,EE. UU. / Canadá,"Staff Data Scientist - Ads Measurement, Signals, Privacy",Data Scientist,True,True,titulo,Reddit,Canada,Senior,Senior,,,,https://jobicy.com/jobs/150206-staff-data-scientist-ads-measurement-signals-privacy,,,anual,,2026-09-05T05:35:10+00:00,ciencia_datos,description,6.0,0,6,1,0,0,True,True,False,False,False,False,True,False,False,False,False,False,False,False,False,False,False,False,False,False,False,True,False,False,False,True,True,True,2026-09-08
jobicy:150205,jobicy,EE. UU. / Canadá,"Sr. Staff Data Scientist - Ads Measurement, Signals, Privacy",Data Scientist,True,True,titulo,Reddit,Canada,Senior,Senior,,,,https://jobicy.com/jobs/150205-sr-staff-data-scientist-ads-measurement-signals-privacy,,,anual,,2026-09-05T05:35:08+00:00,mixto,description,10.0,0,4,3,0,1,True,True,False,False,False,False,False,False,False,False,False,False,False,False,False,False,False,False,False,False,False,True,False,False,False,True,True,False,2026-09-08
jobicy:152101,jobicy,EE. UU. / Canadá,Data Scientist,Data Scientist,True,True,titulo,Sonatype,Canada,Senior,Senior,,,,https://jobicy.com/jobs/152101-data-scientist-2,,,anual,,2026-08-30T16:20:02+00:00,mixto,description,5.0,0,3,4,3,2,False,True,False,False,False,False,False,False,True,False,False,True,True,True,False,False,False,False,False,True,False,False,False,True,True,True,True,True,2026-09-08
jobicy:152090,jobicy,EE. UU. / Canadá,Ads AI Analytics Lead II,Data Analyst / BI,True,True,titulo,Instacart,Canada,Senior,Senior,,,,https://jobicy.com/jobs/152090-ads-ai-analytics-lead-ii,140000.0,148000.0,yearly,,2026-08-30T15:52:36+00:00,mixto,description,2.0,0,4,5,4,0,True,True,False,True,True,True,False,False,False,False,False,False,False,False,True,True,True,True,False,False,False,True,False,True,False,False,True,True,2026-09-08
jobicy:142623,jobicy,EE. UU. / Canadá,Manager/ Sr. Manager - BI Consulting (Life Sciences/Pharma),Data Analyst / BI,True,True,titulo,Tiger Analytics,Canada,Senior,Senior,,,,https://jobicy.com/jobs/142623-manager-sr-manager-bi-consulting-life-sciences-pharma,,,anual,,2026-08-28T05:11:53+00:00,analitica,description,5.0,0,2,5,3,2,True,True,False,True,False,False,False,False,False,False,False,False,False,False,False,False,False,False,False,False,False,False,False,False,False,False,True,True,2026-09-08
jobicy:151693,jobicy,EE. UU. / Canadá,"Engineering Manager, Data Modeling",Otro,False,False,fuera_de_alcance,Mural,Canada,,Any,,,,https://jobicy.com/jobs/151693-engineering-manager-data-modeling,,,anual,,2026-08-26T04:56:45+00:00,mixto,description,2.0,0,3,4,3,2,True,True,False,False,False,False,False,False,False,False,False,True,False,False,False,False,True,False,False,False,False,False,False,False,False,False,True,True,2026-09-08
jobicy:151263,jobicy,EE. UU. / Canadá,Senior Analytics Engineer - CANADA,Data Analyst / BI,True,True,titulo,Luxury Presence,Canada,Experto / Director,Director,,,,https://jobicy.com/jobs/151263-senior-analytics-engineer-canada,,,anual,,2026-08-20T19:48:37+00:00,ingenieria,description,5.0,0,3,4,6,1,True,True,False,False,False,False,False,False,False,False,False,False,True,False,True,True,True,True,False,True,False,True,False,True,False,True,True,True,2026-09-08
jobicy:152739,jobicy,Europa,Staff Decision Scientist (International),Otro,False,False,fuera_de_alcance,Life360,UK,Senior,Senior,,,,https://jobicy.com/jobs/152739-staff-decision-scientist-international,99500.0,117500.0,yearly,,2026-09-07T14:36:23+00:00,mixto,description,8.0,0,4,5,1,0,True,True,False,False,False,False,False,False,False,False,False,False,False,False,False,False,False,True,False,False,False,True,False,False,False,True,True,False,2026-09-08
jobicy:148403,jobicy,Europa,"Projets de collecte de données/d'enregistrement | Français & Anglais | Remote, Part Time, Work from Home",Otro,False,False,fuera_de_alcance,RWS Group,France,Junior,"Entry-Level, Junior",,,,https://jobicy.com/jobs/148403-projets-de-collecte-de-donnees-denregistrement-francais-anglais-remote-part-time-work-from-home,,,anual,,2026-09-06T05:25:06+00:00,mixto,description,,0,0,1,0,1,False,False,False,False,False,False,False,False,False,False,False,False,False,False,False,False,False,False,False,False,False,False,False,False,False,True,False,False,2026-09-08
jobicy:152324,jobicy,Europa,Senior Analytics Engineer - Marketing,Data Analyst / BI,True,True,titulo,Paddle,"Ireland,  Portugal,  UK",Senior,Senior,,,,https://jobicy.com/jobs/152324-senior-analytics-engineer-marketing,,,anual,,2026-09-01T14:24:13+00:00,mixto,description,,0,2,5,4,3,True,False,False,True,True,True,False,False,False,False,False,False,False,False,False,True,False,True,False,False,False,False,False,False,False,False,True,True,2026-09-08
jobicy:148056,jobicy,Europa,Principal ML Engineer,ML / AI Engineer,True,True,titulo,Cloudbeds,Europe,Senior,Senior,,,,https://jobicy.com/jobs/148056-principal-ml-engineer,,,anual,,2026-08-31T04:25:11+00:00,ciencia_datos,description,5.0,0,5,1,2,1,True,True,False,False,False,False,False,False,False,False,False,False,True,False,False,False,True,False,False,True,False,True,False,False,True,True,True,True,2026-09-08
jobicy:149856,jobicy,Europa,Product Growth Analytics Lead - Token Factory,Data Analyst / BI,True,True,titulo,Nebius,"Europe,  Netherlands,  UK",Senior,Senior,,,,https://jobicy.com/jobs/149856-product-growth-analytics-lead-token-factory,,,anual,,2026-08-31T04:20:08+00:00,ciencia_datos,description,,0,3,1,1,0,False,False,False,False,False,False,False,False,False,False,False,False,False,False,False,False,False,False,False,False,False,False,False,False,False,False,True,True,2026-09-08
jobicy:149864,jobicy,Europa,Senior/Principal Biostatistician Consultant remote (Infectious Disease),Otro,False,False,fuera_de_alcance,ClinChoice,Europe,Senior,Senior,,,,https://jobicy.com/jobs/149864-senior-principal-biostatistician-consultant-remote-infectious-disease,,,anual,,2026-08-31T04:20:03+00:00,señal_debil,description,,0,0,1,0,0,False,False,False,False,False,False,True,False,False,False,False,False,False,False,False,False,False,False,False,False,False,True,False,False,False,True,False,False,2026-09-08
jobicy:152083,jobicy,Europa,Senior/Strategic Digital Analytics Consultant - Spain,Otro,False,False,fuera_de_alcance,Quantum Metric,Spain,Experto / Director,Director,,,,https://jobicy.com/jobs/152083-senior-strategic-digital-analytics-consultant-spain,65000.0,105000.0,yearly,,2026-08-30T15:00:35+00:00,analitica,description,3.0,0,0,5,2,0,True,False,False,False,False,False,False,False,False,False,False,False,False,False,False,False,False,False,False,False,False,False,False,True,False,True,True,True,2026-09-08
jobicy:152045,jobicy,Europa,Lead Data Architect,Data Engineer / Arquitecto,True,True,titulo,Zartis,Europe,Senior,Senior,,,,https://jobicy.com/jobs/152045-lead-data-architect,,,anual,,2026-08-29T16:33:30+00:00,mixto,description,,0,0,1,3,2,True,False,False,False,False,False,False,False,False,False,False,False,True,False,False,True,False,False,False,False,False,False,False,False,False,True,True,False,2026-09-08
jobicy:151940,jobicy,Europa,Delivery Solutions Architect,Otro,False,False,fuera_de_alcance,Databricks,"Denmark,  Finland,  Sweden",Experto / Director,Director,,,,https://jobicy.com/jobs/151940-delivery-solutions-architect,,,anual,,2026-08-28T12:44:33+00:00,mixto,description,5.0,0,1,2,3,1,False,True,True,False,False,False,False,False,False,False,False,True,False,False,False,False,False,False,False,False,False,False,False,False,False,True,True,True,2026-09-08
jobicy:151908,jobicy,Europa,Senior Azure Data Engineer | KD Pharma,Data Engineer / Arquitecto,True,True,titulo,GT,"Europe,  Türkiye",Experto / Director,Director,,,,https://jobicy.com/jobs/151908-senior-azure-data-engineer-kd-pharma,,,anual,,2026-08-27T18:42:26+00:00,ingenieria,description,6.0,0,0,2,5,1,True,True,False,True,False,False,False,False,False,False,False,True,False,True,False,False,False,False,False,True,False,False,False,False,False,True,True,True,2026-09-08
jobicy:151829,jobicy,Europa,Senior/Strategic Digital Analytics Consultant - UK,Otro,False,False,fuera_de_alcance,Quantum Metric,UK,Experto / Director,Director,,,,https://jobicy.com/jobs/151829-senior-strategic-digital-analytics-consultant-uk,80000.0,115000.0,yearly,,2026-08-27T10:50:50+00:00,analitica,description,3.0,0,0,5,2,0,True,False,False,False,False,False,False,False,False,False,False,False,False,False,False,False,False,False,False,False,False,False,False,True,False,True,True,True,2026-09-08
jobicy:151542,jobicy,Europa,"Senior Manager, Product Data Science & Analytics",Otro,False,False,fuera_de_alcance,Tripadvisor,Poland,Senior,Senior,,,,https://jobicy.com/jobs/151542-senior-manager-product-data-science-analytics,,,anual,,2026-08-25T04:17:14+00:00,ciencia_datos,description,,0,5,3,0,0,True,True,False,False,False,False,False,False,False,False,False,False,False,False,False,False,False,False,False,False,False,True,False,False,False,True,True,True,2026-09-08
jobicy:151540,jobicy,Europa,Product Data Scientist,Data Scientist,True,True,titulo,Tripadvisor,Poland,,Any,,,,https://jobicy.com/jobs/151540-product-data-scientist,,,anual,,2026-08-25T04:16:38+00:00,analitica,description,,0,3,8,0,0,True,True,False,False,True,True,False,False,False,False,False,False,False,False,False,False,False,False,False,False,False,False,False,False,False,True,True,False,2026-09-08
jobicy:151535,jobicy,Europa,Principal Product Data Scientist,Data Scientist,True,True,titulo,Tripadvisor,Poland,Senior,Senior,,,,https://jobicy.com/jobs/151535-principal-product-data-scientist,,,anual,,2026-08-25T04:15:14+00:00,ciencia_datos,description,,0,7,3,0,0,True,True,False,False,False,False,False,False,False,False,False,False,False,False,False,False,False,False,False,False,False,True,False,False,False,True,True,True,2026-09-08
jobicy:151320,jobicy,Europa,Senior ML Engineer (Europe-based/Remote),ML / AI Engineer,True,True,titulo,SWORD Health,Europe,Senior,Senior,,,,https://jobicy.com/jobs/151320-senior-ml-engineer-europe-based-remote,,,anual,,2026-08-21T12:34:39+00:00,ingenieria,description,,0,0,0,2,0,False,False,False,False,False,False,False,False,False,False,False,False,False,False,False,False,False,False,False,False,False,False,False,True,False,True,True,False,2026-09-08
jobicy:151318,jobicy,Europa,Data Analytics Engineer,Data Analyst / BI,True,True,titulo,Ruby Labs,Europe,Senior,Senior,,,,https://jobicy.com/jobs/151318-data-analytics-engineer,,,anual,,2026-08-21T12:34:35+00:00,ingenieria,description,,0,1,3,5,2,True,True,False,False,False,False,False,False,False,False,False,False,False,False,True,False,True,True,False,False,False,False,False,False,False,True,True,True,2026-09-08
jobicy:144144,jobicy,Europa,Senior Data Engineer,Data Engineer / Arquitecto,True,True,titulo,Plain Concepts,Spain,Senior,Senior,,,,https://jobicy.com/jobs/144144-senior-data-engineer,,,anual,,2026-08-21T03:40:02+00:00,ingenieria,description,4.0,0,0,0,3,0,True,True,False,False,False,False,False,False,False,False,False,True,True,True,False,True,False,True,False,False,True,False,False,False,False,False,False,True,2026-09-08
jobicy:143979,jobicy,Europa,Senior Data Analyst,Data Analyst / BI,True,True,titulo,Ruby Labs,Europe,Senior,Senior,,,,https://jobicy.com/jobs/143979-senior-data-analyst-4,,,anual,,2026-08-20T03:00:16+00:00,analitica,description,3.0,0,3,7,2,0,True,True,False,False,True,True,False,False,False,False,False,False,False,False,True,False,True,False,False,True,False,False,False,False,False,True,False,True,2026-09-08
jobicy:151112,jobicy,Europa,Staff Analytics Engineer,Data Analyst / BI,True,True,titulo,Pleo,"Denmark,  Portugal,  Spain,  UK",Senior,Senior,,,,https://jobicy.com/jobs/151112-staff-analytics-engineer,,,anual,,2026-08-19T14:48:26+00:00,mixto,description,10.0,0,0,4,3,0,True,True,False,False,False,False,False,False,False,False,False,False,False,False,True,False,True,True,False,True,False,False,False,True,True,False,True,False,2026-09-08
jobicy:150930,jobicy,Europa,Senior Machine Learning Engineer,ML / AI Engineer,True,True,titulo,Sona,"Europe,  UK",Senior,Senior,,,,https://jobicy.com/jobs/150930-senior-machine-learning-engineer,95000.0,110000.0,yearly,,2026-08-17T14:17:13+00:00,mixto,description,,0,2,1,0,1,False,True,False,False,False,False,False,False,True,False,False,False,False,False,True,False,False,False,True,False,False,False,False,False,False,False,True,False,2026-09-08
jobicy:150592,jobicy,Europa,"Senior ML Engineer (AI Research, Physical AI)",ML / AI Engineer,True,True,titulo,Nebius,"Europe,  Netherlands,  UK",Senior,Senior,,,,https://jobicy.com/jobs/150592-senior-ml-engineer-ai-research-physical-ai,,,anual,,2026-08-12T14:19:53+00:00,ciencia_datos,description,,0,4,1,2,0,False,True,False,False,False,False,False,False,False,False,False,False,False,False,False,False,False,False,False,False,False,False,True,False,False,True,False,True,2026-09-08
jobicy:150584,jobicy,Europa,Data Engineer (Marketing Systems),Data Engineer / Arquitecto,True,True,titulo,Ruby Labs,Europe,Semi Senior,Midweight,,,,https://jobicy.com/jobs/150584-data-engineer-marketing-systems,,,anual,,2026-08-12T14:19:40+00:00,ingenieria,description,,0,0,0,3,1,True,True,False,False,False,False,False,False,False,False,False,False,False,False,True,False,True,True,False,True,False,False,False,False,False,True,False,True,2026-09-08
jobicy:150577,jobicy,Europa,Senior Research Scientist (Architectures Research),Otro,False,False,fuera_de_alcance,Nebius,"Europe,  UK",Senior,Senior,,,,https://jobicy.com/jobs/150577-senior-research-scientist-architectures-research,,,anual,,2026-08-12T14:19:29+00:00,mixto,description,,0,2,0,1,0,False,True,False,False,False,False,False,False,False,False,False,False,False,False,False,False,False,False,False,False,False,False,False,False,False,True,False,True,2026-09-08
jobicy:145885,jobicy,Europa,"Project Director, Qualitative Research",Otro,False,False,fuera_de_alcance,M3 USA,UK,Experto / Director,Director,,,,https://jobicy.com/jobs/145885-project-director-qualitative-research,,,anual,,2026-08-11T03:30:04+00:00,sin_señal,description,3.0,0,0,0,0,0,False,False,True,False,False,False,False,False,False,False,False,False,False,False,False,False,False,False,False,False,False,False,False,False,False,True,True,True,2026-09-08
jobicy:149063,jobicy,Europa,Machine Learning Engineer,ML / AI Engineer,True,True,titulo,Skylum,"Europe,  Ukraine",Semi Senior,Midweight,,,,https://jobicy.com/jobs/149063-machine-learning-engineer-4,,,anual,,2026-08-10T04:20:10+00:00,ciencia_datos,description,2.0,0,5,0,0,0,False,True,False,False,False,False,False,False,False,False,True,False,False,False,False,False,False,False,False,False,False,False,True,False,False,False,False,True,2026-09-08
jobicy:148714,jobicy,LATAM,Alliances & Channels Leader,Otro,False,False,fuera_de_alcance,Canonical,"APAC,  EMEA,  LATAM,  Canada,  USA",Senior,Senior,,,,https://jobicy.com/jobs/148714-alliances-channels-leader,,,anual,,2026-09-07T07:07:11+00:00,mixto,description,10.0,0,2,2,1,0,False,False,False,False,False,False,False,False,False,False,False,False,False,False,False,False,False,False,False,False,False,False,False,False,False,False,False,True,2026-09-08
jobicy:149982,jobicy,LATAM,Silicon Alliances Ecosystem Development Manager,Otro,False,False,fuera_de_alcance,Canonical,"EMEA,  LATAM,  Canada,  USA",Semi Senior,Midweight,,,,https://jobicy.com/jobs/149982-silicon-alliances-ecosystem-development-manager,,,anual,,2026-09-02T04:44:58+00:00,señal_debil,description,,0,1,0,0,0,False,False,False,False,False,False,False,False,False,False,False,False,False,False,False,False,False,False,True,False,False,False,False,False,False,True,False,True,2026-09-08
jobicy:152288,jobicy,Global / remoto,Channel Partner Manager,Otro,False,False,fuera_de_alcance,Mactores,Anywhere,Senior,Senior,,,,https://jobicy.com/jobs/152288-channel-partner-manager,,,anual,,2026-09-01T05:13:50+00:00,analitica,description,5.0,0,0,3,1,0,False,False,False,False,False,False,False,False,False,False,False,True,True,False,False,True,False,False,False,False,False,False,False,False,False,True,False,True,2026-09-08
jobicy:152193,jobicy,LATAM,Enterprise Business Development Representative (TALENT POOL),Otro,False,False,fuera_de_alcance,Superside,LATAM,Senior,Senior,,,,https://jobicy.com/jobs/152193-enterprise-business-development-representative-talent-pool,,,anual,,2026-08-31T14:01:50+00:00,sin_señal,description,3.0,0,0,0,0,0,False,False,False,False,False,False,False,False,False,False,False,False,False,False,False,False,False,False,False,False,False,False,False,False,False,True,True,False,2026-09-08
jobicy:152016,jobicy,LATAM,Business Development Representative,Otro,False,False,fuera_de_alcance,Able,LATAM,Senior,Senior,,,,https://jobicy.com/jobs/152016-business-development-representative-11,,,anual,,2026-08-29T16:23:16+00:00,mixto,description,3.0,0,1,1,1,0,False,False,False,False,False,False,False,False,False,False,False,False,False,False,False,False,False,False,False,False,False,False,False,False,False,True,False,False,2026-09-08
jobicy:149568,jobicy,Global / remoto,Cloud Solutions Architect - Alliances,Otro,False,False,fuera_de_alcance,Canonical,Anywhere,Senior,Senior,,,,https://jobicy.com/jobs/149568-cloud-solutions-architect-alliances,,,anual,,2026-08-22T16:55:02+00:00,mixto,description,,0,1,1,1,0,False,True,False,False,False,False,False,False,False,False,False,True,True,True,True,False,False,False,True,False,True,False,False,False,True,True,False,True,2026-09-08
jobicy:151015,jobicy,Global / remoto,Alliances & Channels Leader,Otro,False,False,fuera_de_alcance,Canonical,Anywhere,Senior,Senior,,,,https://jobicy.com/jobs/151015-alliances-channels-leader-2,,,anual,,2026-08-18T11:11:29+00:00,mixto,description,10.0,0,2,2,1,0,False,False,False,False,False,False,False,False,False,False,False,False,False,False,False,False,False,False,False,False,False,False,False,False,False,False,False,True,2026-09-08
jobicy:152728,jobicy,EE. UU. / Canadá,Partner Development Manager,Otro,False,False,fuera_de_alcance,Fleetio,USA,Experto / Director,Director,,,,https://jobicy.com/jobs/152728-partner-development-manager,,,anual,,2026-09-07T14:09:54+00:00,señal_debil,description,10.0,0,0,0,1,0,False,False,False,False,False,False,False,False,False,False,False,False,False,False,False,False,False,False,False,False,False,False,False,False,False,True,True,False,2026-09-08
jobicy:152715,jobicy,EE. UU. / Canadá,"Director, Security Channels (North America)",Otro,False,False,fuera_de_alcance,Datadog,USA,Experto / Director,Director,,,,https://jobicy.com/jobs/152715-director-security-channels-north-america,164000.0,218000.0,yearly,,2026-09-07T14:05:43+00:00,analitica,description,5.0,0,0,2,0,0,False,False,False,False,False,False,False,False,False,False,False,False,False,False,False,False,False,False,False,False,False,False,False,False,False,True,False,True,2026-09-08
jobicy:148709,jobicy,EE. UU. / Canadá,Global Alliance Lead,Otro,False,False,fuera_de_alcance,Fivetran,USA,Senior,Senior,,,,https://jobicy.com/jobs/148709-global-alliance-lead,,,anual,,2026-09-07T07:07:05+00:00,mixto,description,15.0,0,0,2,2,1,False,False,False,False,False,False,False,False,False,False,False,False,False,False,False,False,False,True,False,False,False,False,False,False,False,True,True,False,2026-09-08
jobicy:152661,jobicy,EE. UU. / Canadá,Business Development Representative (BDR) Manager,Otro,False,False,fuera_de_alcance,Flex,USA,Senior,Senior,,,,https://jobicy.com/jobs/152661-business-development-representative-bdr-manager,,,anual,,2026-09-06T11:01:15+00:00,analitica,description,,0,0,3,1,0,False,False,False,False,False,False,False,False,False,False,False,False,False,False,False,False,False,False,False,False,False,False,False,False,False,True,True,False,2026-09-08
jobicy:152658,jobicy,EE. UU. / Canadá,Business Development Representative,Otro,False,False,fuera_de_alcance,Flex,USA,Senior,Senior,,,,https://jobicy.com/jobs/152658-business-development-representative-13,60000.0,70000.0,yearly,,2026-09-06T11:00:31+00:00,mixto,description,,0,0,2,1,1,False,False,False,False,False,False,False,False,False,False,False,False,False,False,False,False,False,False,False,False,False,False,False,False,False,True,False,True,2026-09-08
jobicy:152639,jobicy,EE. UU. / Canadá,"VP, Partner Ecosystem",Otro,False,False,fuera_de_alcance,Instructure,"Australia,  Canada,  Singapore,  UK,  USA",Experto / Director,Director,,,,https://jobicy.com/jobs/152639-vp-partner-ecosystem,250000.0,290000.0,yearly,,2026-09-06T10:52:24+00:00,mixto,description,15.0,0,1,1,1,0,False,False,False,False,False,False,False,False,False,False,False,False,True,False,False,False,False,False,False,False,False,False,False,False,False,True,True,True,2026-09-08
jobicy:148328,jobicy,EE. UU. / Canadá,"Senior Manager, Deal Desk",Otro,False,False,fuera_de_alcance,Eightfold,USA,Senior,Senior,,,,https://jobicy.com/jobs/148328-senior-manager-deal-desk,,,anual,,2026-09-06T05:35:15+00:00,analitica,description,5.0,0,1,6,2,1,False,False,True,True,True,False,False,False,False,False,False,False,False,False,False,False,False,False,False,False,False,False,False,False,False,True,True,True,2026-09-08
jobicy:152614,jobicy,EE. UU. / Canadá,Business Development Representative - Retail,Otro,False,False,fuera_de_alcance,Toast,USA,Experto / Director,Director,,,,https://jobicy.com/jobs/152614-business-development-representative-retail,59000.0,120000.0,yearly,,2026-09-05T18:11:27+00:00,mixto,description,,0,0,1,1,0,False,False,False,False,False,False,False,False,False,False,False,False,False,False,False,False,False,False,False,False,False,False,False,False,False,True,False,True,2026-09-08
jobicy:152577,jobicy,EE. UU. / Canadá,Business Development Manager (Tech Alliances),Otro,False,False,fuera_de_alcance,DevRev,USA,,Any,,,,https://jobicy.com/jobs/152577-business-development-manager-tech-alliances,,,anual,,2026-09-05T11:19:33+00:00,ingenieria,description,8.0,0,0,2,4,0,False,False,False,False,False,False,False,False,False,False,False,True,True,False,False,True,False,False,False,False,True,False,False,False,False,False,False,True,2026-09-08
jobicy:150753,jobicy,EE. UU. / Canadá,Business Development Executive,Otro,False,False,fuera_de_alcance,Thoughtworks,USA,Experto / Director,Director,,,,https://jobicy.com/jobs/150753-business-development-executive,242000.0,466000.0,yearly,,2026-09-05T05:55:04+00:00,mixto,description,15.0,0,0,2,2,0,False,False,False,False,False,False,False,False,False,False,False,False,True,False,True,False,False,False,False,False,False,False,False,False,False,False,True,False,2026-09-08
jobicy:150198,jobicy,EE. UU. / Canadá,Capture Management Director,Otro,False,False,fuera_de_alcance,Concept Plus,USA,Experto / Director,Director,,,,https://jobicy.com/jobs/150198-capture-management-director,,,anual,,2026-09-05T05:35:12+00:00,señal_debil,description,8.0,0,0,1,0,0,False,False,False,False,False,False,False,False,False,False,False,False,False,False,False,False,False,False,False,False,False,False,False,False,False,True,True,True,2026-09-08
jobicy:152543,jobicy,EE. UU. / Canadá,Strategic Partnerships Director,Otro,False,False,fuera_de_alcance,"Demandbase, Inc.",USA,Experto / Director,Director,,,,https://jobicy.com/jobs/152543-strategic-partnerships-director,,,anual,,2026-09-04T17:05:15+00:00,mixto,description,8.0,0,0,2,3,0,False,False,False,False,False,False,False,False,False,False,False,True,True,False,True,True,False,False,False,False,False,False,False,False,False,True,True,True,2026-09-08
jobicy:150165,jobicy,EE. UU. / Canadá,Technology Alliances Manager,Otro,False,False,fuera_de_alcance,NetBox Labs,USA,Senior,Senior,,,,https://jobicy.com/jobs/150165-technology-alliances-manager,130000.0,145000.0,yearly,,2026-09-04T05:15:23+00:00,mixto,description,7.0,0,0,2,1,0,False,False,False,False,False,False,False,False,False,False,False,False,False,False,False,False,False,False,False,False,False,False,False,False,False,True,True,True,2026-09-08
jobicy:150789,jobicy,EE. UU. / Canadá,"Manager, Retail Partnerships",Otro,False,False,fuera_de_alcance,ANGI,USA,Senior,Senior,,,,https://jobicy.com/jobs/150789-manager-retail-partnerships,95000.0,140000.0,yearly,,2026-09-02T06:15:06+00:00,analitica,description,2.0,0,0,2,0,0,True,False,True,False,False,False,False,False,False,False,False,False,False,False,False,False,False,False,False,False,False,False,False,False,False,True,True,True,2026-09-08
jobicy:152346,jobicy,EE. UU. / Canadá,Enterprise Business Development Representative,Otro,False,False,fuera_de_alcance,Rockbot,USA,Experto / Director,Director,,,,https://jobicy.com/jobs/152346-enterprise-business-development-representative,70000.0,85000.0,yearly,,2026-09-01T14:54:44+00:00,mixto,description,5.0,0,0,2,1,0,False,False,False,False,False,False,False,False,False,False,False,False,False,False,False,False,False,False,False,False,False,False,False,False,False,True,True,False,2026-09-08
jobicy:152304,jobicy,EE. UU. / Canadá,Director Revenue Strategy & Commercial Innovation,Otro,False,False,fuera_de_alcance,Fandom,USA,Experto / Director,Director,,,,https://jobicy.com/jobs/152304-director-revenue-strategy-commercial-innovation,165000.0,185000.0,yearly,,2026-09-01T11:59:18+00:00,analitica,description,4.0,0,0,3,1,0,True,False,False,False,True,True,False,False,False,False,False,False,False,False,False,False,False,False,False,False,False,False,False,False,False,False,True,True,2026-09-08
jobicy:152286,jobicy,EE. UU. / Canadá,Business Development Representative,Otro,False,False,fuera_de_alcance,Mactores,USA,,Any,,,,https://jobicy.com/jobs/152286-business-development-representative-12,,,anual,,2026-09-01T05:13:17+00:00,señal_debil,description,5.0,0,0,0,1,0,False,False,False,False,False,False,False,False,False,False,False,False,True,False,False,False,False,False,False,False,False,False,False,False,False,False,False,False,2026-09-08
jobicy:144868,jobicy,EE. UU. / Canadá,Oncology Account Manager,Otro,False,False,fuera_de_alcance,GE HealthCare,USA,Semi Senior,Midweight,,,,https://jobicy.com/jobs/144868-oncology-account-manager,153600.0,230400.0,yearly,,2026-08-30T14:40:11+00:00,mixto,description,3.0,0,1,2,1,1,False,False,False,False,False,False,False,False,False,False,False,False,False,False,False,False,False,False,False,False,False,False,False,False,False,True,True,True,2026-09-08
jobicy:147977,jobicy,EE. UU. / Canadá,"Managing Director, SALT",Otro,False,False,fuera_de_alcance,Forvis,USA,Experto / Director,Director,,,,https://jobicy.com/jobs/147977-managing-director-salt,,,anual,,2026-08-30T14:35:14+00:00,mixto,description,10.0,0,0,0,1,1,False,False,True,False,False,False,False,False,False,False,False,False,False,False,False,False,False,False,False,False,False,False,False,False,False,True,True,True,2026-09-08
jobicy:147986,jobicy,EE. UU. / Canadá,Business Development Lead - Digital Ordering Specialist,Otro,False,False,fuera_de_alcance,DoorDash,USA,Senior,Senior,,,,https://jobicy.com/jobs/147986-business-development-lead-digital-ordering-specialist,108120.0,265000.0,yearly,,2026-08-30T14:35:08+00:00,mixto,description,7.0,0,1,2,1,1,False,False,True,False,False,False,False,False,False,False,False,False,False,False,False,False,False,False,False,False,False,False,False,False,False,True,True,True,2026-09-08
jobicy:151992,jobicy,EE. UU. / Canadá,Enterprise Business Development Representative - East,Otro,False,False,fuera_de_alcance,Chainguard,USA,Senior,Senior,,,,https://jobicy.com/jobs/151992-enterprise-business-development-representative-east,100000.0,100000.0,yearly,,2026-08-29T10:59:55+00:00,mixto,description,10.0,0,0,2,2,0,False,False,False,False,False,False,False,False,False,False,False,True,False,False,False,True,False,False,False,False,False,False,False,False,False,False,True,True,2026-09-08
jobicy:151991,jobicy,EE. UU. / Canadá,Enterprise Business Development Representative - Central,Otro,False,False,fuera_de_alcance,Chainguard,USA,Senior,Senior,,,,https://jobicy.com/jobs/151991-enterprise-business-development-representative-central,100000.0,100000.0,yearly,,2026-08-29T10:59:39+00:00,mixto,description,10.0,0,0,2,2,0,False,False,False,False,False,False,False,False,False,False,False,True,False,False,False,True,False,False,False,False,False,False,False,False,False,False,True,True,2026-09-08
jobicy:150698,jobicy,EE. UU. / Canadá,"Business Development Manager, Central Region",Otro,False,False,fuera_de_alcance,CompScience,USA,,Any,,,,https://jobicy.com/jobs/150698-business-development-manager-central-region,120000.0,150000.0,yearly,,2026-08-28T06:10:04+00:00,ciencia_datos,description,5.0,0,2,0,0,0,False,False,False,False,False,False,False,False,False,False,False,False,False,False,False,False,False,False,False,False,False,False,False,False,False,True,True,True,2026-09-08
jobicy:142689,jobicy,EE. UU. / Canadá,New Business Development Intern,Otro,False,False,fuera_de_alcance,DataCatalyst LLC,USA,Junior,"Entry-Level, Junior",,,,https://jobicy.com/jobs/142689-new-business-development-intern,,,anual,,2026-08-28T05:11:55+00:00,analitica,description,15.0,0,0,3,1,1,False,False,False,False,False,False,False,False,False,False,False,False,False,False,False,False,False,False,False,False,False,False,False,False,False,True,False,True,2026-09-08
jobicy:147856,jobicy,EE. UU. / Canadá,"(US) Solutions Analyst - (Clinical, MDS 3.0)",Otro,False,False,fuera_de_alcance,PointClickCare,USA,Junior,"Entry-Level, Junior",,,,https://jobicy.com/jobs/147856-us-solutions-analyst-clinical-mds-3-0,,,anual,,2026-08-28T05:05:12+00:00,mixto,description,,0,0,1,1,0,False,False,True,False,False,False,False,False,False,False,False,False,False,False,False,False,False,False,False,False,False,False,False,False,False,False,True,True,2026-09-08
jobicy:147874,jobicy,EE. UU. / Canadá,Professional Services Engagement Manager,Otro,False,False,fuera_de_alcance,Harness,USA,Semi Senior,Midweight,,,,https://jobicy.com/jobs/147874-professional-services-engagement-manager,165000.0,198000.0,yearly,,2026-08-28T05:05:11+00:00,mixto,description,5.0,0,1,1,1,1,False,False,False,False,False,False,False,False,False,False,False,False,False,False,False,False,False,False,False,False,False,False,False,False,False,True,True,True,2026-09-08
jobicy:147866,jobicy,EE. UU. / Canadá,"Senior Business Value Consultant, Value Realization",Otro,False,False,fuera_de_alcance,Webflow,USA,Senior,Senior,,,,https://jobicy.com/jobs/147866-senior-business-value-consultant-value-realization,156500.0,210000.0,yearly,,2026-08-28T05:05:08+00:00,señal_debil,description,3.0,0,0,1,0,0,False,False,False,False,False,False,False,False,False,False,False,False,False,False,False,False,False,False,False,False,False,False,False,False,False,True,False,True,2026-09-08
jobicy:151812,jobicy,EE. UU. / Canadá,Director of Health Plan Business Development,Otro,False,False,fuera_de_alcance,BetterHelp,USA,Experto / Director,Director,,,,https://jobicy.com/jobs/151812-director-of-health-plan-business-development,180000.0,210000.0,yearly,,2026-08-27T10:19:19+00:00,mixto,description,5.0,0,1,1,0,1,False,False,False,False,False,False,False,False,False,False,False,False,False,False,False,False,False,False,False,False,False,False,False,False,False,True,True,True,2026-09-08
jobicy:151733,jobicy,EE. UU. / Canadá,Partner Manager - Channels,Otro,False,False,fuera_de_alcance,Datadog,USA,Senior,Senior,,,,https://jobicy.com/jobs/151733-partner-manager-channels,82000.0,109000.0,yearly,,2026-08-26T05:16:29+00:00,mixto,description,5.0,0,0,2,1,0,False,False,False,False,False,False,False,False,False,False,False,False,False,False,False,False,False,False,False,False,False,False,False,False,False,False,False,False,2026-09-08
jobicy:151732,jobicy,EE. UU. / Canadá,Partner Growth Manager,Otro,False,False,fuera_de_alcance,Spreedly,USA,Senior,Senior,,,,https://jobicy.com/jobs/151732-partner-growth-manager,,,anual,,2026-08-26T05:16:14+00:00,mixto,description,5.0,0,0,2,2,0,False,False,False,False,False,False,False,False,False,False,False,False,False,False,False,False,False,False,False,False,False,False,False,False,False,True,True,True,2026-09-08
jobicy:151661,jobicy,EE. UU. / Canadá,Community Outreach & Events Lead (BrightLife Kids LA),Otro,False,False,fuera_de_alcance,Brightline,USA,Experto / Director,Director,,,,https://jobicy.com/jobs/151661-community-outreach-events-lead-brightlife-kids-la,78000.0,90000.0,yearly,,2026-08-26T04:45:09+00:00,analitica,description,5.0,0,0,4,1,1,False,False,False,False,False,False,False,False,False,False,False,False,False,False,False,False,False,False,False,False,False,False,False,False,False,True,True,True,2026-09-08
jobicy:144633,jobicy,EE. UU. / Canadá,Senior Business Engineer - Ads,Otro,False,False,fuera_de_alcance,Reddit,USA,Senior,Senior,,,,https://jobicy.com/jobs/144633-senior-business-engineer-ads,180200.0,252300.0,yearly,,2026-08-26T03:55:15+00:00,sin_señal,description,5.0,0,0,0,0,0,False,True,False,False,False,False,False,False,False,False,False,False,False,False,False,False,False,False,False,False,False,False,False,False,False,False,True,True,2026-09-08
jobicy:151562,jobicy,EE. UU. / Canadá,"Alliance Manager, Translational Medicine",Otro,False,False,fuera_de_alcance,Natera,USA,Senior,Senior,,,,https://jobicy.com/jobs/151562-alliance-manager-translational-medicine,107000.0,134000.0,yearly,,2026-08-25T13:23:13+00:00,mixto,description,5.0,0,0,2,2,1,False,False,False,False,False,False,False,False,False,False,False,False,False,False,False,False,False,False,False,False,False,False,False,False,False,True,True,True,2026-09-08
jobicy:151464,jobicy,EE. UU. / Canadá,Business Development Representative,Otro,False,False,fuera_de_alcance,Bloomreach,USA,,Any,,,,https://jobicy.com/jobs/151464-business-development-representative-9,70000.0,80000.0,yearly,,2026-08-24T16:28:26+00:00,mixto,description,2.0,0,0,1,2,0,False,False,False,False,False,False,False,False,False,False,False,False,False,False,False,False,False,False,False,False,False,False,False,False,False,True,True,True,2026-09-08
jobicy:151362,jobicy,EE. UU. / Canadá,Sr. Partner Relationship Manager - Strategic Technology Partnerships,Otro,False,False,fuera_de_alcance,Contentstack,USA,Senior,Senior,,,,https://jobicy.com/jobs/151362-sr-partner-relationship-manager-strategic-technology-partnerships,145000.0,165000.0,yearly,,2026-08-22T04:07:54+00:00,mixto,description,8.0,0,0,2,2,0,False,False,False,False,False,False,False,False,False,False,False,False,False,False,False,False,False,False,False,False,False,False,False,False,False,True,True,True,2026-09-08
jobicy:151339,jobicy,EE. UU. / Canadá,Cloud & ISV Alliances and Marketplaces Lead,Otro,False,False,fuera_de_alcance,"Keyfactor, Inc.",USA,Experto / Director,Director,,,,https://jobicy.com/jobs/151339-cloud-isv-alliances-and-marketplaces-lead,,,anual,,2026-08-21T15:58:28+00:00,mixto,description,,0,1,1,1,0,False,False,False,False,False,False,False,False,False,False,False,False,True,True,False,False,False,False,False,False,False,False,False,False,False,True,True,True,2026-09-08
jobicy:151336,jobicy,EE. UU. / Canadá,Director of Business Development,Otro,False,False,fuera_de_alcance,Hello Alice,USA,Experto / Director,Director,,,,https://jobicy.com/jobs/151336-director-of-business-development,,,anual,,2026-08-21T15:57:37+00:00,señal_debil,description,10.0,0,0,1,0,0,False,False,False,False,False,False,False,False,False,False,False,False,False,False,False,False,False,False,False,False,False,False,False,False,False,True,True,False,2026-09-08
jobicy:151324,jobicy,EE. UU. / Canadá,Senior Business Development Manager (Remote within USA or Canada),Otro,False,False,fuera_de_alcance,DuckDuckGo,"Canada,  USA",Senior,Senior,,,,https://jobicy.com/jobs/151324-senior-business-development-manager-remote-within-usa-or-canada,200267.0,200267.0,yearly,,2026-08-21T15:31:23+00:00,mixto,description,2.0,0,1,1,0,0,False,False,False,False,False,False,False,False,False,False,False,False,False,False,False,False,False,False,False,False,False,False,False,True,False,False,True,True,2026-09-08
jobicy:151293,jobicy,EE. UU. / Canadá,Strategic Business Development Manager,Otro,False,False,fuera_de_alcance,SiteMinder,USA,Experto / Director,Director,,,,https://jobicy.com/jobs/151293-strategic-business-development-manager,,,anual,,2026-08-21T09:45:24+00:00,mixto,description,,0,1,0,1,0,False,False,False,False,False,False,False,False,False,False,False,False,False,False,False,False,False,False,False,False,False,False,False,False,False,True,True,True,2026-09-08
jobicy:151259,jobicy,EE. UU. / Canadá,Partner Marketing Director,Otro,False,False,fuera_de_alcance,"Acquia, Inc.",USA,Experto / Director,Director,,,,https://jobicy.com/jobs/151259-partner-marketing-director,174000.0,200000.0,yearly,,2026-08-20T19:47:29+00:00,mixto,description,7.0,0,0,1,1,0,False,False,False,False,False,False,False,False,False,False,False,False,False,False,False,False,False,False,False,False,False,False,False,False,False,False,True,True,2026-09-08
jobicy:151241,jobicy,EE. UU. / Canadá,Business Development Representative (BDR),Otro,False,False,fuera_de_alcance,Luxury Presence,USA,Senior,Senior,,,,https://jobicy.com/jobs/151241-business-development-representative-bdr,50000.0,60000.0,yearly,,2026-08-20T19:42:25+00:00,señal_debil,description,1.0,0,0,0,1,0,False,False,False,False,False,False,False,False,False,False,False,False,False,False,False,False,False,False,False,False,False,False,False,False,False,True,False,True,2026-09-08
jobicy:151217,jobicy,EE. UU. / Canadá,"Director, Government Partnership Development",Otro,False,False,fuera_de_alcance,"Ginkgo Bioworks, Inc.",USA,Experto / Director,Director,,,,https://jobicy.com/jobs/151217-director-government-partnership-development,170100.0,273500.0,yearly,,2026-08-20T14:31:26+00:00,mixto,description,8.0,0,0,1,2,0,False,False,False,False,False,False,False,False,False,False,False,False,False,False,False,False,False,False,False,False,False,False,False,False,False,True,True,True,2026-09-08
jobicy:146550,jobicy,EE. UU. / Canadá,Sales Engineer (Application Security),Otro,False,False,fuera_de_alcance,Thales,USA,Semi Senior,Midweight,,,,https://jobicy.com/jobs/146550-sales-engineer-application-security,,,anual,,2026-08-18T03:05:10+00:00,mixto,description,5.0,0,0,1,1,1,False,False,False,False,False,False,False,False,False,False,False,False,True,True,True,False,False,False,True,False,False,False,False,False,False,False,False,False,2026-09-08
jobicy:150722,jobicy,EE. UU. / Canadá,"Enterprise Account Executive, State & Local Government",Otro,False,False,fuera_de_alcance,Udemy,USA,Experto / Director,Director,,,,https://jobicy.com/jobs/150722-enterprise-account-executive-state-local-government,252000.0,315000.0,yearly,,2026-08-15T10:42:21+00:00,analitica,description,7.0,0,0,2,0,0,False,False,False,False,False,False,False,False,False,False,False,False,False,False,False,False,False,False,False,False,False,False,False,False,False,True,True,True,2026-09-08
jobicy:150709,jobicy,EE. UU. / Canadá,"Customer Growth, Director",Otro,False,False,fuera_de_alcance,Archive,USA,Experto / Director,Director,,,,https://jobicy.com/jobs/150709-customer-growth-director,150000.0,170000.0,yearly,,2026-08-15T09:53:25+00:00,sin_señal,description,6.0,0,0,0,0,0,False,False,False,False,False,False,False,False,False,False,False,False,False,False,False,False,False,False,False,False,False,False,False,False,False,False,True,False,2026-09-08
jobicy:149135,jobicy,EE. UU. / Canadá,"Manager, Data Center Investment and Partnerships",Otro,False,False,fuera_de_alcance,Meta,USA,Semi Senior,Midweight,,,,https://jobicy.com/jobs/149135-manager-data-center-investment-and-partnerships,,,anual,,2026-08-13T08:40:08+00:00,mixto,description,5.0,0,0,1,2,0,False,False,False,False,False,False,False,False,False,False,False,False,False,False,False,False,False,False,False,False,False,False,False,False,False,True,True,True,2026-09-08
jobicy:150478,jobicy,EE. UU. / Canadá,Senior Customer Activation Manager | Partnerships,Otro,False,False,fuera_de_alcance,Ramp,"Canada,  USA",Senior,Senior,,,,https://jobicy.com/jobs/150478-senior-customer-activation-manager-partnerships,138000.0,210000.0,yearly,,2026-08-11T11:09:34+00:00,señal_debil,description,5.0,0,0,1,0,0,False,False,False,False,False,False,False,False,False,False,False,False,False,False,False,False,False,False,False,False,False,False,False,False,False,True,False,False,2026-09-08
jobicy:150477,jobicy,EE. UU. / Canadá,Customer Activation | Partnerships,Otro,False,False,fuera_de_alcance,Ramp,"Canada,  USA",Semi Senior,Midweight,,,,https://jobicy.com/jobs/150477-customer-activation-partnerships,116000.0,177000.0,yearly,,2026-08-11T11:09:33+00:00,señal_debil,description,3.0,0,0,1,0,0,False,False,False,False,False,False,False,False,False,False,False,False,False,False,False,False,False,False,False,False,False,False,False,False,False,True,False,False,2026-09-08
jobicy:145558,jobicy,EE. UU. / Canadá,Partner Relationship Manager - Strategic Technology Partnerships,Otro,False,False,fuera_de_alcance,Contentstack,USA,Semi Senior,Midweight,,,,https://jobicy.com/jobs/145558-partner-relationship-manager-strategic-technology-partnerships,120000.0,140000.0,yearly,,2026-08-09T04:05:07+00:00,mixto,description,5.0,0,0,2,2,0,False,False,False,False,False,False,False,False,False,False,False,False,False,False,False,False,False,False,False,False,False,False,False,False,False,True,True,True,2026-09-08
jobicy:149007,jobicy,EE. UU. / Canadá,Procurement Analyst,Otro,False,False,fuera_de_alcance,Eightfold,USA,Semi Senior,Midweight,,,,https://jobicy.com/jobs/149007-procurement-analyst,60000.0,85000.0,yearly,,2026-08-09T04:05:04+00:00,mixto,description,4.0,0,1,2,1,1,False,False,True,False,False,False,False,False,False,False,False,False,True,True,False,False,False,False,False,False,False,False,False,False,False,True,True,True,2026-09-08
jobicy:149013,jobicy,EE. UU. / Canadá,Junior Program Control Analyst,Otro,False,False,fuera_de_alcance,ManTech,USA,Junior,"Entry-Level, Junior",,,,https://jobicy.com/jobs/149013-junior-program-control-analyst,47900.0,79200.0,yearly,,2026-08-09T04:00:07+00:00,señal_debil,description,1.0,0,0,1,0,0,False,False,True,False,False,False,False,False,False,False,False,False,False,False,False,False,False,False,False,False,False,False,False,False,False,False,True,False,2026-09-08
jobicy:147488,jobicy,EE. UU. / Canadá,Senior Business Engineer,Otro,False,False,fuera_de_alcance,Reddit,Canada,Senior,Senior,,,,https://jobicy.com/jobs/147488-senior-business-engineer,,,anual,,2026-08-25T03:50:12+00:00,sin_señal,description,5.0,0,0,0,0,0,False,True,False,False,False,False,False,False,False,False,False,False,False,False,False,False,False,False,False,False,False,False,False,False,False,False,True,True,2026-09-08
jobicy:151200,jobicy,EE. UU. / Canadá,Business Development Representative,Otro,False,False,fuera_de_alcance,League,Canada,Experto / Director,Director,,,,https://jobicy.com/jobs/151200-business-development-representative-7,55000.0,65000.0,yearly,,2026-08-20T12:03:58+00:00,mixto,description,,0,0,1,2,1,False,False,False,False,False,False,False,False,False,False,False,False,False,False,True,False,False,False,False,False,False,False,False,False,False,True,False,True,2026-09-08
jobicy:145049,jobicy,Europa,Partner Account Executive (M/F),Otro,False,False,fuera_de_alcance,Akamai Technologies,France,Experto / Director,Director,,,,https://jobicy.com/jobs/145049-partner-account-executive-m-f,,,anual,,2026-09-06T05:45:18+00:00,mixto,description,,0,1,0,1,0,False,False,False,False,False,False,False,False,False,False,False,False,False,False,False,False,False,False,False,False,False,False,False,False,False,True,True,True,2026-09-08
jobicy:152482,jobicy,Europa,ServiceNow Alliance Executive,Otro,False,False,fuera_de_alcance,Vonage,UK,Experto / Director,Director,,,,https://jobicy.com/jobs/152482-servicenow-alliance-executive,,,anual,,2026-09-03T19:02:21+00:00,mixto,description,,0,0,1,1,0,False,False,False,False,False,False,False,False,False,False,False,False,False,False,False,False,False,False,False,False,False,False,False,False,False,True,True,True,2026-09-08
jobicy:149968,jobicy,Europa,GTM Strategy Principal,Otro,False,False,fuera_de_alcance,Remote,EMEA,Senior,Senior,,,,https://jobicy.com/jobs/149968-gtm-strategy-principal,65750.0,184950.0,yearly,,2026-09-02T04:45:14+00:00,mixto,description,,0,2,3,0,0,False,False,False,False,False,False,True,False,False,False,False,False,False,False,False,False,False,False,False,False,False,False,False,False,False,True,True,True,2026-09-08
jobicy:149963,jobicy,Europa,Business Consultant,Otro,False,False,fuera_de_alcance,Autodesk,"Denmark,  Netherlands,  Norway,  UK",,Any,,,,https://jobicy.com/jobs/149963-business-consultant,69000.0,101200.0,yearly,,2026-09-02T04:45:02+00:00,mixto,description,,0,0,1,1,0,False,False,False,False,False,False,False,False,False,False,False,False,False,False,False,False,False,False,False,False,False,False,False,False,False,True,True,False,2026-09-08
jobicy:149847,jobicy,Europa,Business Development Manager (Corporate customers) - Greece,Otro,False,False,fuera_de_alcance,Ajax Systems,Greece,Semi Senior,Midweight,,,,https://jobicy.com/jobs/149847-business-development-manager-corporate-customers-greece,,,anual,,2026-08-31T04:20:11+00:00,mixto,description,2.0,0,0,1,0,1,False,False,False,False,False,False,False,False,False,False,False,False,False,False,False,False,False,False,False,True,False,False,False,False,False,True,True,True,2026-09-08
jobicy:144503,jobicy,Europa,"Home- Soft Sourcing Managers, Soft Home (EUR)",Otro,False,False,fuera_de_alcance,Quince,"Europe,  Türkiye",Semi Senior,Midweight,,,,https://jobicy.com/jobs/144503-home-soft-sourcing-managers-soft-home-eur,,,anual,,2026-08-29T04:35:12+00:00,mixto,description,10.0,0,0,2,1,1,False,False,False,False,False,False,False,False,False,False,False,False,False,False,False,False,False,False,False,False,False,False,False,False,False,True,True,True,2026-09-08
jobicy:144774,jobicy,Europa,Senior Business Analyst - Health Insurance (Fully Remote),Business Analyst,True,True,titulo,CoverGo,"Czechia,  Greece,  Poland,  Portugal,  Romania",Senior,Senior,,,,https://jobicy.com/jobs/144774-senior-business-analyst-health-insurance-fully-remote,,,anual,,2026-08-29T04:27:41+00:00,mixto,description,5.0,0,0,2,2,0,False,False,False,False,False,False,False,False,False,False,False,False,False,False,False,False,False,False,False,False,False,False,False,False,False,True,False,False,2026-09-08
jobicy:151954,jobicy,Europa,Business Development Manager - Montpellier - CDI,Otro,False,False,fuera_de_alcance,Deliveroo,France,,Any,,,,https://jobicy.com/jobs/151954-business-development-manager-montpellier-cdi,,,anual,,2026-08-28T18:58:12+00:00,señal_debil,description,,0,0,0,1,0,False,False,False,False,False,False,False,False,False,False,False,False,False,False,False,False,False,False,False,False,False,False,False,False,False,False,False,True,2026-09-08
jobicy:151919,jobicy,Europa,"Affiliate Business Development Manager, Poland",Otro,False,False,fuera_de_alcance,OKX,Poland,Senior,Senior,,,,https://jobicy.com/jobs/151919-affiliate-business-development-manager-poland,,,anual,,2026-08-28T11:57:39+00:00,analitica,description,,0,0,2,0,0,True,False,True,False,True,True,False,False,False,False,False,False,False,False,False,False,False,False,False,False,False,False,False,False,False,False,False,True,2026-09-08
jobicy:151916,jobicy,Otra / sin dato,"Affiliate Business Development Manager, CIS",Otro,False,False,fuera_de_alcance,OKX,Ukraine,,Any,,,,https://jobicy.com/jobs/151916-affiliate-business-development-manager-cis,,,anual,,2026-08-28T11:56:40+00:00,señal_debil,description,,0,0,1,0,0,False,False,False,False,False,False,False,False,False,False,False,False,False,False,False,False,False,False,False,False,False,False,False,False,False,True,False,True,2026-09-08
jobicy:151869,jobicy,Europa,Business Development Representative - Nordics,Otro,False,False,fuera_de_alcance,GitLab,"Germany,  Ireland,  Netherlands,  UK",Experto / Director,Director,,,,https://jobicy.com/jobs/151869-business-development-representative-nordics,,,anual,,2026-08-27T16:08:32+00:00,mixto,description,,0,1,1,2,1,False,False,False,False,False,False,False,False,False,False,False,False,False,False,False,False,False,False,False,True,False,False,False,False,False,True,True,True,2026-09-08
jobicy:151865,jobicy,Europa,"Business Development Representative, German Speaking",Otro,False,False,fuera_de_alcance,GitLab,"Germany,  Ireland,  Netherlands,  UK",Experto / Director,Director,,,,https://jobicy.com/jobs/151865-business-development-representative-german-speaking,,,anual,,2026-08-27T16:07:21+00:00,mixto,description,,0,1,1,2,1,False,False,False,False,False,False,False,False,False,False,False,False,False,False,False,False,False,False,False,True,False,False,False,False,False,True,True,True,2026-09-08
jobicy:151818,jobicy,Europa,Business Development Representative,Otro,False,False,fuera_de_alcance,GitLab,"EMEA,  Germany,  Ireland,  Netherlands,  UK",Experto / Director,Director,,,,https://jobicy.com/jobs/151818-business-development-representative-10,,,anual,,2026-08-27T10:27:17+00:00,mixto,description,,0,1,1,2,1,False,False,False,False,False,False,False,False,False,False,False,False,False,False,False,False,False,False,False,True,False,False,False,False,False,True,True,True,2026-09-08
jobicy:143543,jobicy,Europa,Business Development Manager in Spain (Fire Market),Otro,False,False,fuera_de_alcance,Ajax Systems,Spain,Semi Senior,Midweight,,,,https://jobicy.com/jobs/143543-business-development-manager-in-spain-fire-market,,,anual,,2026-08-27T04:15:20+00:00,mixto,description,,0,0,2,0,1,False,False,False,False,False,False,False,False,False,False,False,False,False,False,False,False,False,False,False,True,False,False,False,False,False,True,True,True,2026-09-08
jobicy:149733,jobicy,Europa,"Technical Due Diligence Manager- Data Centers, EMEA",Otro,False,False,fuera_de_alcance,Nebius,Europe,Senior,Senior,,,,https://jobicy.com/jobs/149733-technical-due-diligence-manager-data-centers-emea,,,anual,,2026-08-27T04:10:13+00:00,mixto,description,10.0,0,1,0,1,0,False,False,False,False,False,False,False,False,False,False,False,False,False,False,False,False,False,False,False,False,False,False,False,False,False,True,True,True,2026-09-08
jobicy:149732,jobicy,Europa,"Project Development Manager- Data Centers, EMEA",Otro,False,False,fuera_de_alcance,Nebius,Europe,Senior,Senior,,,,https://jobicy.com/jobs/149732-project-development-manager-data-centers-emea,,,anual,,2026-08-27T04:10:12+00:00,mixto,description,8.0,0,1,0,1,0,False,False,False,False,False,False,False,False,False,False,False,False,False,False,False,False,False,False,False,False,False,False,False,False,False,True,True,True,2026-09-08
jobicy:149731,jobicy,Europa,EMEA Partner Development Manager,Otro,False,False,fuera_de_alcance,Supabase,Europe,Semi Senior,Midweight,,,,https://jobicy.com/jobs/149731-emea-partner-development-manager,540000.0,,yearly,,2026-08-27T04:10:09+00:00,mixto,description,10.0,0,0,1,1,1,False,False,False,False,False,False,False,False,False,False,False,False,True,True,True,False,False,False,False,False,False,False,False,False,False,True,True,True,2026-09-08
jobicy:151762,jobicy,Europa,Business Development Representative (DACH),Otro,False,False,fuera_de_alcance,Bloomreach,Netherlands,,Any,,,,https://jobicy.com/jobs/151762-business-development-representative-dach,37500.0,47000.0,yearly,,2026-08-26T12:37:04+00:00,mixto,description,,0,0,2,1,0,False,False,False,False,False,False,False,False,False,False,False,False,False,False,False,False,False,False,False,False,False,False,False,False,False,True,True,False,2026-09-08
jobicy:151619,jobicy,Europa,Channel Development Manager,Otro,False,False,fuera_de_alcance,Five9,Germany,Experto / Director,Director,,,,https://jobicy.com/jobs/151619-channel-development-manager,,,anual,,2026-08-25T14:56:05+00:00,analitica,description,5.0,0,1,3,1,0,False,False,False,False,False,False,False,False,False,False,False,False,False,False,False,False,False,False,False,False,False,False,False,False,False,True,False,True,2026-09-08
jobicy:151347,jobicy,Europa,Business Development Representative,Otro,False,False,fuera_de_alcance,Kinsta,"EMEA,  Czechia",Experto / Director,Director,,,,https://jobicy.com/jobs/151347-business-development-representative-8,,,anual,,2026-08-21T17:04:08+00:00,ingenieria,description,2.0,0,0,0,2,0,False,False,True,False,False,False,False,False,False,False,False,True,False,False,False,False,False,False,False,False,False,False,False,False,False,True,False,False,2026-09-08
jobicy:145803,jobicy,Europa,Account Manager - Speech & AI Technologies,Otro,False,False,fuera_de_alcance,Side,UK,Senior,Senior,,,,https://jobicy.com/jobs/145803-account-manager-speech-ai-technologies,,,anual,,2026-08-18T03:15:02+00:00,mixto,description,5.0,0,2,1,2,0,False,False,False,False,False,False,False,False,False,False,False,False,False,False,False,False,False,False,False,False,False,False,True,False,False,True,True,True,2026-09-08
jobicy:147416,jobicy,Europa,Revenue Strategy & Biz Ops Lead,Otro,False,False,fuera_de_alcance,Remote,EMEA,Senior,Senior,,,,https://jobicy.com/jobs/147416-revenue-strategy-biz-ops-lead,52600.0,147950.0,yearly,,2026-08-18T02:45:07+00:00,analitica,description,,0,0,3,0,0,False,False,False,False,False,False,True,False,False,False,False,False,False,False,False,False,False,False,False,False,False,False,False,False,False,True,True,True,2026-09-08
jobicy:150864,jobicy,Europa,"Business Development Manager, DACH",Otro,False,False,fuera_de_alcance,SiteMinder,Germany,Senior,Senior,,,,https://jobicy.com/jobs/150864-business-development-manager-dach,,,anual,,2026-08-16T16:47:07+00:00,analitica,description,,0,1,4,1,0,False,False,False,False,False,False,False,False,False,False,False,False,False,False,False,False,False,False,False,False,False,False,False,False,False,True,True,True,2026-09-08
jobicy:146041,jobicy,Europa,Affiliate Business Development Manager - MENA,Otro,False,False,fuera_de_alcance,OKX,EMEA,Semi Senior,Midweight,,,,https://jobicy.com/jobs/146041-affiliate-business-development-manager-mena,,,anual,,2026-08-15T04:35:04+00:00,mixto,description,,0,1,1,0,0,False,False,False,False,False,False,False,False,False,False,False,False,False,False,False,False,False,False,False,False,False,False,False,False,False,False,False,False,2026-09-08
themuse:22087434,themuse,Europa,Operations Consultant - Leasing,Otro,False,False,fuera_de_alcance,Bank of America,"Orpington, United Kingdom",Semi Senior,Mid Level,,,,https://www.themuse.com/jobs/bankofamerica/operations-consultant-leasing,,,,,2026-08-25T23:02:37Z,analitica,description,,0,0,2,0,0,False,False,True,False,False,False,False,False,False,False,False,False,False,False,False,False,False,False,False,False,False,False,False,False,False,True,True,True,2026-09-08
themuse:20772337,themuse,Europa,Head of Industry - Retail & CPG ,Otro,False,False,fuera_de_alcance,Celonis,"Munich, Germany",Senior,Senior Level,,,,https://www.themuse.com/jobs/celonis/head-of-industry-retail-cpg-693c37,,,,,2026-08-24T19:41:10Z,señal_debil,description,,0,0,1,0,0,False,False,False,False,False,False,False,False,False,False,False,False,False,False,False,False,False,False,False,False,False,False,False,False,False,True,True,True,2026-09-08
themuse:22082995,themuse,EE. UU. / Canadá,CashPro Go-To-Market Strategy Product Associate,Otro,False,False,fuera_de_alcance,Bank of America,"Charlotte, NC; Chicago, IL; New York, NY",Semi Senior,Mid Level,,,,https://www.themuse.com/jobs/bankofamerica/cashpro-gotomarket-strategy-product-associate,,,,,2026-09-02T02:56:05Z,analitica,description,3.0,0,0,7,0,0,True,False,False,True,True,False,False,False,False,False,False,False,False,False,False,False,False,False,False,False,False,False,False,False,False,True,True,True,2026-09-08
themuse:22123694,themuse,EE. UU. / Canadá,Senior Technology Manager - AI & Intelligent Automation Platforms,Otro,False,False,fuera_de_alcance,Bank of America,"Addison, TX; Charlotte, NC",Senior,Senior Level,,,,https://www.themuse.com/jobs/bankofamerica/senior-technology-manager-ai-intelligent-automation-platforms,,,,,2026-09-03T19:35:09Z,mixto,description,5.0,0,1,1,1,1,False,False,False,False,False,False,False,False,False,False,False,False,False,False,False,False,False,False,False,False,False,False,False,True,False,True,True,True,2026-09-08
themuse:22087417,themuse,EE. UU. / Canadá,GWIM Senior Operations Representative,Otro,False,False,fuera_de_alcance,Bank of America,"Birmingham, AL",Senior,Senior Level,,,,https://www.themuse.com/jobs/bankofamerica/gwim-senior-operations-representative-dbbb24,,,,,2026-08-21T22:20:43Z,analitica,description,1.0,0,0,2,0,0,False,False,False,False,False,False,False,False,False,False,False,False,False,False,False,False,False,False,False,False,False,False,False,False,False,True,True,True,2026-09-08
themuse:22110461,themuse,EE. UU. / Canadá,Fraud Servicing Credit Card Bilingual (Spanish) - 2nd Shift,Otro,False,False,fuera_de_alcance,Bank of America,"Fort Worth, TX",Semi Senior,Mid Level,,,,https://www.themuse.com/jobs/bankofamerica/fraud-servicing-credit-card-bilingual-spanish-2nd-shift-c10a5b,,,,,2026-08-30T00:07:16Z,señal_debil,description,1.0,0,0,1,0,0,False,False,False,False,False,False,False,False,False,False,False,False,False,False,False,False,False,False,False,False,False,False,False,False,False,True,True,True,2026-09-08
themuse:22080348,themuse,EE. UU. / Canadá,"Sr. Sourcing Specialist, Solar (Starlink)   ",Otro,False,False,fuera_de_alcance,SpaceX,"Lockhart, TX",Senior,Senior Level,,,,https://www.themuse.com/jobs/spacex/sr-sourcing-specialist-solar-starlink,,,,,2026-09-03T18:35:10Z,señal_debil,description,3.0,0,1,0,0,0,False,False,False,False,False,False,False,False,False,False,False,False,False,False,False,False,False,False,False,False,False,False,False,False,False,True,True,False,2026-09-08
themuse:21324581,themuse,EE. UU. / Canadá,"Associate Actuary / Sr. Actuarial Analyst, Specialty & International Pricing",Otro,False,False,fuera_de_alcance,Uber,"New York, NY; San Francisco, CA",Senior,Senior Level,,,,https://www.themuse.com/jobs/uber/associate-actuary-sr-actuarial-analyst-specialty-international-pricing,,,,,2026-07-09T00:28:30Z,señal_debil,description,3.0,0,1,0,0,0,True,True,True,False,False,False,True,False,False,False,False,False,False,False,False,False,False,False,False,False,False,True,False,False,False,True,True,True,2026-09-08
themuse:22078895,themuse,EE. UU. / Canadá,Strategy & Initiative Manager,Otro,False,False,fuera_de_alcance,Bank of America,"Charlotte, NC",Senior,Senior Level,,,,https://www.themuse.com/jobs/bankofamerica/strategy-initiative-manager,,,,,2026-08-19T21:22:48Z,analitica,description,10.0,0,0,4,0,0,True,False,True,False,True,False,False,False,False,False,False,False,False,False,False,False,False,False,False,False,False,False,False,False,False,True,True,True,2026-09-08
themuse:21905837,themuse,Europa,Intern AI & Management Consulting (Value Engineering),Otro,False,False,fuera_de_alcance,Celonis,"Paris, France",Sin experiencia,Internship,,,,https://www.themuse.com/jobs/celonis/intern-ai-management-consulting-value-engineering-44b0e4,,,,,2026-09-04T18:37:48Z,mixto,description,,0,0,2,1,0,True,False,False,False,False,False,False,False,False,False,False,False,False,False,False,False,False,False,False,False,False,False,False,False,False,True,True,True,2026-09-08
themuse:22081293,themuse,EE. UU. / Canadá,Industrial Relations Workforce Development Admin,Otro,False,False,fuera_de_alcance,Bechtel,"Fort Stockton, TX",Senior,Senior Level,,,,https://www.themuse.com/jobs/bechtel/industrial-relations-workforce-development-admin,,,,,2026-09-05T22:48:52Z,mixto,description,4.0,0,0,1,0,1,False,False,True,False,False,False,False,False,False,False,False,False,False,False,False,False,False,False,False,False,False,False,False,False,False,True,False,False,2026-09-08
themuse:22103165,themuse,EE. UU. / Canadá,Bus Continuity Consultant,Otro,False,False,fuera_de_alcance,Bank of America,"Chandler, AZ; Charlotte, NC; Fort Worth, TX; Jacksonville, FL; Plano, TX; Tampa, FL",Semi Senior,Mid Level,,,,https://www.themuse.com/jobs/bankofamerica/bus-continuity-consultant-16c5ba,,,,,2026-09-04T19:52:31Z,mixto,description,,0,0,1,0,1,False,False,True,False,False,False,False,False,False,False,False,False,False,False,False,False,False,False,False,False,False,False,False,False,False,True,True,True,2026-09-08
themuse:22123595,themuse,EE. UU. / Canadá,GFC Threat Identification & Liaison Executive,Otro,False,False,fuera_de_alcance,Bank of America,"Atlanta, GA; Charlotte, NC; Jersey City, NJ; McLean, VA; New York, NY",Senior,Senior Level,,,,https://www.themuse.com/jobs/bankofamerica/gfc-threat-identification-liaison-executive,,,,,2026-09-03T19:34:42Z,analitica,description,10.0,0,0,4,0,1,False,False,True,False,False,False,False,False,False,False,False,False,False,False,False,False,False,False,False,False,False,False,False,False,False,True,True,True,2026-09-08
themuse:21894984,themuse,EE. UU. / Canadá,M&T DSCS Specialist,Otro,False,False,fuera_de_alcance,Bechtel,"Chandler, AZ",Senior,Senior Level,,,,https://www.themuse.com/jobs/bechtel/mt-dscs-specialist,,,,,2026-09-03T22:02:09Z,mixto,description,2.0,0,0,2,2,1,False,False,False,False,False,False,False,False,False,False,False,False,False,False,False,False,False,False,False,False,False,False,False,False,False,True,False,False,2026-09-08
themuse:21955987,themuse,EE. UU. / Canadá,Solution/Enterprise Architect (Martech Consolidation),Otro,False,False,fuera_de_alcance,Exadel,"Gunnison, CO",Senior,Senior Level,,,,https://www.themuse.com/jobs/exadel/solutionenterprise-architect-martech-consolidation-752d24,,,,,2026-07-17T18:38:31Z,sin_señal,description,,0,0,0,0,0,False,False,False,False,False,False,False,False,False,False,False,False,False,False,False,False,False,False,False,False,False,False,False,False,False,True,True,True,2026-09-08
themuse:22076859,themuse,EE. UU. / Canadá,"Senior Program Manager, Delivery Quality",Otro,False,False,fuera_de_alcance,Uber,"Chicago, IL",Senior,Senior Level,,,,https://www.themuse.com/jobs/uber/senior-program-manager-delivery-quality,,,,,2026-08-19T04:27:17Z,analitica,description,4.0,0,1,3,1,1,False,False,False,False,False,False,False,False,False,False,False,False,False,False,False,False,False,False,False,False,False,False,False,False,False,True,True,True,2026-09-08
themuse:22048072,themuse,Otra / sin dato,"Director, Digital Transformation / Scrum Master",Otro,False,False,fuera_de_alcance,The Coca-Cola Company,"Tokyo, Japan",Senior,Senior Level,,,,https://www.themuse.com/jobs/thecocacolacompany/director-digital-transformation-scrum-master,,,,,2026-08-10T18:33:26Z,analitica,description,15.0,0,1,6,0,0,False,False,False,True,False,False,False,False,False,False,False,False,False,False,False,False,False,False,False,False,False,False,False,False,False,True,True,True,2026-09-08
themuse:22078882,themuse,EE. UU. / Canadá,Microsoft M365 Senior Technology Manager,Otro,False,False,fuera_de_alcance,Bank of America,"Charlotte, NC; Chicago, IL; Pennington, NJ; Plano, TX",Senior,Senior Level,,,,https://www.themuse.com/jobs/bankofamerica/microsoft-m365-senior-technology-manager,,,,,2026-08-19T21:22:46Z,analitica,description,10.0,0,0,3,0,1,False,False,False,False,False,False,False,False,False,False,False,False,False,False,False,False,False,False,False,False,False,False,False,False,False,True,True,True,2026-09-08
themuse:22118884,themuse,Otra / sin dato,Technology Delivery Lead,Otro,False,False,fuera_de_alcance,The Coca-Cola Company,Singapore,Senior,Senior Level,,,,https://www.themuse.com/jobs/thecocacolacompany/technology-delivery-lead-b3bdb3,,,,,2026-09-02T20:12:19Z,mixto,description,8.0,0,1,2,1,2,False,False,False,False,False,False,False,False,False,False,False,False,False,False,False,False,False,False,False,False,False,False,False,False,False,True,True,True,2026-09-08
themuse:21901063,themuse,EE. UU. / Canadá,"Sourcing Specialist, Test Hardware and Equipment",Otro,False,False,fuera_de_alcance,SpaceX,"Waco, TX",Semi Senior,Mid Level,,,,https://www.themuse.com/jobs/spacex/sourcing-specialist-test-hardware-and-equipment,,,,,2026-07-20T23:49:23Z,mixto,description,4.0,0,1,1,0,0,True,False,False,True,False,False,False,False,False,False,False,False,False,False,False,False,False,False,False,False,False,False,False,False,False,True,True,False,2026-09-08
themuse:22035434,themuse,EE. UU. / Canadá,Operations Engineer (Construction),Otro,False,False,fuera_de_alcance,SpaceX,"El Segundo, CA",Semi Senior,Mid Level,,,,https://www.themuse.com/jobs/spacex/operations-engineer-construction,,,,,2026-08-06T18:42:32Z,analitica,description,2.0,0,0,8,1,0,True,True,True,True,False,False,False,False,False,False,False,False,False,False,False,False,False,False,False,False,False,True,False,False,False,True,True,False,2026-09-08
themuse:21916588,themuse,EE. UU. / Canadá,Global Operations Military Development Program,Otro,False,False,fuera_de_alcance,Bank of America,"Addison, TX; Charlotte, NC; Fort Worth, TX; Jacksonville, FL; Plano, TX",Semi Senior,Mid Level,,,,https://www.themuse.com/jobs/bankofamerica/global-operations-military-development-program-4cc2c0,,,,,2026-07-14T19:22:35Z,señal_debil,description,,0,0,1,0,0,False,False,False,False,False,False,False,False,False,False,False,False,False,False,False,False,False,False,False,False,False,False,False,False,False,True,True,True,2026-09-08
themuse:21922538,themuse,EE. UU. / Canadá,Associate Value Engineer (AI-Driven Data Science & Analytics) - Orbit Program,Otro,False,False,fuera_de_alcance,Celonis,"Raleigh, NC",Semi Senior,Mid Level,,,,https://www.themuse.com/jobs/celonis/associate-value-engineer-aidriven-data-science-analytics-orbit-program-c2c653,,,,,2026-08-24T19:40:39Z,mixto,description,1.0,0,3,2,0,0,True,True,False,True,True,False,False,False,False,False,False,False,False,False,False,False,False,False,False,False,False,False,False,True,False,True,False,True,2026-09-08
themuse:21754360,themuse,EE. UU. / Canadá,"Sr. AI Engineer, Special Programs - Top Secret Clearance",ML / AI Engineer,True,True,titulo,SpaceX,"Palo Alto, CA; Washington, DC",Senior,Senior Level,,,,https://www.themuse.com/jobs/spacex/sr-ai-engineer-special-programs-top-secret-clearance,,,,,2026-09-02T19:46:29Z,ciencia_datos,description,5.0,0,3,1,1,1,False,True,False,False,False,False,False,False,False,False,False,False,False,False,False,False,False,False,False,False,False,False,False,False,False,True,True,False,2026-09-08
themuse:22005522,themuse,Europa,Associate Applied (AI) Value Engineer (DACH) - Orbit Program,Otro,False,False,fuera_de_alcance,Celonis,"Madrid, Spain",Semi Senior,Mid Level,,,,https://www.themuse.com/jobs/celonis/associate-applied-ai-value-engineer-dach-orbit-program-443c03,,,,,2026-08-27T19:39:28Z,mixto,description,1.0,0,1,0,2,0,True,True,False,False,False,False,False,True,True,False,True,True,False,False,False,False,False,False,False,False,False,False,False,True,False,True,False,True,2026-09-08
themuse:21980850,themuse,EE. UU. / Canadá,Field Superintendent - Civil (CCGT),Otro,False,False,fuera_de_alcance,Bechtel,"Cheyenne, WY; Houston, TX",Senior,Senior Level,,,,https://www.themuse.com/jobs/bechtel/field-superintendent-civil-ccgt,,,,,2026-07-28T20:42:42Z,mixto,description,5.0,0,1,1,0,1,False,False,False,False,False,False,False,False,False,False,False,False,False,False,False,False,False,False,False,False,False,False,False,False,False,True,False,True,2026-09-08
themuse:22129951,themuse,EE. UU. / Canadá,"Manager, Strategy & Planning",Otro,False,False,fuera_de_alcance,Uber,"Chicago, IL",Senior,Senior Level,,,,https://www.themuse.com/jobs/uber/manager-strategy-planning-ecf39a,,,,,2026-09-03T21:53:44Z,analitica,description,,0,1,3,1,0,True,False,False,False,True,False,False,False,False,False,False,False,False,False,False,False,False,False,False,False,False,True,False,False,False,False,False,True,2026-09-08
themuse:18639030,themuse,EE. UU. / Canadá,Development Representative - Account Sales,Otro,False,False,fuera_de_alcance,UniFirst,"Rocky Mount, NC",Semi Senior,Mid Level,,,,https://www.themuse.com/jobs/unifirst/development-representative-account-sales-4ccb71,,,,,2025-05-13T03:47:01Z,sin_señal,description,,0,0,0,0,0,False,False,True,False,False,False,False,False,False,False,False,False,False,False,False,False,False,False,False,False,False,False,False,False,False,False,False,False,2026-09-08
themuse:22006295,themuse,EE. UU. / Canadá,Sr. Platform Integrity Analyst (Starlink),Otro,False,False,fuera_de_alcance,SpaceX,"El Segundo, CA; Lockhart, TX; Redmond, WA",Senior,Senior Level,,,,https://www.themuse.com/jobs/spacex/sr-platform-integrity-analyst-starlink-068a5f,,,,,2026-07-29T18:46:22Z,señal_debil,description,4.0,0,0,0,0,1,True,True,False,False,False,False,True,False,False,False,False,False,False,False,False,False,False,False,False,False,False,False,False,False,False,True,True,True,2026-09-08
themuse:22076036,themuse,EE. UU. / Canadá,"Sr. Sourcing Specialist, PCB/PCBA (Starshield)",Otro,False,False,fuera_de_alcance,SpaceX,"El Segundo, CA",Senior,Senior Level,,,,https://www.themuse.com/jobs/spacex/sr-sourcing-specialist-pcbpcba-starshield,,,,,2026-08-28T19:41:59Z,ciencia_datos,description,2.0,0,2,0,0,0,True,False,False,False,False,False,False,False,False,False,False,False,False,False,False,False,False,False,False,False,False,False,False,False,False,True,True,False,2026-09-08
themuse:22006349,themuse,Otra / sin dato,Senior Applied Value Engineer |  DACH | Logistics,Otro,False,False,fuera_de_alcance,Celonis,"Bangalore, India",Senior,Senior Level,,,,https://www.themuse.com/jobs/celonis/senior-applied-value-engineer-dach-logistics,,,,,2026-08-24T19:41:35Z,señal_debil,description,7.0,0,0,1,0,0,True,True,False,False,False,False,False,False,False,False,False,False,False,False,False,False,False,False,False,False,False,False,False,False,False,True,True,True,2026-09-08
themuse:21990639,themuse,EE. UU. / Canadá,"Manager, Supply Chain - Datacenter Compute Infrastructure (Starlink)   ",Otro,False,False,fuera_de_alcance,SpaceX,"Palo Alto, CA",Senior,Senior Level,,,,https://www.themuse.com/jobs/spacex/manager-supply-chain-datacenter-compute-infrastructure-starlink,,,,,2026-08-27T19:24:18Z,mixto,description,3.0,0,0,1,1,0,False,False,False,False,False,False,False,False,False,False,False,False,False,False,False,False,False,False,False,False,False,False,False,False,False,False,True,True,2026-09-08
themuse:21894616,themuse,EE. UU. / Canadá,Field Safety Manager,Otro,False,False,fuera_de_alcance,Bechtel,"Baldwinsville, NY",Senior,Senior Level,,,,https://www.themuse.com/jobs/bechtel/field-safety-manager-a71968,,,,,2026-09-04T20:54:47Z,mixto,description,,0,0,2,0,1,False,False,False,False,False,False,False,False,False,False,False,False,False,False,False,False,False,False,False,False,False,False,False,False,False,True,True,True,2026-09-08
themuse:22035426,themuse,EE. UU. / Canadá,"Build Specialist, Barrel Production (Starship) ",Otro,False,False,fuera_de_alcance,SpaceX,"Brownsville, TX",Semi Senior,Mid Level,,,,https://www.themuse.com/jobs/spacex/build-specialist-barrel-production-starship,,,,,2026-08-06T18:42:31Z,mixto,description,2.0,0,1,1,1,1,True,False,True,False,False,False,False,False,False,False,False,False,False,False,False,False,False,False,False,False,False,False,False,False,False,True,False,False,2026-09-08
themuse:19309467,themuse,EE. UU. / Canadá,Senior Analyst - Operations,Otro,False,False,fuera_de_alcance,"Uline, Inc.","Silver Lake, WI",Senior,Senior Level,,,,https://www.themuse.com/jobs/ulineinc/senior-analyst-operations-ac7e6c,,,,,2025-07-21T03:52:54Z,señal_debil,description,5.0,0,0,1,0,0,True,False,True,False,False,False,False,False,False,False,False,False,False,False,False,False,False,False,False,False,False,False,False,False,False,True,True,True,2026-09-08
themuse:22048053,themuse,Otra / sin dato,"Senior Manager, Integration - Japan",Otro,False,False,fuera_de_alcance,The Coca-Cola Company,"Tokyo, Japan",Senior,Senior Level,,,,https://www.themuse.com/jobs/thecocacolacompany/senior-manager-integration-japan,,,,,2026-08-10T18:33:26Z,analitica,description,3.0,0,1,4,2,2,True,False,False,False,False,False,False,False,False,False,False,False,False,False,False,False,False,False,False,False,False,False,False,False,False,True,True,True,2026-09-08
themuse:22085522,themuse,EE. UU. / Canadá,"Associate Actuary/ Sr. Actuarial Analyst, Reserving",Otro,False,False,fuera_de_alcance,Uber,"New York, NY; San Francisco, CA; Seattle, WA",Senior,Senior Level,,,,https://www.themuse.com/jobs/uber/associate-actuary-sr-actuarial-analyst-reserving-af8522,,,,,2026-09-07T22:12:40Z,mixto,description,3.0,0,1,2,0,0,True,True,True,False,False,False,True,False,False,False,False,False,False,False,False,False,False,False,False,False,False,True,False,False,False,True,True,True,2026-09-08
themuse:21895213,themuse,EE. UU. / Canadá,Field Tech Coordinator,Otro,False,False,fuera_de_alcance,Bechtel,"Cheyenne, WY; Reston, VA",Senior,Senior Level,,,,https://www.themuse.com/jobs/bechtel/field-tech-coordinator-5ede4f,,,,,2026-07-06T20:05:11Z,analitica,description,4.0,0,0,6,2,2,True,False,False,True,False,False,False,False,False,False,False,False,False,False,False,False,False,False,False,False,False,False,False,False,False,True,True,True,2026-09-08
themuse:22118664,themuse,EE. UU. / Canadá,"Sourcing Manager, Server Mechanicals, Cooling (Starlink)",Otro,False,False,fuera_de_alcance,SpaceX,"Austin, TX",Senior,Senior Level,,,,https://www.themuse.com/jobs/spacex/sourcing-manager-server-mechanicals-cooling-starlink,,,,,2026-09-02T19:46:24Z,señal_debil,description,4.0,0,0,1,0,0,False,False,False,False,False,False,False,False,False,False,False,False,False,False,False,False,False,False,False,False,False,False,False,False,False,False,True,True,2026-09-08
themuse:22071923,themuse,EE. UU. / Canadá,Lead Manufacturing Engineer (Starlink PCBA),Otro,False,False,fuera_de_alcance,SpaceX,"Lockhart, TX",Senior,Senior Level,,,,https://www.themuse.com/jobs/spacex/lead-manufacturing-engineer-starlink-pcba-b6cf70,,,,,2026-08-17T23:50:54Z,señal_debil,description,3.0,0,0,1,0,0,False,False,False,False,False,False,False,False,False,False,False,False,False,False,False,False,False,False,False,False,False,False,False,False,False,False,True,False,2026-09-08
themuse:16294482,themuse,EE. UU. / Canadá,GCIB / GM KYC Change VP,Otro,False,False,fuera_de_alcance,Bank of America,"Charlotte, NC; Fort Worth, TX",Senior,Senior Level,,,,https://www.themuse.com/jobs/bankofamerica/gcib-gm-kyc-change-vp,,,,,2024-11-01T00:03:15Z,analitica,description,7.0,0,0,4,0,1,True,False,True,False,True,False,False,False,False,False,False,False,False,False,False,False,False,False,False,False,False,False,False,False,False,True,False,True,2026-09-08
themuse:21304328,themuse,EE. UU. / Canadá,Staff Machine Learning Engineer - Applied AI,ML / AI Engineer,True,True,titulo,Uber,"San Francisco, CA; Seattle, WA; Sunnyvale, CA",Senior,Senior Level,,,,https://www.themuse.com/jobs/uber/staff-machine-learning-engineer-applied-ai-baef44,,,,,2026-07-09T00:28:33Z,ciencia_datos,description,8.0,0,3,0,0,0,False,False,False,False,False,False,False,False,False,False,True,False,False,False,False,False,False,False,False,False,False,False,True,True,False,False,False,True,2026-09-08
themuse:22083006,themuse,Otra / sin dato,Senior Operations Manager,Otro,False,False,fuera_de_alcance,Bank of America,"Gurgaon, India",Senior,Senior Level,,,,https://www.themuse.com/jobs/bankofamerica/senior-operations-manager-789d8a,,,,,2026-08-20T22:17:35Z,mixto,description,12.0,0,0,2,0,1,False,False,True,False,True,False,False,False,False,False,False,False,False,False,False,False,False,False,False,False,False,False,False,True,False,True,True,True,2026-09-08
themuse:22076021,themuse,EE. UU. / Canadá,"Automation and Controls Engineer, AI Satellites (Starmind)",Otro,False,False,fuera_de_alcance,SpaceX,"Lockhart, TX",Semi Senior,Mid Level,,,,https://www.themuse.com/jobs/spacex/automation-and-controls-engineer-ai-satellites-starmind,,,,,2026-08-18T23:57:25Z,señal_debil,description,1.0,0,0,0,0,1,False,False,False,False,False,False,False,False,False,False,False,False,False,False,False,False,False,False,False,False,False,False,False,False,False,True,False,False,2026-09-08
themuse:21720918,themuse,EE. UU. / Canadá,"Mechanical Engineer, Insource Manufacturing (Starlink)",Otro,False,False,fuera_de_alcance,SpaceX,"Lockhart, TX",Semi Senior,Mid Level,,,,https://www.themuse.com/jobs/spacex/mechanical-engineer-insource-manufacturing-starlink-2b9d61,,,,,2026-06-26T18:34:25Z,mixto,description,1.0,0,1,1,0,0,False,False,False,False,False,False,False,False,False,False,False,False,False,False,False,False,False,False,False,False,False,False,False,False,False,True,True,True,2026-09-08
themuse:22034569,themuse,EE. UU. / Canadá,"Field Technician, Cardinal",Otro,False,False,fuera_de_alcance,Bechtel,"Reynoldsburg, OH",Senior,Senior Level,,,,https://www.themuse.com/jobs/bechtel/field-technician-cardinal-b8286e,,,,,2026-08-21T06:29:29Z,mixto,description,2.0,0,0,2,2,1,False,False,False,False,False,False,False,False,False,False,False,False,False,False,False,False,False,False,False,False,False,False,False,False,False,True,False,False,2026-09-08
themuse:22115372,themuse,Europa,Lead AI Consultant (Field),Otro,False,False,fuera_de_alcance,Celonis,"Madrid, Spain",Senior,Senior Level,,,,https://www.themuse.com/jobs/celonis/lead-ai-consultant-field,,,,,2026-09-01T19:58:09Z,mixto,description,7.0,0,2,3,2,0,True,True,False,False,False,False,False,False,False,False,False,False,False,False,False,False,False,False,False,False,False,False,False,False,False,True,True,True,2026-09-08
themuse:21931979,themuse,EE. UU. / Canadá,3PL Customer Success Manager ,Otro,False,False,fuera_de_alcance,Flexport,"Bethlehem, PA; Dallas, TX; Redlands, CA",Semi Senior,Mid Level,,,,https://www.themuse.com/jobs/flexport/3pl-customer-success-manager,,,,,2026-08-28T19:24:38Z,analitica,description,2.0,0,1,3,1,1,False,False,True,False,False,False,False,False,False,False,False,False,False,False,False,False,False,False,False,False,False,False,False,False,False,True,True,False,2026-09-08
themuse:18297531,themuse,EE. UU. / Canadá,Primary Care Physician - Family or Internal Medicine - Optum WA Clinic,Otro,False,False,fuera_de_alcance,Optum,"Tulalip Bay, WA",Junior,Entry Level,,,,https://www.themuse.com/jobs/optum/primary-care-physician-family-or-internal-medicine-optum-wa-clinic-504f78,,,,,2025-03-28T09:49:13Z,señal_debil,description,,0,0,1,0,0,False,False,False,False,False,False,False,False,False,False,False,False,False,False,False,False,False,False,False,False,False,False,False,False,False,False,False,True,2026-09-08
themuse:22129899,themuse,EE. UU. / Canadá,"Data Analyst II, Tech",Data Analyst / BI,True,True,titulo,Uber,"Dallas, TX",Senior,Senior Level,,,,https://www.themuse.com/jobs/uber/data-analyst-ii-tech-7ec10f,,,,,2026-09-03T21:53:39Z,analitica,description,6.0,0,1,5,0,0,True,True,False,False,True,False,False,False,False,False,False,False,False,False,False,False,False,False,False,False,False,True,False,False,False,True,True,True,2026-09-08
themuse:21509253,themuse,EE. UU. / Canadá,Sourcing Specialist (Starship),Otro,False,False,fuera_de_alcance,SpaceX,"El Segundo, CA",Semi Senior,Mid Level,,,,https://www.themuse.com/jobs/spacex/sourcing-specialist-starship-98296f,,,,,2026-06-26T18:34:34Z,mixto,description,4.0,0,1,2,0,0,True,False,True,True,False,False,False,False,False,False,False,False,False,False,False,False,False,False,False,False,False,False,False,False,False,True,True,True,2026-09-08
themuse:22049495,themuse,EE. UU. / Canadá,"Program Leader, Global U4B Customer Success",Otro,False,False,fuera_de_alcance,Uber,"Chicago, IL; New York, NY; San Francisco, CA",Senior,Senior Level,,,,https://www.themuse.com/jobs/uber/program-leader-global-u4b-customer-success,,,,,2026-08-19T04:27:17Z,mixto,description,5.0,0,2,2,0,0,False,False,False,False,False,False,False,False,False,False,False,False,False,False,False,False,False,False,False,False,False,False,False,False,False,True,False,True,2026-09-08
themuse:21976333,themuse,EE. UU. / Canadá,Cloud Foundation Services Lead Solution Strategist,Otro,False,False,fuera_de_alcance,Bank of America,"Chandler, AZ; Jersey City, NJ; Plano, TX",Senior,Senior Level,,,,https://www.themuse.com/jobs/bankofamerica/cloud-foundation-services-lead-solution-strategist,,,,,2026-07-20T19:23:02Z,mixto,description,10.0,0,0,1,2,1,False,False,False,False,False,False,False,False,False,False,False,False,True,True,True,False,False,False,True,False,False,False,False,False,False,True,True,True,2026-09-08
themuse:21928388,themuse,EE. UU. / Canadá,"Propulsion Engineer, Avionics Manufacturing (Raptor)",Otro,False,False,fuera_de_alcance,SpaceX,"El Segundo, CA",Semi Senior,Mid Level,,,,https://www.themuse.com/jobs/spacex/propulsion-engineer-avionics-manufacturing-raptor,,,,,2026-07-08T18:43:40Z,sin_señal,description,1.0,0,0,0,0,0,False,True,False,False,False,False,False,False,False,False,False,False,False,False,False,False,False,False,False,False,False,False,False,False,False,True,False,True,2026-09-08
themuse:22087433,themuse,Europa,Global Financial Crimes Investigator,Otro,False,False,fuera_de_alcance,Bank of America,"Chester, United Kingdom",Semi Senior,Mid Level,,,,https://www.themuse.com/jobs/bankofamerica/global-financial-crimes-investigator-078498,,,,,2026-08-21T22:20:43Z,analitica,description,,0,0,3,0,1,False,False,True,False,False,False,False,False,False,False,False,False,False,False,False,False,False,False,False,False,False,False,False,False,False,True,True,False,2026-09-08
themuse:18454210,themuse,EE. UU. / Canadá,Systems Architecture Analyst,Otro,False,False,fuera_de_alcance,Maximus,"Fairfax, VA",Senior,Senior Level,,,,https://www.themuse.com/jobs/maximus/systems-architecture-analyst-17ae86,,,,,2025-04-17T06:48:49Z,mixto,description,2.0,0,0,1,0,1,False,False,True,False,False,False,False,False,False,False,False,False,False,False,False,False,False,False,False,False,False,False,False,False,False,False,True,True,2026-09-08
themuse:22028055,themuse,EE. UU. / Canadá,Fraud Analytics and Innovation Senior Analyst - Digital Fraud Strategies,Otro,False,False,fuera_de_alcance,Bank of America,"Boston, MA; Charlotte, NC; Chicago, IL; Fort Worth, TX; Jacksonville, FL; Kennesaw, GA; Newark, DE; Phoenix, AZ; Plano, TX; Tampa, FL",Senior,Senior Level,,,,https://www.themuse.com/jobs/bankofamerica/fraud-analytics-and-innovation-senior-analyst-digital-fraud-strategies,,,,,2026-08-11T19:11:36Z,analitica,description,2.0,0,2,6,0,1,True,True,True,False,True,False,False,False,False,False,False,False,False,False,False,False,False,False,False,False,False,True,False,False,False,True,True,True,2026-09-08
themuse:22140711,themuse,EE. UU. / Canadá,Information Governance Advisor Senior,Otro,False,False,fuera_de_alcance,USAA,"Phoenix, AZ",Senior,Senior Level,,,,https://www.themuse.com/jobs/usaa/information-governance-advisor-senior-fe44bd,,,,,2026-09-07T04:33:06Z,mixto,description,2.0,0,0,2,0,3,False,False,False,False,False,False,False,False,False,False,False,False,False,False,False,False,False,False,False,False,False,False,False,False,False,True,True,True,2026-09-08
themuse:21859054,themuse,EE. UU. / Canadá,Senior Architect - Enterprise AI HLD Architect,Otro,False,False,fuera_de_alcance,Bank of America,"Charlotte, NC",Senior,Senior Level,,,,https://www.themuse.com/jobs/bankofamerica/senior-architect-enterprise-ai-hld-architect,,,,,2026-06-17T19:20:52Z,ingenieria,description,10.0,0,0,0,2,0,False,False,False,False,False,False,False,False,False,False,False,False,False,False,False,False,False,False,False,False,False,False,False,False,False,False,True,True,2026-09-08
themuse:21934307,themuse,Otra / sin dato,"Associate / VP - Equity Derivatives Strategist, Global Research, Hong Kong",Otro,False,False,fuera_de_alcance,Bank of America,Hong Kong,Semi Senior,Mid Level,,,,https://www.themuse.com/jobs/bankofamerica/associate-vp-equity-derivatives-strategist-global-research-hong-kong,,,,,2026-07-09T19:29:06Z,señal_debil,description,,0,1,0,0,0,True,True,True,False,False,False,True,False,False,False,False,False,False,False,False,False,False,False,False,False,False,True,False,False,False,False,True,True,2026-09-08
themuse:22118663,themuse,EE. UU. / Canadá,"Sourcing Manager, Board Mechanicals, Connectors (Starlink)",Otro,False,False,fuera_de_alcance,SpaceX,"Austin, TX",Senior,Senior Level,,,,https://www.themuse.com/jobs/spacex/sourcing-manager-board-mechanicals-connectors-starlink,,,,,2026-09-02T19:46:22Z,señal_debil,description,4.0,0,0,1,0,0,False,False,False,False,False,False,False,False,False,False,False,False,False,False,False,False,False,False,False,False,False,False,False,False,False,False,True,True,2026-09-08
themuse:21754349,themuse,EE. UU. / Canadá,"Sr. AI Engineer, Platform Infrastructure, Special Programs",ML / AI Engineer,True,True,titulo,SpaceX,"Palo Alto, CA; Washington, DC",Senior,Senior Level,,,,https://www.themuse.com/jobs/spacex/sr-ai-engineer-platform-infrastructure-special-programs,,,,,2026-09-02T19:46:28Z,mixto,description,5.0,0,1,0,1,0,False,True,False,False,False,False,False,False,False,False,False,False,False,False,False,False,False,False,True,True,False,False,False,False,False,False,False,False,2026-09-08
themuse:21881041,themuse,EE. UU. / Canadá,Senior Copywriter,Otro,False,False,fuera_de_alcance,GlossGenius,"New York, NY",Senior,Senior Level,,,,https://www.themuse.com/jobs/glossgenius/senior-copywriter,,,,,2026-07-20T18:44:44Z,mixto,description,5.0,0,1,1,1,0,False,False,False,False,False,False,False,False,False,False,False,False,False,False,False,False,False,False,False,False,False,False,False,False,False,False,True,False,2026-09-08
themuse:18067235,themuse,LATAM,"Sr. Global Program Manager, Families Safety",Otro,False,False,fuera_de_alcance,Uber,"São Paulo, Brazil",Senior,Senior Level,,,,https://www.themuse.com/jobs/uber/sr-global-program-manager-families-safety,,,,,2025-03-01T13:36:22Z,analitica,description,6.0,0,0,5,0,1,True,False,False,False,True,False,False,False,False,False,False,False,False,False,False,False,False,False,False,False,False,False,False,False,False,True,True,True,2026-09-08
themuse:22039271,themuse,EE. UU. / Canadá,Staff Machine Learning Engineer - Uber AI Solutions,ML / AI Engineer,True,True,titulo,Uber,"San Francisco, CA; Sunnyvale, CA",Senior,Senior Level,,,,https://www.themuse.com/jobs/uber/staff-machine-learning-engineer-uber-ai-solutions,,,,,2026-08-07T00:20:21Z,mixto,description,5.0,0,1,1,1,1,False,True,False,False,False,False,False,False,False,False,False,False,False,False,False,False,False,False,False,False,False,False,False,True,False,True,False,True,2026-09-08
themuse:21743715,themuse,EE. UU. / Canadá,AI Software Engineer (Vehicle Engineering),Otro,False,False,fuera_de_alcance,SpaceX,"El Segundo, CA",Semi Senior,Mid Level,,,,https://www.themuse.com/jobs/spacex/ai-software-engineer-vehicle-engineering-1104aa,,,,,2026-06-26T18:34:03Z,ciencia_datos,description,1.0,0,7,1,2,0,False,True,False,False,False,False,False,False,False,True,True,False,False,False,False,False,False,False,True,True,False,True,True,True,True,True,False,True,2026-09-08
themuse:22113873,themuse,Otra / sin dato,Data Scientist,Data Scientist,True,True,titulo,Celonis,"Bangalore, India",Semi Senior,Mid Level,,,,https://www.themuse.com/jobs/celonis/data-scientist,,,,,2026-08-31T19:58:11Z,mixto,description,3.0,0,5,6,0,1,True,True,False,True,True,True,False,True,False,False,False,False,False,False,False,False,False,False,False,False,False,False,False,True,False,True,True,True,2026-09-08
themuse:21884570,themuse,EE. UU. / Canadá,Lead AI Product Manager,Otro,False,False,fuera_de_alcance,Uber,"San Francisco, CA; Sunnyvale, CA",Senior,Senior Level,,,,https://www.themuse.com/jobs/uber/lead-ai-product-manager,,,,,2026-07-08T00:32:51Z,mixto,description,10.0,0,1,1,0,0,False,False,False,False,False,False,False,False,False,False,False,False,False,False,False,False,False,False,False,False,False,False,False,True,False,False,False,True,2026-09-08
themuse:21929786,themuse,Otra / sin dato,Team Leader-R,Otro,False,False,fuera_de_alcance,Bank of America,"Hyderabad, India",Senior,Senior Level,,,,https://www.themuse.com/jobs/bankofamerica/team-leaderr-fedb03,,,,,2026-08-27T23:32:48Z,mixto,description,3.0,0,0,2,1,0,False,False,True,False,False,False,False,False,False,False,False,False,False,False,False,False,False,False,False,False,False,False,False,False,False,True,True,True,2026-09-08
themuse:22048079,themuse,Otra / sin dato,"Manager, Business Analysis - Japan",Otro,False,False,fuera_de_alcance,The Coca-Cola Company,"Tokyo, Japan",Senior,Senior Level,,,,https://www.themuse.com/jobs/thecocacolacompany/manager-business-analysis-japan,,,,,2026-08-10T18:33:26Z,analitica,description,5.0,0,1,4,0,0,False,False,False,False,False,False,False,False,False,False,False,False,False,False,False,False,False,False,False,False,False,False,False,False,False,True,True,False,2026-09-08
themuse:21540199,themuse,Europa,Enterprise Architect Director,Otro,False,False,fuera_de_alcance,Celonis,"London, United Kingdom",Senior,Senior Level,,,,https://www.themuse.com/jobs/celonis/enterprise-architect-director-d2de1d,,,,,2026-08-24T19:41:03Z,ingenieria,description,20.0,0,0,0,3,0,True,True,False,False,False,False,False,False,False,False,False,False,True,True,True,False,False,False,False,False,False,False,False,False,False,True,True,True,2026-09-08
themuse:22006286,themuse,EE. UU. / Canadá,Sr. Platform Integrity Analyst (Starlink),Otro,False,False,fuera_de_alcance,SpaceX,"El Segundo, CA; Lockhart, TX; Redmond, WA",Senior,Senior Level,,,,https://www.themuse.com/jobs/spacex/sr-platform-integrity-analyst-starlink-4f3c83,,,,,2026-07-29T18:46:22Z,señal_debil,description,4.0,0,0,0,0,1,True,True,False,False,False,False,True,False,False,False,False,False,False,False,False,False,False,False,False,False,False,False,False,False,False,True,True,True,2026-09-08
themuse:19309473,themuse,EE. UU. / Canadá,Senior Analyst - Operations,Otro,False,False,fuera_de_alcance,"Uline, Inc.","Silver Lake, WI",Senior,Senior Level,,,,https://www.themuse.com/jobs/ulineinc/senior-analyst-operations-b1ec28,,,,,2025-07-21T03:52:54Z,señal_debil,description,5.0,0,0,1,0,0,True,False,True,False,False,False,False,False,False,False,False,False,False,False,False,False,False,False,False,False,False,False,False,False,False,True,True,True,2026-09-08
themuse:22048047,themuse,Otra / sin dato,Solution Architect - Japan,Otro,False,False,fuera_de_alcance,The Coca-Cola Company,"Tokyo, Japan",Senior,Senior Level,,,,https://www.themuse.com/jobs/thecocacolacompany/solution-architect-japan,,,,,2026-08-10T18:33:26Z,mixto,description,10.0,0,1,0,1,0,False,False,False,False,False,False,False,False,False,False,False,True,False,True,False,False,False,False,False,False,False,False,False,False,False,True,True,False,2026-09-08
themuse:22035439,themuse,EE. UU. / Canadá,"Sr. Legal Analyst, Product (Starlink)",Otro,False,False,fuera_de_alcance,SpaceX,"Washington, DC",Senior,Senior Level,,,,https://www.themuse.com/jobs/spacex/sr-legal-analyst-product-starlink,,,,,2026-09-02T19:46:39Z,mixto,description,5.0,0,0,0,1,1,True,False,False,False,False,False,False,False,False,False,False,False,False,False,False,False,False,False,False,False,False,False,False,False,False,True,True,False,2026-09-08
themuse:21825803,themuse,Europa,Associate (AI) Solution Consultant (Scale EMEA/German-Speaking) - Orbit Program,Otro,False,False,fuera_de_alcance,Celonis,"Madrid, Spain",Semi Senior,Mid Level,,,,https://www.themuse.com/jobs/celonis/associate-ai-solution-consultant-scale-emeagermanspeaking-orbit-program,,,,,2026-08-24T19:40:35Z,mixto,description,1.0,0,1,0,2,0,True,True,False,False,False,False,False,True,True,False,True,True,False,False,False,False,False,False,False,False,False,False,False,True,False,True,False,True,2026-09-08
themuse:22104632,themuse,Europa,"Senior Manager, Spanish Legal Entity Controller",Otro,False,False,fuera_de_alcance,The Coca-Cola Company,"Drogheda, Ireland",Senior,Senior Level,,,,https://www.themuse.com/jobs/thecocacolacompany/senior-manager-spanish-legal-entity-controller,,,,,2026-09-04T18:37:07Z,analitica,description,7.0,0,0,3,0,1,False,False,True,False,False,False,False,False,False,False,False,False,False,False,False,False,False,False,False,False,False,False,False,False,False,True,True,True,2026-09-08
themuse:22025984,themuse,EE. UU. / Canadá,Product Growth Strategy & Analytics Lead (Starlink),Data Analyst / BI,True,True,titulo,SpaceX,"El Segundo, CA; Lockhart, TX; Redmond, WA",Semi Senior,Mid Level,,,,https://www.themuse.com/jobs/spacex/product-growth-strategy-analytics-lead-starlink-6ae9ff,,,,,2026-08-03T23:39:46Z,mixto,description,1.0,0,1,2,0,0,True,True,True,False,False,False,False,False,False,False,False,False,False,False,False,False,False,False,False,False,False,False,False,False,False,True,True,False,2026-09-08
themuse:21922536,themuse,EE. UU. / Canadá,Associate Value Engineer (AI-Driven Data Science & Analytics) - Orbit Program,Otro,False,False,fuera_de_alcance,Celonis,"New York, NY",Semi Senior,Mid Level,,,,https://www.themuse.com/jobs/celonis/associate-value-engineer-aidriven-data-science-analytics-orbit-program-79610c,,,,,2026-08-25T19:37:28Z,mixto,description,1.0,0,3,2,0,0,True,True,False,True,True,False,False,False,False,False,False,False,False,False,False,False,False,False,False,False,False,False,False,True,False,True,False,True,2026-09-08
themuse:21990025,themuse,EE. UU. / Canadá,"Sr. Manager, Supply Chain - Datacenter Compute Infrastructure (Starlink)",Otro,False,False,fuera_de_alcance,SpaceX,"Palo Alto, CA",Senior,Senior Level,,,,https://www.themuse.com/jobs/spacex/sr-manager-supply-chain-datacenter-compute-infrastructure-starlink,,,,,2026-08-27T19:24:21Z,mixto,description,4.0,0,0,1,1,0,False,False,False,False,False,False,False,False,False,False,False,False,False,False,False,False,False,False,False,False,False,False,False,False,False,False,True,True,2026-09-08
themuse:22047867,themuse,EE. UU. / Canadá,"Legal Analyst, Product (Starlink)",Otro,False,False,fuera_de_alcance,SpaceX,"Washington, DC",Semi Senior,Mid Level,,,,https://www.themuse.com/jobs/spacex/legal-analyst-product-starlink,,,,,2026-09-02T19:45:49Z,mixto,description,2.0,0,0,0,1,1,True,False,False,False,False,False,False,False,False,False,False,False,False,False,False,False,False,False,False,False,False,False,False,False,False,True,True,False,2026-09-08
themuse:22048059,themuse,Otra / sin dato,"Manager, Tech Operation - Japan",Otro,False,False,fuera_de_alcance,The Coca-Cola Company,"Tokyo, Japan",Senior,Senior Level,,,,https://www.themuse.com/jobs/thecocacolacompany/manager-tech-operation-japan,,,,,2026-08-10T18:33:26Z,analitica,description,5.0,0,1,3,0,1,False,False,False,False,False,False,False,False,False,False,False,False,False,False,False,False,False,False,False,False,False,False,False,False,False,True,True,True,2026-09-08
themuse:21894757,themuse,EE. UU. / Canadá,Area Field Superintendent (CCGT),Otro,False,False,fuera_de_alcance,Bechtel,"Cheyenne, WY; Gunnison, CO",Senior,Senior Level,,,,https://www.themuse.com/jobs/bechtel/area-field-superintendent-ccgt-dfcdf9,,,,,2026-07-15T21:06:27Z,mixto,description,10.0,0,0,1,0,1,False,False,False,False,False,False,False,False,False,False,False,False,False,False,False,False,False,False,False,False,False,False,False,False,False,False,False,True,2026-09-08
themuse:21899443,themuse,EE. UU. / Canadá,"Sr. Supply Chain Planner, xAI (Starlink)",Otro,False,False,fuera_de_alcance,SpaceX,"Lockhart, TX",Senior,Senior Level,,,,https://www.themuse.com/jobs/spacex/sr-supply-chain-planner-xai-starlink,,,,,2026-09-01T19:38:06Z,analitica,description,2.0,0,0,4,0,2,True,False,True,True,False,False,False,False,False,False,False,False,False,False,False,False,False,False,False,False,False,False,False,False,False,True,True,False,2026-09-08
themuse:21644787,themuse,EE. UU. / Canadá,"Production Technician, Solar Cells (Starlink) - Day Shift",Otro,False,False,fuera_de_alcance,SpaceX,"Lockhart, TX",Semi Senior,Mid Level,,,,https://www.themuse.com/jobs/spacex/production-technician-solar-cells-starlink-day-shift,,,,,2026-06-26T18:34:29Z,mixto,description,2.0,0,0,2,0,1,False,False,False,False,False,False,False,False,False,False,False,False,True,False,False,False,False,False,False,False,False,False,False,False,False,True,False,True,2026-09-08
themuse:22026615,themuse,EE. UU. / Canadá,"Strategy & Operations Manager, CX",Otro,False,False,fuera_de_alcance,GlossGenius,"New York, NY",Senior,Senior Level,,,,https://www.themuse.com/jobs/glossgenius/strategy-operations-manager-cx,,,,,2026-08-04T18:43:32Z,mixto,description,5.0,0,3,4,1,0,True,False,False,False,False,False,False,False,False,False,False,False,False,False,False,False,False,False,False,False,False,False,False,False,False,True,True,False,2026-09-08
themuse:22094687,themuse,Europa,Principal Enterprise Architect,Otro,False,False,fuera_de_alcance,Celonis,"London, United Kingdom",Senior,Senior Level,,,,https://www.themuse.com/jobs/celonis/principal-enterprise-architect-0236b9,,,,,2026-08-25T19:37:42Z,ingenieria,description,10.0,0,0,0,3,0,True,True,False,False,False,False,False,False,False,False,False,False,True,True,True,False,False,False,False,False,False,False,False,False,False,True,True,True,2026-09-08
themuse:21840362,themuse,EE. UU. / Canadá,"Global Supply Manager, Datacenter Cooling Equipment (Starlink)",Otro,False,False,fuera_de_alcance,SpaceX,"Austin, TX",Senior,Senior Level,,,,https://www.themuse.com/jobs/spacex/global-supply-manager-datacenter-cooling-equipment-starlink,,,,,2026-06-26T18:34:17Z,mixto,description,5.0,0,1,1,0,0,False,False,False,False,False,False,False,False,False,False,False,False,False,False,False,False,False,False,False,False,False,False,False,False,False,False,True,True,2026-09-08
themuse:18222226,themuse,EE. UU. / Canadá,Meat Manager,Otro,False,False,fuera_de_alcance,Meijer,"East Lansing, MI",Senior,Senior Level,,,,https://www.themuse.com/jobs/meijer/meat-manager,,,,,2025-04-10T15:56:34Z,sin_señal,description,,0,0,0,0,0,False,False,False,False,False,False,False,False,False,False,False,False,False,False,False,False,False,False,False,False,False,False,False,False,False,False,True,False,2026-09-08
themuse:21875298,themuse,EE. UU. / Canadá,Gateway Fleet Specialist,Otro,False,False,fuera_de_alcance,SpaceX,"Redmond, WA",Semi Senior,Mid Level,,,,https://www.themuse.com/jobs/spacex/gateway-fleet-specialist,,,,,2026-07-29T23:35:47Z,analitica,description,1.0,0,0,3,0,1,True,False,False,False,False,False,False,False,False,False,False,False,False,False,False,False,False,False,False,False,False,False,False,False,False,False,True,True,2026-09-08
themuse:21965070,themuse,EE. UU. / Canadá,CSU Analyzer Specialist,Otro,False,False,fuera_de_alcance,Bechtel,"Brownsville, TX",Senior,Senior Level,,,,https://www.themuse.com/jobs/bechtel/csu-analyzer-specialist,,,,,2026-08-20T05:00:08Z,señal_debil,description,5.0,0,0,1,0,0,False,False,False,False,False,False,False,False,False,False,False,False,False,False,False,False,False,False,False,False,False,False,False,False,False,True,False,False,2026-09-08
themuse:21754359,themuse,EE. UU. / Canadá,"Sr. AI Engineer, Special Programs",ML / AI Engineer,True,True,titulo,SpaceX,"Palo Alto, CA; Washington, DC",Senior,Senior Level,,,,https://www.themuse.com/jobs/spacex/sr-ai-engineer-special-programs-bbbdb9,,,,,2026-09-02T19:46:29Z,mixto,description,2.0,0,1,0,1,0,False,True,False,False,False,False,False,False,False,False,False,False,True,True,True,False,False,False,True,False,False,False,False,True,False,True,True,True,2026-09-08
themuse:22049849,themuse,EE. UU. / Canadá,Transformation Engineer - Oracle,Otro,False,False,fuera_de_alcance,Celonis,"New York, NY",Semi Senior,Mid Level,,,,https://www.themuse.com/jobs/celonis/transformation-engineer-oracle-267f44,,,,,2026-08-26T19:42:10Z,analitica,description,,0,0,2,0,0,False,False,False,False,False,False,False,False,False,False,False,False,False,False,False,False,False,False,False,False,False,False,False,True,False,False,True,True,2026-09-08
themuse:22070596,themuse,EE. UU. / Canadá,"Manager, Data Analytics",Data Analyst / BI,True,True,titulo,McKesson,"Irving, TX",Senior,Senior Level,,,,https://www.themuse.com/jobs/mckesson/manager-data-analytics-cc6074,,,,,2026-08-17T01:33:25Z,mixto,description,7.0,0,1,4,5,0,True,True,False,True,True,True,False,False,False,False,False,True,False,False,False,True,False,False,False,False,False,False,False,False,False,True,True,False,2026-09-08
themuse:21789646,themuse,EE. UU. / Canadá,"Sr. Sourcing Specialist, Electronics (Starlink) ",Otro,False,False,fuera_de_alcance,SpaceX,"Redmond, WA",Senior,Senior Level,,,,https://www.themuse.com/jobs/spacex/sr-sourcing-specialist-electronics-starlink-ae0e6d,,,,,2026-08-12T18:46:02Z,mixto,description,3.0,0,1,1,0,0,True,False,True,True,False,False,False,False,False,False,False,False,False,False,False,False,False,False,False,False,False,False,False,False,False,True,True,False,2026-09-08
themuse:21639761,themuse,EE. UU. / Canadá,"Sr. Facilities Engineer, Solar Cell Factory (Starlink)",Otro,False,False,fuera_de_alcance,SpaceX,"Lockhart, TX",Senior,Senior Level,,,,https://www.themuse.com/jobs/spacex/sr-facilities-engineer-solar-cell-factory-starlink,,,,,2026-06-26T18:34:36Z,sin_señal,description,5.0,0,0,0,0,0,False,False,False,False,False,False,False,False,False,False,False,False,False,False,False,False,False,False,False,False,False,False,False,False,False,True,False,True,2026-09-08
themuse:21684788,themuse,EE. UU. / Canadá,"Manager II, Analytics - Financial Operations",Otro,False,False,fuera_de_alcance,Uber,"San Francisco, CA",Senior,Senior Level,,,,https://www.themuse.com/jobs/uber/manager-ii-analytics-financial-operations,,,,,2026-07-24T00:41:58Z,analitica,description,6.0,0,3,7,2,0,True,True,True,False,True,True,False,False,False,False,False,False,False,False,False,False,False,False,False,False,False,False,False,False,False,True,True,True,2026-09-08
themuse:16408273,themuse,EE. UU. / Canadá,"Senior Machine Learning Engineer, Ranking and Recommendations",ML / AI Engineer,True,True,titulo,Uber,"New York, NY; San Francisco, CA; Sunnyvale, CA",Senior,Senior Level,,,,https://www.themuse.com/jobs/uber/senior-machine-learning-engineer-ranking-and-recommendations,,,,,2025-07-15T00:28:57Z,mixto,description,2.0,0,3,0,4,0,False,True,True,False,False,False,False,False,False,True,True,True,False,False,False,False,False,False,False,False,False,False,False,False,False,False,True,True,2026-09-08
themuse:22039279,themuse,Otra / sin dato,EHS Program Manager,Otro,False,False,fuera_de_alcance,Uber,"Cairo, Egypt",Senior,Senior Level,,,,https://www.themuse.com/jobs/uber/ehs-program-manager,,,,,2026-08-07T00:20:21Z,mixto,description,7.0,0,0,1,0,1,False,False,False,False,False,False,False,False,False,False,False,False,False,False,False,False,False,False,False,False,False,True,False,False,False,True,False,True,2026-09-08
themuse:22072770,themuse,EE. UU. / Canadá,"Production Coordinator, Tool and Die",Otro,False,False,fuera_de_alcance,SpaceX,"Lockhart, TX",Semi Senior,Mid Level,,,,https://www.themuse.com/jobs/spacex/production-coordinator-tool-and-die-6fa585,,,,,2026-08-18T18:59:12Z,analitica,description,2.0,0,0,5,0,1,False,False,False,False,False,False,False,False,False,False,False,False,False,False,False,False,False,False,False,False,False,False,False,False,False,True,True,False,2026-09-08
themuse:18241359,themuse,EE. UU. / Canadá,"Lead Business Analyst, EFS",Business Analyst,True,True,titulo,The Friedkin Group,"Missouri City, TX",Senior,Senior Level,,,,https://www.themuse.com/jobs/thefriedkingroup/lead-business-analyst-efs-e6d1c5,,,,,2025-09-04T11:47:54Z,analitica,description,8.0,0,0,5,1,0,True,False,False,True,False,False,False,False,False,False,False,False,False,False,False,False,False,False,False,False,False,False,False,False,False,True,True,True,2026-09-08
themuse:21946609,themuse,EE. UU. / Canadá,Client Director - Life Sciences,Otro,False,False,fuera_de_alcance,Celonis,"New York, NY",Senior,Senior Level,,,,https://www.themuse.com/jobs/celonis/client-director-life-sciences,,,,,2026-08-25T19:37:32Z,mixto,description,5.0,0,1,0,2,0,False,False,False,False,False,False,False,False,False,False,False,False,False,False,False,False,False,False,False,False,False,False,False,True,False,False,True,True,2026-09-08
themuse:21961571,themuse,EE. UU. / Canadá,"Sourcing Specialist, Mechanical Commodities (Starlink) ",Otro,False,False,fuera_de_alcance,SpaceX,"Redmond, WA",Semi Senior,Mid Level,,,,https://www.themuse.com/jobs/spacex/sourcing-specialist-mechanical-commodities-starlink-222b57,,,,,2026-08-25T19:24:10Z,mixto,description,2.0,0,1,1,0,1,True,False,True,True,False,False,False,False,False,False,False,False,False,False,False,False,False,False,False,False,False,False,False,False,False,True,True,False,2026-09-08
themuse:22047891,themuse,Otra / sin dato,"Director, Public Affairs & Social Intelligence",Otro,False,False,fuera_de_alcance,The Coca-Cola Company,"Tokyo, Japan",Senior,Senior Level,,,,https://www.themuse.com/jobs/thecocacolacompany/director-public-affairs-social-intelligence,,,,,2026-08-11T23:36:15Z,analitica,description,8.0,0,1,6,2,1,False,False,False,False,False,False,False,False,False,False,False,False,False,False,False,False,False,False,False,False,False,False,False,False,False,True,True,True,2026-09-08
themuse:21894900,themuse,EE. UU. / Canadá,2026 University Hire (U.S.) - Information & Digital (I&D),Otro,False,False,fuera_de_alcance,Bechtel,"Gunnison, CO",Semi Senior,Mid Level,,,,https://www.themuse.com/jobs/bechtel/2026-university-hire-us-information-digital-id,,,,,2026-09-03T22:02:07Z,mixto,description,,0,0,2,1,0,True,True,False,True,False,False,False,False,False,True,False,True,False,True,False,False,False,False,False,False,False,False,False,False,False,True,False,True,2026-09-08
themuse:21862514,themuse,EE. UU. / Canadá,"Production Scheduler, Starlink Machining Operations",Otro,False,False,fuera_de_alcance,SpaceX,"Lockhart, TX",Semi Senior,Mid Level,,,,https://www.themuse.com/jobs/spacex/production-scheduler-starlink-machining-operations-e953af,,,,,2026-06-26T18:34:29Z,analitica,description,2.0,0,0,2,0,0,True,False,True,False,False,False,False,False,False,False,False,False,False,False,False,False,False,False,False,False,False,False,False,False,False,True,False,False,2026-09-08
themuse:22070506,themuse,EE. UU. / Canadá,"Manager, Data Analytics",Data Analyst / BI,True,True,titulo,McKesson,"The Woodlands, TX",Senior,Senior Level,,,,https://www.themuse.com/jobs/mckesson/manager-data-analytics-00fd38,,,,,2026-08-17T01:33:25Z,mixto,description,7.0,0,1,4,5,0,True,True,False,True,True,True,False,False,False,False,False,True,False,False,False,True,False,False,False,False,False,False,False,False,False,True,True,False,2026-09-08
themuse:22062744,themuse,Otra / sin dato,Senior Training Specialist,Otro,False,False,fuera_de_alcance,Celonis,"Bangalore, India",Senior,Senior Level,,,,https://www.themuse.com/jobs/celonis/senior-training-specialist-dd1fbb,,,,,2026-08-24T19:41:44Z,señal_debil,description,,0,0,1,0,0,False,False,False,False,False,False,False,False,False,False,False,False,False,False,False,False,False,False,False,False,False,False,False,False,False,True,True,True,2026-09-08
themuse:18264869,themuse,EE. UU. / Canadá,"Engineering Manager II, Machine Learning - Account Integrity",Otro,False,False,fuera_de_alcance,Uber,"San Francisco, CA; Sunnyvale, CA",Senior,Senior Level,,,,https://www.themuse.com/jobs/uber/engineering-manager-ii-machine-learning-account-integrity,,,,,2025-04-04T00:42:12Z,mixto,description,2.0,0,2,2,0,0,False,False,False,False,False,False,False,False,False,False,False,False,False,False,False,False,False,False,False,False,False,True,False,True,False,True,True,True,2026-09-08
themuse:21978734,themuse,Otra / sin dato,Apprentice,Otro,False,False,fuera_de_alcance,Bank of America,"Chennai, India; Gurgaon, India; Hyderabad, India; Mumbai, India",Semi Senior,Mid Level,,,,https://www.themuse.com/jobs/bankofamerica/apprentice-5cea60,,,,,2026-09-07T20:06:01Z,analitica,description,,0,0,3,0,1,False,False,False,False,False,False,False,False,False,False,False,False,False,False,False,False,False,False,False,False,False,False,False,False,False,True,True,True,2026-09-08
themuse:22014329,themuse,EE. UU. / Canadá,"Application Software Engineer, Applied AI",Otro,False,False,fuera_de_alcance,SpaceX,"Brownsville, TX; El Segundo, CA; Lockhart, TX; Lompoc, CA; Redmond, WA; Rockledge, FL; Waco, TX",Semi Senior,Mid Level,,,,https://www.themuse.com/jobs/spacex/application-software-engineer-applied-ai-ad41a8,,,,,2026-09-02T19:44:19Z,mixto,description,1.0,0,2,1,2,0,True,True,False,False,False,False,False,False,False,False,False,False,False,False,False,False,False,False,True,False,False,False,False,True,False,False,False,True,2026-09-08
themuse:20498262,themuse,EE. UU. / Canadá,Senior Staff Machine Learning Engineer - Core Services Engineering,ML / AI Engineer,True,True,titulo,Uber,"San Francisco, CA; Sunnyvale, CA",Senior,Senior Level,,,,https://www.themuse.com/jobs/uber/senior-staff-machine-learning-engineer-core-services-engineering,,,,,2026-08-04T00:32:41Z,ciencia_datos,description,10.0,0,6,0,2,0,True,True,False,False,False,False,False,False,False,True,True,True,False,False,False,False,False,False,False,False,False,True,True,False,False,False,False,True,2026-09-08
themuse:22032666,themuse,Europa,Corporate Credit Research Analyst,Otro,False,False,fuera_de_alcance,Bank of America,"London, United Kingdom",Semi Senior,Mid Level,,,,https://www.themuse.com/jobs/bankofamerica/corporate-credit-research-analyst-a3a7d1,,,,,2026-09-04T19:52:25Z,analitica,description,,0,1,4,0,1,False,False,False,False,False,False,False,False,False,False,False,False,False,False,False,False,False,False,False,False,False,False,False,False,False,False,False,True,2026-09-08
themuse:22070514,themuse,EE. UU. / Canadá,"Gestionnaire principal, Ingénierie du Data Hub et des Produits de Données /Senior Manager, Data Hub Engineering & Data Products",Otro,False,False,fuera_de_alcance,McKesson,"Dollard-Des Ormeaux, Canada",Senior,Senior Level,,,,https://www.themuse.com/jobs/mckesson/gestionnaire-principal-ingenierie-du-data-hub-et-des-produits-de-donnees-senior-manager-data-hub-engineering-data-products-d675f6,,,,,2026-09-04T16:32:40Z,gobierno_datos,description,3.0,0,0,2,3,5,False,False,False,False,False,False,False,False,False,False,False,False,False,False,False,False,False,False,False,False,False,False,False,False,False,True,True,True,2026-09-08
themuse:21218498,themuse,Europa,Lead AI Deployment Architect,Otro,False,False,fuera_de_alcance,Celonis,"Madrid, Spain",Senior,Senior Level,,,,https://www.themuse.com/jobs/celonis/lead-ai-deployment-architect-3b996b,,,,,2026-08-24T19:41:15Z,mixto,description,,0,1,1,0,0,False,True,False,False,False,False,False,False,False,False,False,False,False,False,False,False,False,False,False,False,False,False,False,True,False,True,True,True,2026-09-08
themuse:21862572,themuse,Europa,Associate (AI) Solution Consultant (Benelux) - Orbit Program,Otro,False,False,fuera_de_alcance,Celonis,"Madrid, Spain",Semi Senior,Mid Level,,,,https://www.themuse.com/jobs/celonis/associate-ai-solution-consultant-benelux-orbit-program,,,,,2026-08-24T19:40:33Z,mixto,description,1.0,0,1,0,2,0,True,True,False,False,False,False,False,True,True,False,True,True,False,False,False,False,False,False,False,False,False,False,False,True,False,True,False,True,2026-09-08
themuse:22061774,themuse,EE. UU. / Canadá,Production Scheduler (Starship),Otro,False,False,fuera_de_alcance,SpaceX,"Brownsville, TX",Semi Senior,Mid Level,,,,https://www.themuse.com/jobs/spacex/production-scheduler-starship-f76c19,,,,,2026-08-13T23:45:38Z,analitica,description,1.0,0,0,2,0,0,True,False,False,True,False,False,False,False,False,False,False,False,False,False,False,False,False,False,False,False,False,False,False,False,False,True,True,True,2026-09-08
themuse:22093035,themuse,LATAM,Associate System Administrator,Otro,False,False,fuera_de_alcance,Exadel,"São Paulo, Brazil",Senior,Senior Level,,,,https://www.themuse.com/jobs/exadel/associate-system-administrator-db13c2,,,,,2026-09-04T18:36:53Z,analitica,description,,0,0,2,0,0,False,False,False,False,False,False,False,False,False,False,False,False,False,False,False,False,False,False,False,False,False,False,False,False,False,True,True,True,2026-09-08
themuse:22070545,themuse,EE. UU. / Canadá,Senior Business Intelligence Analyst,Data Analyst / BI,True,True,titulo,McKesson,"Richmond, VA",Senior,Senior Level,,,,https://www.themuse.com/jobs/mckesson/senior-business-intelligence-analyst-1ed2c5,,,,,2026-08-17T01:33:25Z,analitica,description,2.0,0,0,7,1,1,False,False,False,False,False,True,False,False,False,False,False,False,False,False,True,False,False,False,False,False,False,False,False,False,False,True,True,True,2026-09-08
themuse:21711108,themuse,EE. UU. / Canadá,"Technical Operations Engineer, Customer Success (Starlink)",Otro,False,False,fuera_de_alcance,SpaceX,"Lockhart, TX; Redmond, WA",Semi Senior,Mid Level,,,,https://www.themuse.com/jobs/spacex/technical-operations-engineer-customer-success-starlink-40566d,,,,,2026-07-27T23:35:34Z,mixto,description,2.0,0,0,1,0,1,True,True,False,False,False,False,True,False,False,False,False,False,False,False,False,False,False,False,False,False,False,False,False,False,False,True,False,False,2026-09-08
themuse:22051103,themuse,Otra / sin dato,Senior Team Member,Otro,False,False,fuera_de_alcance,Bank of America,"Gurgaon, India; Hyderabad, India",Senior,Senior Level,,,,https://www.themuse.com/jobs/bankofamerica/senior-team-member-e37bc8,,,,,2026-08-21T22:20:43Z,analitica,description,6.0,0,0,3,0,0,False,False,False,False,False,False,False,False,False,False,False,False,False,False,False,False,False,False,False,False,False,False,False,False,False,False,True,True,2026-09-08
themuse:22104678,themuse,Europa,Senior Application Product Manager - Oracle Solutions,Otro,False,False,fuera_de_alcance,Celonis,"Madrid, Spain",Senior,Senior Level,,,,https://www.themuse.com/jobs/celonis/senior-application-product-manager-oracle-solutions,,,,,2026-09-07T18:35:47Z,señal_debil,description,5.0,0,0,0,1,0,True,True,False,False,False,False,False,False,False,False,False,False,False,False,False,False,False,False,False,False,False,False,False,False,False,True,True,True,2026-09-08
themuse:21730423,themuse,EE. UU. / Canadá,"Lead, Data Governance & AI Readiness",Data Governance / Calidad,True,True,titulo,Uber,"New York, NY",Senior,Senior Level,,,,https://www.themuse.com/jobs/uber/lead-data-governance-ai-readiness,,,,,2026-07-08T00:32:53Z,mixto,description,8.0,0,1,5,2,6,False,False,False,False,False,False,False,False,False,False,False,False,False,False,False,False,False,False,False,False,False,False,False,False,False,True,True,True,2026-09-08
themuse:21991927,themuse,Europa,Security Detection & Response I,Otro,False,False,fuera_de_alcance,Bank of America,"Chester, United Kingdom",Semi Senior,Mid Level,,,,https://www.themuse.com/jobs/bankofamerica/security-detection-response-i,,,,,2026-09-04T19:52:27Z,mixto,description,,0,0,2,1,0,True,False,False,False,False,False,False,False,False,False,False,False,False,False,False,False,False,False,False,False,False,False,False,False,False,True,False,True,2026-09-08
themuse:18755816,themuse,Otra / sin dato,Risk and Compliance Specialist II,Otro,False,False,fuera_de_alcance,Uber,"Gajuwaka, India",Semi Senior,Mid Level,,,,https://www.themuse.com/jobs/uber/risk-and-compliance-specialist-ii-aa8332,,,,,2025-05-31T00:32:21Z,analitica,description,,0,0,5,0,1,False,False,False,False,False,False,False,False,False,False,False,False,False,False,False,False,False,False,False,False,False,False,False,False,False,True,True,True,2026-09-08
themuse:21811824,themuse,Europa,Senior Value Engineer (SC Cleared),Otro,False,False,fuera_de_alcance,Celonis,"London, United Kingdom",Senior,Senior Level,,,,https://www.themuse.com/jobs/celonis/senior-value-engineer-sc-cleared,,,,,2026-08-24T19:41:49Z,analitica,description,,0,0,2,0,0,True,True,False,True,False,False,False,False,False,False,False,False,False,False,False,False,False,False,False,False,False,False,False,False,False,True,True,True,2026-09-08
themuse:21540191,themuse,Europa,Enterprise Architect Director,Otro,False,False,fuera_de_alcance,Celonis,"London, United Kingdom",Senior,Senior Level,,,,https://www.themuse.com/jobs/celonis/enterprise-architect-director,,,,,2026-08-24T19:41:04Z,ingenieria,description,20.0,0,0,0,3,0,True,True,False,False,False,False,False,False,False,False,False,False,True,True,True,False,False,False,False,False,False,False,False,False,False,True,True,True,2026-09-08
themuse:21726188,themuse,EE. UU. / Canadá,"Global Supply Manager, Datacenter Switches and Optics (Starlink)",Otro,False,False,fuera_de_alcance,SpaceX,"Austin, TX; Palo Alto, CA",Senior,Senior Level,,,,https://www.themuse.com/jobs/spacex/global-supply-manager-datacenter-switches-and-optics-starlink,,,,,2026-06-26T18:34:17Z,mixto,description,5.0,0,1,1,0,0,False,False,False,False,False,False,False,False,False,False,False,False,False,False,False,False,False,False,False,False,False,False,False,False,False,False,True,True,2026-09-08
themuse:22078862,themuse,Otra / sin dato,Senior Operations Manager,Otro,False,False,fuera_de_alcance,Bank of America,"Mumbai, India",Senior,Senior Level,,,,https://www.themuse.com/jobs/bankofamerica/senior-operations-manager-587841,,,,,2026-09-02T02:56:00Z,analitica,description,12.0,0,1,7,0,2,True,False,False,False,True,False,False,False,False,False,False,False,False,False,False,False,False,False,False,False,False,False,False,True,False,True,True,True,2026-09-08
themuse:22140695,themuse,EE. UU. / Canadá,Information Governance Advisor Senior,Otro,False,False,fuera_de_alcance,USAA,"Colorado Springs, CO",Senior,Senior Level,,,,https://www.themuse.com/jobs/usaa/information-governance-advisor-senior-cdd160,,,,,2026-09-07T04:33:06Z,mixto,description,2.0,0,0,2,0,3,False,False,False,False,False,False,False,False,False,False,False,False,False,False,False,False,False,False,False,False,False,False,False,False,False,True,True,True,2026-09-08
themuse:22070524,themuse,EE. UU. / Canadá,"Manager, Data Analytics",Data Analyst / BI,True,True,titulo,McKesson,"Richmond, VA",Senior,Senior Level,,,,https://www.themuse.com/jobs/mckesson/manager-data-analytics-bb3f4e,,,,,2026-08-17T01:33:25Z,mixto,description,7.0,0,1,4,5,0,True,True,False,True,True,True,False,False,False,False,False,True,False,False,False,True,False,False,False,False,False,False,False,False,False,True,True,False,2026-09-08
themuse:21946798,themuse,EE. UU. / Canadá,Corporate Security Military Development Program,Otro,False,False,fuera_de_alcance,Bank of America,"Charlotte, NC",Semi Senior,Mid Level,,,,https://www.themuse.com/jobs/bankofamerica/corporate-security-military-development-program-bf8269,,,,,2026-07-14T19:22:34Z,analitica,description,2.0,0,1,4,1,1,False,False,True,False,False,False,False,False,False,False,False,False,False,False,False,False,False,False,False,False,False,False,False,False,False,True,True,True,2026-09-08
themuse:22035573,themuse,EE. UU. / Canadá,Client Director - Cardinal Health,Otro,False,False,fuera_de_alcance,Celonis,"New York, NY",Senior,Senior Level,,,,https://www.themuse.com/jobs/celonis/client-director-cardinal-health-4938fc,,,,,2026-08-25T19:37:30Z,mixto,description,5.0,0,1,0,2,0,False,False,False,False,False,False,False,False,False,False,False,False,False,False,False,False,False,False,False,False,False,False,False,True,False,False,True,True,2026-09-08
themuse:22039270,themuse,EE. UU. / Canadá,"Strategic Partner Success Manager, US&C Delivery Integrations",Otro,False,False,fuera_de_alcance,Uber,"New York, NY",Senior,Senior Level,,,,https://www.themuse.com/jobs/uber/strategic-partner-success-manager-usc-delivery-integrations,,,,,2026-08-07T00:20:20Z,mixto,description,7.0,0,1,1,0,0,True,False,False,False,False,False,False,False,False,False,False,False,False,False,False,False,False,False,False,False,False,False,False,False,False,True,True,True,2026-09-08
themuse:21880240,themuse,EE. UU. / Canadá,"Manager, Starship Indirect Supply Chain",Otro,False,False,fuera_de_alcance,SpaceX,"El Segundo, CA",Senior,Senior Level,,,,https://www.themuse.com/jobs/spacex/manager-starship-indirect-supply-chain,,,,,2026-06-24T18:32:29Z,analitica,description,1.0,0,0,4,1,0,True,False,False,True,False,False,False,False,False,False,False,False,False,False,False,False,False,False,False,False,False,False,False,False,False,True,True,False,2026-09-08
themuse:21857676,themuse,EE. UU. / Canadá,"Facilities Engineer, MEP",Otro,False,False,fuera_de_alcance,SpaceX,"Waco, TX",Semi Senior,Mid Level,,,,https://www.themuse.com/jobs/spacex/facilities-engineer-mep-685066,,,,,2026-07-20T23:48:19Z,señal_debil,description,2.0,0,0,1,0,0,False,False,False,False,False,False,False,False,False,False,False,False,False,False,False,False,False,False,False,False,False,False,False,False,False,False,True,False,2026-09-08
themuse:22049837,themuse,LATAM,"Middle Technical Support Analyst (L2/L3, Production Support)",Otro,False,False,fuera_de_alcance,Exadel,"São Paulo, Brazil",Senior,Senior Level,,,,https://www.themuse.com/jobs/exadel/middle-technical-support-analyst-l2l3-production-support,,,,,2026-09-03T18:36:06Z,mixto,description,,0,0,1,0,1,True,False,False,False,False,False,False,False,False,False,False,False,False,False,False,False,False,False,False,False,False,False,False,False,False,False,True,True,2026-09-08
themuse:21806510,themuse,Europa,Senior Data Engineer ,Data Engineer / Arquitecto,True,True,titulo,Exadel,"Dabas, Hungary; Kazanlak, Bulgaria; Ozorków, Poland",Senior,Senior Level,,,,https://www.themuse.com/jobs/exadel/senior-data-engineer-b94a14,,,,,2026-08-28T19:50:59Z,ingenieria,description,,0,0,2,6,1,True,True,False,False,False,False,False,False,False,False,False,True,True,False,False,False,False,False,False,False,True,False,False,False,False,False,True,True,2026-09-08
themuse:19272148,themuse,EE. UU. / Canadá,Staff Machine Learning Engineer - Marketplace Signals,ML / AI Engineer,True,True,titulo,Uber,"San Francisco, CA; Seattle, WA",Senior,Senior Level,,,,https://www.themuse.com/jobs/uber/staff-machine-learning-engineer-marketplace-signals,,,,,2025-11-27T00:34:06Z,ciencia_datos,description,6.0,0,6,2,2,0,False,True,False,False,False,False,False,False,False,False,False,True,False,False,False,False,False,False,False,False,False,False,True,False,False,True,True,True,2026-09-08
themuse:21794074,themuse,EE. UU. / Canadá,"Principal AI Engineer, Special Programs",ML / AI Engineer,True,True,titulo,SpaceX,"Palo Alto, CA; Washington, DC",Senior,Senior Level,,,,https://www.themuse.com/jobs/spacex/principal-ai-engineer-special-programs,,,,,2026-09-02T19:45:59Z,mixto,description,2.0,0,1,0,1,0,False,True,False,False,False,False,False,False,False,False,False,False,True,True,True,False,False,False,True,False,False,False,False,True,False,True,True,True,2026-09-08
themuse:22084141,themuse,EE. UU. / Canadá,Production Coordinator (Starlink) - 2nd Shift,Otro,False,False,fuera_de_alcance,SpaceX,"Redmond, WA",Semi Senior,Mid Level,,,,https://www.themuse.com/jobs/spacex/production-coordinator-starlink-2nd-shift-90451c,,,,,2026-08-20T23:57:57Z,analitica,description,1.0,0,0,4,1,1,True,False,False,False,True,False,False,False,False,False,False,False,False,False,False,False,False,False,False,False,False,False,False,False,False,True,False,False,2026-09-08
themuse:22036563,themuse,Otra / sin dato,Senior Manager,Otro,False,False,fuera_de_alcance,Bank of America,"Gurgaon, India; Mumbai, India",Senior,Senior Level,,,,https://www.themuse.com/jobs/bankofamerica/senior-manager-b7e1b3,,,,,2026-09-01T02:11:47Z,analitica,description,7.0,0,1,4,2,1,True,True,False,False,True,False,False,False,False,False,False,False,False,False,False,False,False,False,False,True,False,False,False,True,False,True,True,True,2026-09-08
themuse:22031346,themuse,LATAM,"Associate Database Administrator (SQL Server, Oracle)",Otro,False,False,fuera_de_alcance,Exadel,"São Paulo, Brazil",Senior,Senior Level,,,,https://www.themuse.com/jobs/exadel/associate-database-administrator-sql-server-oracle,,,,,2026-08-28T19:50:53Z,mixto,description,,0,0,1,0,1,True,False,False,False,False,False,False,False,False,False,False,False,True,False,False,False,False,False,False,False,True,False,False,False,False,True,True,True,2026-09-08
themuse:19366552,themuse,EE. UU. / Canadá,"Senior Analyst, Sales Strategy S&O",Otro,False,False,fuera_de_alcance,DoorDash,"Los Angeles, CA; San Francisco, CA; Seattle, WA",Senior,Senior Level,,,,https://www.themuse.com/jobs/doordash/senior-analyst-sales-strategy-so,,,,,2025-07-24T12:00:24Z,analitica,description,4.0,0,0,7,0,2,True,True,True,False,True,False,False,False,False,False,False,False,False,False,False,False,False,False,False,False,False,False,False,False,False,True,True,True,2026-09-08
themuse:21923886,themuse,EE. UU. / Canadá,Platform Integrity Manager (Starlink),Otro,False,False,fuera_de_alcance,SpaceX,"El Segundo, CA; Lockhart, TX; Redmond, WA",Senior,Senior Level,,,,https://www.themuse.com/jobs/spacex/platform-integrity-manager-starlink,,,,,2026-08-20T19:06:48Z,señal_debil,description,3.0,0,0,0,0,1,True,True,False,False,False,False,True,False,False,False,False,False,False,False,False,False,False,False,False,False,False,False,False,False,False,True,True,True,2026-09-08
themuse:21904801,themuse,LATAM,Senior Data Engineer,Data Engineer / Arquitecto,True,True,titulo,Exadel,"Barra do Garças, Brazil",Senior,Senior Level,,,,https://www.themuse.com/jobs/exadel/senior-data-engineer-76a29b,,,,,2026-08-28T19:50:58Z,ingenieria,description,,0,0,1,3,0,True,True,False,False,False,True,False,False,False,False,False,False,True,False,False,True,True,True,False,True,False,False,False,False,False,True,True,True,2026-09-08
themuse:21981715,themuse,EE. UU. / Canadá,"Sr. Packaging Engineer - Thermal Materials, AI Satellites (Starmind)",Otro,False,False,fuera_de_alcance,SpaceX,"Lockhart, TX",Senior,Senior Level,,,,https://www.themuse.com/jobs/spacex/sr-packaging-engineer-thermal-materials-ai-satellites-starmind,,,,,2026-07-22T18:46:21Z,señal_debil,description,5.0,0,0,0,0,1,False,False,False,False,False,False,False,False,False,False,False,False,False,False,False,False,False,False,False,False,False,False,False,False,False,False,True,True,2026-09-08
themuse:22095926,themuse,Otra / sin dato,"Officer/AVP, Operation Analyst (Global Funding and Cash Management), Global Markets Operations",Otro,False,False,fuera_de_alcance,Bank of America,Singapore,Semi Senior,Mid Level,,,,https://www.themuse.com/jobs/bankofamerica/officeravp-operation-analyst-global-funding-and-cash-management-global-markets-operations,,,,,2026-08-25T23:02:41Z,analitica,description,,0,0,2,0,0,False,False,False,False,False,False,False,False,False,False,False,False,False,False,False,False,False,False,False,False,False,False,False,False,False,True,True,True,2026-09-08
themuse:22067882,themuse,EE. UU. / Canadá,Sr Operations Representative,Otro,False,False,fuera_de_alcance,Bank of America,"Roseville, CA",Senior,Senior Level,,,,https://www.themuse.com/jobs/bankofamerica/sr-operations-representative-9f7cf3,,,,,2026-09-03T19:34:53Z,analitica,description,,0,0,2,0,0,False,False,False,False,False,False,False,False,False,False,False,False,False,False,False,False,False,False,False,False,False,False,False,False,False,False,True,True,2026-09-08
themuse:21886433,themuse,EE. UU. / Canadá,Threat Hunter,Otro,False,False,fuera_de_alcance,Bank of America,"Chicago, IL; Denver, CO; Washington, DC",Senior,Senior Level,,,,https://www.themuse.com/jobs/bankofamerica/threat-hunter-e71471,,,,,2026-08-18T21:21:55Z,mixto,description,5.0,0,1,2,0,0,True,True,False,False,False,False,False,True,False,False,False,False,False,False,False,False,False,False,False,False,False,False,False,False,False,False,True,True,2026-09-08
themuse:22115298,themuse,EE. UU. / Canadá,"Materials R&D Technician, Solar Cell Characterization",Otro,False,False,fuera_de_alcance,SpaceX,"Lockhart, TX",Senior,Senior Level,,,,https://www.themuse.com/jobs/spacex/materials-rd-technician-solar-cell-characterization,,,,,2026-09-01T19:38:06Z,señal_debil,description,3.0,0,0,1,0,0,False,False,False,False,False,False,False,False,False,False,False,False,False,False,False,False,False,False,False,False,False,False,False,False,False,True,True,False,2026-09-08
themuse:21977502,themuse,EE. UU. / Canadá,"Sr. Mechanical Engineer, AI Satellites (Starmind)",Otro,False,False,fuera_de_alcance,SpaceX,"Lockhart, TX",Senior,Senior Level,,,,https://www.themuse.com/jobs/spacex/sr-mechanical-engineer-ai-satellites-starmind,,,,,2026-07-21T18:39:27Z,mixto,description,5.0,0,0,1,0,1,False,False,False,False,False,False,False,False,False,False,False,False,False,False,False,False,False,False,False,False,False,False,False,False,False,True,False,True,2026-09-08
themuse:22063980,themuse,Otra / sin dato,Team Developer,Otro,False,False,fuera_de_alcance,Bank of America,"Chennai, India; Hyderabad, India",Semi Senior,Mid Level,,,,https://www.themuse.com/jobs/bankofamerica/team-developer-d56fa7,,,,,2026-09-03T19:34:56Z,analitica,description,3.0,0,0,3,1,0,False,False,False,False,False,False,False,False,False,False,False,False,False,False,False,False,False,False,False,False,False,False,False,False,False,True,True,True,2026-09-08
themuse:22014330,themuse,EE. UU. / Canadá,"Application Software Engineer, Applied AI",Otro,False,False,fuera_de_alcance,SpaceX,"Brownsville, TX; El Segundo, CA; Lockhart, TX; Lompoc, CA; Redmond, WA; Rockledge, FL; Waco, TX",Semi Senior,Mid Level,,,,https://www.themuse.com/jobs/spacex/application-software-engineer-applied-ai,,,,,2026-09-02T19:44:18Z,mixto,description,1.0,0,2,1,2,1,True,True,False,False,False,False,False,False,False,False,False,False,False,False,False,False,False,False,True,False,False,False,False,True,False,False,False,True,2026-09-08
themuse:22035190,themuse,EE. UU. / Canadá,Machine Learning Engineer II - AV Labs,ML / AI Engineer,True,True,titulo,Uber,"Sunnyvale, CA",Semi Senior,Mid Level,,,,https://www.themuse.com/jobs/uber/machine-learning-engineer-ii-av-labs-0a9562,,,,,2026-08-06T00:29:58Z,ciencia_datos,description,2.0,0,4,0,1,0,False,True,False,False,False,False,False,False,False,False,True,False,False,False,False,False,False,False,False,False,False,False,False,False,False,False,True,True,2026-09-08
themuse:22095973,themuse,EE. UU. / Canadá,Senior Data Scientist,Data Scientist,True,True,titulo,Bank of America,"Charlotte, NC",Senior,Senior Level,,,,https://www.themuse.com/jobs/bankofamerica/senior-data-scientist-57d222,,,,,2026-08-25T23:02:47Z,analitica,description,10.0,0,2,5,3,1,False,True,False,False,False,False,False,False,False,False,False,False,True,True,True,False,False,False,True,False,False,False,False,True,False,True,True,True,2026-09-08
themuse:21444489,themuse,Otra / sin dato,Principal Enterprise Architect,Otro,False,False,fuera_de_alcance,Celonis,"Bangalore, India",Senior,Senior Level,,,,https://www.themuse.com/jobs/celonis/principal-enterprise-architect-3ec487,,,,,2026-08-24T19:41:30Z,ingenieria,description,15.0,0,0,0,3,0,True,True,False,False,False,False,False,False,False,False,False,False,True,True,True,False,False,False,False,False,False,False,False,False,False,True,True,True,2026-09-08
themuse:22087443,themuse,EE. UU. / Canadá,Consumer AML Ops - KYC Contact Center Bilingual Phone Agent,Otro,False,False,fuera_de_alcance,Bank of America,"Addison, TX",Semi Senior,Mid Level,,,,https://www.themuse.com/jobs/bankofamerica/consumer-aml-ops-kyc-contact-center-bilingual-phone-agent-3b0a68,,,,,2026-08-21T22:20:45Z,mixto,description,,0,0,2,0,2,False,False,False,False,False,False,False,False,False,False,False,False,False,False,False,False,False,False,False,False,False,False,False,False,False,True,True,True,2026-09-08
themuse:22048043,themuse,Otra / sin dato,"Senior Director,  Integration Lead - Japan & South Korea",Otro,False,False,fuera_de_alcance,The Coca-Cola Company,"Tokyo, Japan",Senior,Senior Level,,,,https://www.themuse.com/jobs/thecocacolacompany/senior-director-integration-lead-japan-south-korea,,,,,2026-08-10T18:33:26Z,mixto,description,15.0,0,2,1,1,1,False,False,False,False,False,False,False,False,False,False,False,False,False,False,False,False,False,False,False,False,False,False,False,False,False,True,True,True,2026-09-08
themuse:21990625,themuse,EE. UU. / Canadá,"Manager, Supply Chain - Datacenter Compute Infrastructure (Starlink)   ",Otro,False,False,fuera_de_alcance,SpaceX,"Palo Alto, CA",Senior,Senior Level,,,,https://www.themuse.com/jobs/spacex/manager-supply-chain-datacenter-compute-infrastructure-starlink-6d52fb,,,,,2026-08-27T19:24:18Z,mixto,description,3.0,0,0,1,1,0,False,False,False,False,False,False,False,False,False,False,False,False,False,False,False,False,False,False,False,False,False,False,False,False,False,False,True,True,2026-09-08
themuse:22103179,themuse,Otra / sin dato,"Vice President, Senior Security Detection & Response Manager, Global Information Security, Sydney",Otro,False,False,fuera_de_alcance,Bank of America,"Sydney, Australia",Senior,Senior Level,,,,https://www.themuse.com/jobs/bankofamerica/vice-president-senior-security-detection-response-manager-global-information-security-sydney,,,,,2026-08-27T23:32:48Z,mixto,description,5.0,0,0,2,1,0,False,False,False,False,False,False,False,False,False,False,False,False,False,False,False,False,False,False,False,False,False,False,False,False,False,True,True,True,2026-09-08
themuse:18535928,themuse,EE. UU. / Canadá,Test Technician Senior,Otro,False,False,fuera_de_alcance,Advanced Technology Services,"Peoria, IL",Senior,Senior Level,,,,https://www.themuse.com/jobs/advancedtechnologyservices/test-technician-senior,,,,,2025-04-15T09:46:38Z,sin_señal,description,5.0,0,0,0,0,0,False,False,False,False,False,False,False,False,False,False,False,False,False,False,False,False,False,False,False,False,False,False,False,False,False,True,False,True,2026-09-08
themuse:21895214,themuse,EE. UU. / Canadá,Field Tech Coordinator,Otro,False,False,fuera_de_alcance,Bechtel,"Cheyenne, WY; Reston, VA",Senior,Senior Level,,,,https://www.themuse.com/jobs/bechtel/field-tech-coordinator,,,,,2026-07-10T20:10:59Z,analitica,description,4.0,0,0,6,2,2,True,False,False,True,False,False,False,False,False,False,False,False,False,False,False,False,False,False,False,False,False,False,False,False,False,True,True,True,2026-09-08
themuse:20772329,themuse,Europa,Head of Industry - Retail & CPG,Otro,False,False,fuera_de_alcance,Celonis,"Munich, Germany",Senior,Senior Level,,,,https://www.themuse.com/jobs/celonis/head-of-industry-retail-cpg,,,,,2026-08-24T19:41:10Z,señal_debil,description,,0,0,1,0,0,False,False,False,False,False,False,False,False,False,False,False,False,False,False,False,False,False,False,False,False,False,False,False,False,False,True,True,True,2026-09-08
themuse:22059591,themuse,Otra / sin dato,Team Leader,Otro,False,False,fuera_de_alcance,Bank of America,"Gurgaon, India",Semi Senior,Mid Level,,,,https://www.themuse.com/jobs/bankofamerica/team-leader-8c11ec,,,,,2026-09-07T20:06:03Z,mixto,description,,0,1,3,0,2,True,False,True,False,True,False,False,False,False,False,False,False,False,False,False,False,False,False,False,False,False,False,False,False,False,True,True,True,2026-09-08
themuse:22087431,themuse,Otra / sin dato,Senior Operations Manager,Otro,False,False,fuera_de_alcance,Bank of America,"Gurgaon, India; Mumbai, India",Senior,Senior Level,,,,https://www.themuse.com/jobs/bankofamerica/senior-operations-manager-38cd9a,,,,,2026-08-21T22:20:43Z,analitica,description,15.0,0,1,5,0,1,False,False,True,False,True,False,False,False,False,False,False,False,False,False,False,False,False,False,False,False,False,False,False,True,False,True,True,True,2026-09-08
themuse:19114385,themuse,Otra / sin dato,Senior ML Engineer - Applied AI,ML / AI Engineer,True,True,titulo,Uber,"Bangalore, India",Senior,Senior Level,,,,https://www.themuse.com/jobs/uber/senior-ml-engineer-applied-ai,,,,,2025-06-18T00:32:45Z,ciencia_datos,description,,0,3,0,0,0,False,False,False,False,False,False,False,False,False,False,False,False,False,False,False,False,False,False,False,False,False,False,False,True,False,False,True,True,2026-09-08
themuse:21922534,themuse,Europa,Associate Applied (AI) Value Engineer (Scale EMEA/German-Speaking) - Orbit Program,Otro,False,False,fuera_de_alcance,Celonis,"Madrid, Spain",Semi Senior,Mid Level,,,,https://www.themuse.com/jobs/celonis/associate-applied-ai-value-engineer-scale-emeagermanspeaking-orbit-program,,,,,2026-08-24T19:40:38Z,mixto,description,1.0,0,1,0,2,0,True,True,False,False,False,False,False,True,True,False,True,True,False,False,False,False,False,False,False,False,False,False,False,True,False,True,False,True,2026-09-08
themuse:21975875,themuse,EE. UU. / Canadá,Senior Applied Value Engineer – Automotive Manufacturing,Otro,False,False,fuera_de_alcance,Celonis,"New York, NY",Senior,Senior Level,,,,https://www.themuse.com/jobs/celonis/senior-applied-value-engineer-automotive-manufacturing,,,,,2026-08-28T19:58:24Z,mixto,description,4.0,0,0,2,1,0,False,True,False,False,False,False,False,True,True,False,True,False,True,True,False,False,False,False,False,False,False,False,False,True,False,False,True,True,2026-09-08
themuse:18356618,themuse,EE. UU. / Canadá,Lead Data Engineer,Data Engineer / Arquitecto,True,True,titulo,Disney,"New York, NY",Senior,Senior Level,,,,https://www.themuse.com/jobs/disney/lead-data-engineer-281563,,,,,2025-03-31T23:32:41Z,mixto,description,7.0,0,3,0,2,0,False,False,False,False,False,False,False,False,False,False,False,False,True,False,True,False,False,False,True,False,False,False,False,False,False,True,True,True,2026-09-08
themuse:22034690,themuse,LATAM,Solution/Enterprise Architect (Martech Consolidation),Otro,False,False,fuera_de_alcance,Exadel,"Barra do Garças, Brazil; Soacha, Colombia",Senior,Senior Level,,,,https://www.themuse.com/jobs/exadel/solutionenterprise-architect-martech-consolidation-9cde90,,,,,2026-08-28T19:51:03Z,sin_señal,description,,0,0,0,0,0,False,False,False,False,False,False,False,False,False,False,False,False,False,False,False,False,False,False,False,False,False,False,False,False,False,True,True,True,2026-09-08
themuse:22005472,themuse,EE. UU. / Canadá,"Operations Engineer, Applied AI (Application Software) ",Otro,False,False,fuera_de_alcance,SpaceX,"Brownsville, TX; El Segundo, CA; Lockhart, TX; Lompoc, CA; Redmond, WA; Rockledge, FL; Waco, TX",Semi Senior,Mid Level,,,,https://www.themuse.com/jobs/spacex/operations-engineer-applied-ai-application-software-282715,,,,,2026-09-02T19:45:56Z,mixto,description,1.0,0,1,0,0,1,False,False,False,False,False,False,False,False,False,False,False,False,False,False,False,False,False,False,False,False,False,False,False,True,False,False,True,True,2026-09-08
themuse:22049490,themuse,EE. UU. / Canadá,Sr Staff Machine Learning Engineer - Uber AI Solutions,ML / AI Engineer,True,True,titulo,Uber,"San Francisco, CA",Senior,Senior Level,,,,https://www.themuse.com/jobs/uber/sr-staff-machine-learning-engineer-uber-ai-solutions,,,,,2026-08-11T00:31:16Z,mixto,description,7.0,0,1,1,0,0,False,False,False,False,False,False,False,False,False,False,False,False,False,False,False,False,False,False,False,False,False,False,False,True,False,True,False,True,2026-09-08
themuse:22000675,themuse,Otra / sin dato,Assistant Manager,Otro,False,False,fuera_de_alcance,Bank of America,"Gurgaon, India; Mumbai, India",Senior,Senior Level,,,,https://www.themuse.com/jobs/bankofamerica/assistant-manager-cba8d1,,,,,2026-07-27T19:19:22Z,analitica,description,4.0,0,1,5,0,1,False,False,True,False,True,False,False,False,False,False,False,False,False,False,False,False,False,False,False,False,False,False,False,True,False,True,True,True,2026-09-08
themuse:22003496,themuse,Otra / sin dato,Senior Manager,Otro,False,False,fuera_de_alcance,Bank of America,"Mumbai, India",Senior,Senior Level,,,,https://www.themuse.com/jobs/bankofamerica/senior-manager-274e31,,,,,2026-08-20T22:17:43Z,analitica,description,10.0,0,1,5,0,1,False,False,True,False,True,False,False,False,False,False,False,False,False,False,False,False,False,False,False,False,False,False,False,True,False,True,True,True,2026-09-08
themuse:22049783,themuse,EE. UU. / Canadá,"Supply Chain Planner, xAI (Starlink)",Otro,False,False,fuera_de_alcance,SpaceX,"Lockhart, TX",Semi Senior,Mid Level,,,,https://www.themuse.com/jobs/spacex/supply-chain-planner-xai-starlink,,,,,2026-08-11T18:34:32Z,analitica,description,1.0,0,0,4,0,2,True,False,True,True,False,False,False,False,False,False,False,False,False,False,False,False,False,False,False,False,False,False,False,False,False,True,True,False,2026-09-08
themuse:21726193,themuse,EE. UU. / Canadá,"Sr. Mechanical Engineer, Insource Manufacturing (Starlink)   ",Otro,False,False,fuera_de_alcance,SpaceX,"Lockhart, TX",Senior,Senior Level,,,,https://www.themuse.com/jobs/spacex/sr-mechanical-engineer-insource-manufacturing-starlink-b9ce17,,,,,2026-06-26T18:34:38Z,mixto,description,3.0,0,1,1,0,0,False,False,False,False,False,False,False,False,False,False,False,False,False,False,False,False,False,False,False,False,False,False,False,False,False,True,True,True,2026-09-08
themuse:20175555,themuse,EE. UU. / Canadá,"Staff Program Manager, Strategic Initiatives (Fulfillment)",Otro,False,False,fuera_de_alcance,Flexport,"Bellevue, WA; Chicago, IL; Redlands, CA",Senior,Senior Level,,,,https://www.themuse.com/jobs/flexport/staff-program-manager-strategic-initiatives-fulfillment,,,,,2026-09-05T18:32:29Z,analitica,description,10.0,0,2,4,1,1,True,True,True,True,True,True,False,False,False,False,False,False,False,False,False,False,False,False,False,False,False,False,False,False,False,True,True,False,2026-09-08
themuse:19309470,themuse,EE. UU. / Canadá,Senior Analyst - Operations,Otro,False,False,fuera_de_alcance,"Uline, Inc.","Kenosha, WI",Senior,Senior Level,,,,https://www.themuse.com/jobs/ulineinc/senior-analyst-operations-efe06e,,,,,2025-07-21T03:52:54Z,señal_debil,description,5.0,0,0,1,0,0,True,False,True,False,False,False,False,False,False,False,False,False,False,False,False,False,False,False,False,False,False,False,False,False,False,True,True,True,2026-09-08
themuse:21958274,themuse,Global / remoto,"Assistant Vice President, AML Refresh Operations",Otro,False,False,fuera_de_alcance,Bank of America,"Bonifacio Global City, Philippines",Senior,Senior Level,,,,https://www.themuse.com/jobs/bankofamerica/assistant-vice-president-aml-refresh-operations-cdeb47,,,,,2026-08-24T22:59:53Z,mixto,description,3.0,0,0,2,0,1,False,False,True,False,False,False,False,False,False,False,False,False,False,False,False,False,False,False,False,False,False,False,False,False,False,True,True,True,2026-09-08
themuse:17225115,themuse,Europa,Software Engineer - Machine Learning,Otro,False,False,fuera_de_alcance,Celonis,"Griesheim, Germany",Semi Senior,Mid Level,,,,https://www.themuse.com/jobs/celonis/software-engineer-machine-learning-711959,,,,,2025-03-19T23:37:44Z,ciencia_datos,description,2.0,0,4,0,0,0,False,False,False,False,False,False,False,False,False,False,False,False,False,False,False,False,False,False,False,False,False,False,False,False,False,True,True,True,2026-09-08
themuse:22032689,themuse,Europa,Global Financial Crimes Investigator,Otro,False,False,fuera_de_alcance,Bank of America,"Frankfurt, Germany",Semi Senior,Mid Level,,,,https://www.themuse.com/jobs/bankofamerica/global-financial-crimes-investigator-0baa1c,,,,,2026-08-05T19:12:38Z,analitica,description,,0,0,3,0,1,False,False,True,False,False,False,False,False,False,False,False,False,False,False,False,False,False,False,False,False,False,False,False,False,False,True,True,False,2026-09-08
themuse:22118647,themuse,EE. UU. / Canadá,Accounts Payable Specialist,Otro,False,False,fuera_de_alcance,SpaceX,"El Segundo, CA",Semi Senior,Mid Level,,,,https://www.themuse.com/jobs/spacex/accounts-payable-specialist-11c5b5,,,,,2026-09-02T19:44:14Z,señal_debil,description,1.0,0,0,1,0,0,True,False,True,False,False,False,False,False,False,False,False,False,False,False,False,False,False,False,False,False,False,False,False,False,False,True,False,False,2026-09-08
themuse:22062743,themuse,EE. UU. / Canadá,Lead Talent Acquisition Partner,Otro,False,False,fuera_de_alcance,Celonis,"Raleigh, NC",Senior,Senior Level,,,,https://www.themuse.com/jobs/celonis/lead-talent-acquisition-partner,,,,,2026-08-24T19:41:22Z,analitica,description,,0,0,4,0,0,False,False,False,False,False,False,False,False,False,False,False,False,False,False,False,False,False,False,False,False,False,False,False,False,False,True,True,True,2026-09-08
themuse:18208594,themuse,Europa,Technical Programme Manager,Otro,False,False,fuera_de_alcance,Rent the Runway,"Galway, Ireland",Senior,Senior Level,,,,https://www.themuse.com/jobs/renttherunway/technical-programme-manager,,,,,2025-04-04T23:37:33Z,mixto,description,5.0,0,2,0,1,1,False,False,False,False,False,False,False,False,False,False,False,False,False,False,False,False,False,False,False,False,False,False,False,False,False,True,True,True,2026-09-08
themuse:22086042,themuse,Europa,Lead / Principal Consultant - Data and AI,Otro,False,False,fuera_de_alcance,Celonis,"Munich, Germany",Senior,Senior Level,,,,https://www.themuse.com/jobs/celonis/lead-principal-consultant-data-and-ai,,,,,2026-08-24T19:41:20Z,mixto,description,7.0,0,2,3,3,0,True,True,False,False,False,False,False,False,False,False,False,False,False,False,False,False,False,False,False,False,False,False,False,False,False,True,True,True,2026-09-08
themuse:22005521,themuse,EE. UU. / Canadá,Principal Enterprise Architect,Otro,False,False,fuera_de_alcance,Celonis,"New York, NY",Senior,Senior Level,,,,https://www.themuse.com/jobs/celonis/principal-enterprise-architect-e93293,,,,,2026-08-25T19:37:41Z,ingenieria,description,10.0,0,0,0,3,0,True,True,False,False,False,False,False,False,False,False,False,False,True,True,True,False,False,False,False,False,False,False,False,False,False,True,True,True,2026-09-08
themuse:21895015,themuse,EE. UU. / Canadá,Field Superintendent - Instrumentation,Otro,False,False,fuera_de_alcance,Bechtel,"Fort Stockton, TX",Senior,Senior Level,,,,https://www.themuse.com/jobs/bechtel/field-superintendent-instrumentation-e04e79,,,,,2026-07-15T21:06:28Z,mixto,description,5.0,0,0,1,0,1,False,False,False,False,False,False,False,False,False,False,False,False,False,False,False,False,False,False,False,False,False,False,False,False,False,False,False,False,2026-09-08
themuse:22121282,themuse,EE. UU. / Canadá,Environmental Specialist,Otro,False,False,fuera_de_alcance,SpaceX,"Lockhart, TX",Semi Senior,Mid Level,,,,https://www.themuse.com/jobs/spacex/environmental-specialist-6ccc42,,,,,2026-09-03T18:35:07Z,mixto,description,3.0,0,0,1,0,2,False,False,False,False,False,False,False,False,False,False,False,False,False,False,False,False,False,False,False,False,False,False,False,False,False,False,True,False,2026-09-08
themuse:22093022,themuse,EE. UU. / Canadá,Senior Data Scientist,Data Scientist,True,True,titulo,The Coca-Cola Company,"Atlanta, GA",Senior,Senior Level,,,,https://www.themuse.com/jobs/thecocacolacompany/senior-data-scientist-811b49,,,,,2026-08-31T20:04:42Z,ciencia_datos,description,4.0,0,5,3,1,1,True,True,False,False,False,False,True,False,False,False,False,True,False,True,False,False,False,False,False,True,False,True,False,False,False,True,True,True,2026-09-08
themuse:21852955,themuse,EE. UU. / Canadá,"Test Technician, Silicon Assembly (Starlink)",Otro,False,False,fuera_de_alcance,SpaceX,"Lockhart, TX",Senior,Senior Level,,,,https://www.themuse.com/jobs/spacex/test-technician-silicon-assembly-starlink,,,,,2026-06-26T18:34:46Z,analitica,description,3.0,0,0,2,0,0,False,False,True,False,False,False,False,False,False,False,False,False,False,False,False,False,False,False,False,False,False,False,False,False,False,False,False,True,2026-09-08
themuse:22041218,themuse,Europa,Workforce Manager Global Operations,Otro,False,False,fuera_de_alcance,Bank of America,"Chester, United Kingdom",Senior,Senior Level,,,,https://www.themuse.com/jobs/bankofamerica/workforce-manager-global-operations,,,,,2026-09-02T02:55:58Z,analitica,description,,0,1,3,0,0,False,False,True,False,False,False,False,False,False,False,False,False,False,False,False,False,False,False,False,False,False,False,False,False,False,True,True,True,2026-09-08
themuse:21977217,themuse,EE. UU. / Canadá,"Manager, Earner Marketplace",Otro,False,False,fuera_de_alcance,Uber,"New York, NY; San Francisco, CA",Senior,Senior Level,,,,https://www.themuse.com/jobs/uber/manager-earner-marketplace,,,,,2026-07-21T00:34:46Z,mixto,description,7.0,0,1,1,0,0,False,False,False,False,False,False,False,False,False,False,False,False,False,False,False,False,False,False,False,False,False,False,False,False,False,True,True,True,2026-09-08
themuse:22054082,themuse,Europa,GTM Program Manager,Otro,False,False,fuera_de_alcance,Celonis,"London, United Kingdom",Senior,Senior Level,,,,https://www.themuse.com/jobs/celonis/gtm-program-manager-b2b7b3,,,,,2026-08-24T19:41:09Z,analitica,description,,0,0,3,0,0,False,False,False,False,False,False,False,False,False,False,False,False,False,False,False,False,False,False,False,False,False,False,False,False,False,True,True,True,2026-09-08
themuse:22118860,themuse,Otra / sin dato,"Consultant, Data & Analytics",Otro,False,False,fuera_de_alcance,The Coca-Cola Company,"Sofia, Bulgaria",Senior,Senior Level,,,,https://www.themuse.com/jobs/thecocacolacompany/consultant-data-analytics-25ec0d,,,,,2026-09-02T20:12:19Z,mixto,description,,0,0,4,5,0,True,True,True,False,False,False,False,False,False,False,False,True,False,True,False,False,False,False,False,True,False,False,False,False,False,True,True,True,2026-09-08
themuse:22007669,themuse,Otra / sin dato,Manager,Otro,False,False,fuera_de_alcance,Bank of America,"Chennai, India; Mumbai, India",Senior,Senior Level,,,,https://www.themuse.com/jobs/bankofamerica/manager-d71388,,,,,2026-09-01T02:11:44Z,mixto,description,5.0,0,1,3,0,2,True,False,False,True,True,False,False,False,False,False,False,False,False,False,False,False,False,False,False,False,False,True,False,True,False,True,True,True,2026-09-08
themuse:22082982,themuse,Otra / sin dato,Team leader,Otro,False,False,fuera_de_alcance,Bank of America,"Gurgaon, India",Senior,Senior Level,,,,https://www.themuse.com/jobs/bankofamerica/team-leader-4c1e08,,,,,2026-09-04T19:52:29Z,mixto,description,5.0,0,0,2,1,1,False,False,True,False,False,False,False,False,False,False,False,False,False,False,False,False,False,False,False,False,False,False,False,False,False,True,True,True,2026-09-08
themuse:21619850,themuse,EE. UU. / Canadá,"Supply Chain Planner, Gateway and Solar (Starlink)",Otro,False,False,fuera_de_alcance,SpaceX,"Lockhart, TX",Semi Senior,Mid Level,,,,https://www.themuse.com/jobs/spacex/supply-chain-planner-gateway-and-solar-starlink,,,,,2026-06-26T18:34:44Z,analitica,description,1.0,0,0,4,0,2,True,False,True,True,False,False,False,False,False,False,False,False,False,False,False,False,False,False,False,False,False,False,False,False,False,False,True,False,2026-09-08
themuse:22071898,themuse,LATAM,Associate Counsel I,Otro,False,False,fuera_de_alcance,Uber,"Buenos Aires, Argentina",Semi Senior,Mid Level,,,,https://www.themuse.com/jobs/uber/associate-counsel-i,,,,,2026-08-17T23:43:22Z,señal_debil,description,3.0,0,0,0,0,1,False,False,False,False,False,False,False,False,False,False,False,False,False,False,False,False,False,False,False,False,False,False,False,False,False,True,True,True,2026-09-08
themuse:21909790,themuse,Otra / sin dato,Business Support Coordinator,Otro,False,False,fuera_de_alcance,Flexport,"Phnom Penh, Cambodia",Senior,Senior Level,,,,https://www.themuse.com/jobs/flexport/business-support-coordinator,,,,,2026-08-28T19:24:41Z,mixto,description,1.0,0,0,2,1,1,False,False,False,False,False,False,False,False,False,False,False,False,False,False,False,False,False,False,False,False,False,False,False,False,False,True,True,False,2026-09-08
themuse:19110023,themuse,EE. UU. / Canadá,Senior Oracle PL / SQL Developer,Otro,False,False,fuera_de_alcance,"Uline, Inc.","Gurnee, IL",Senior,Senior Level,,,,https://www.themuse.com/jobs/ulineinc/senior-oracle-pl-sql-developer-50349e,,,,,2025-06-08T09:49:45Z,señal_debil,description,10.0,0,0,0,1,0,True,False,False,False,False,False,False,False,False,False,False,False,False,False,False,False,False,False,False,False,False,False,False,False,False,False,False,True,2026-09-08
themuse:18305636,themuse,EE. UU. / Canadá,"Dermatology Physician - Seattle, WA",Otro,False,False,fuera_de_alcance,Optum,"Manhattan, NY",Semi Senior,Mid Level,,,,https://www.themuse.com/jobs/optum/dermatology-physician-seattle-wa,,,,,2025-03-28T09:49:12Z,señal_debil,description,,0,0,1,0,0,False,False,False,False,False,False,False,False,False,False,False,False,False,False,False,False,False,False,False,False,False,False,False,False,False,False,False,True,2026-09-08
themuse:18036860,themuse,EE. UU. / Canadá,Fraud Servicing ATM Debit - 2nd Shift,Otro,False,False,fuera_de_alcance,Bank of America,"Fort Worth, TX",Semi Senior,Mid Level,,,,https://www.themuse.com/jobs/bankofamerica/fraud-servicing-atm-debit-2nd-shift-ac6a9b,,,,,2025-02-28T00:00:52Z,señal_debil,description,,0,0,1,0,0,False,False,False,False,False,False,False,False,False,False,False,False,False,False,False,False,False,False,False,False,False,False,False,False,False,True,False,True,2026-09-08
themuse:22070802,themuse,EE. UU. / Canadá,"Sourcing Specialist, LNG Capital",Otro,False,False,fuera_de_alcance,SpaceX,"Brownsville, TX; Rockledge, FL",Semi Senior,Mid Level,,,,https://www.themuse.com/jobs/spacex/sourcing-specialist-lng-capital-54e061,,,,,2026-08-17T18:59:45Z,mixto,description,1.0,0,0,2,1,1,True,False,True,True,False,False,False,False,False,False,False,False,False,False,False,False,False,False,False,False,False,False,False,False,False,True,True,False,2026-09-08
themuse:21764938,themuse,EE. UU. / Canadá,Build Specialist (Super Heavy Booster),Otro,False,False,fuera_de_alcance,SpaceX,"Brownsville, TX",Semi Senior,Mid Level,,,,https://www.themuse.com/jobs/spacex/build-specialist-super-heavy-booster-d80a3c,,,,,2026-07-20T23:47:48Z,señal_debil,description,2.0,0,0,1,0,0,True,False,True,False,False,False,False,False,False,False,False,False,False,False,False,False,False,False,False,False,False,False,False,False,False,True,True,True,2026-09-08
themuse:19014938,themuse,EE. UU. / Canadá,Animal Keeper: Elephants,Otro,False,False,fuera_de_alcance,Disney,"Four Corners, FL",Semi Senior,Mid Level,,,,https://www.themuse.com/jobs/disney/animal-keeper-elephants-0ff2c1,,,,,2025-05-19T03:55:11Z,analitica,description,,0,0,2,0,0,False,False,False,False,False,False,False,False,False,False,False,False,False,False,False,False,False,False,False,False,False,False,False,False,False,True,False,True,2026-09-08
themuse:19110011,themuse,EE. UU. / Canadá,Senior Oracle PL / SQL Developer,Otro,False,False,fuera_de_alcance,"Uline, Inc.","Sturtevant, WI",Senior,Senior Level,,,,https://www.themuse.com/jobs/ulineinc/senior-oracle-pl-sql-developer-ae8375,,,,,2025-06-08T09:49:45Z,señal_debil,description,10.0,0,0,0,1,0,True,False,False,False,False,False,False,False,False,False,False,False,False,False,False,False,False,False,False,False,False,False,False,False,False,False,False,True,2026-09-08
themuse:21894640,themuse,EE. UU. / Canadá,"Lead People Based Quality, Micron",Otro,False,False,fuera_de_alcance,Bechtel,"Baldwinsville, NY",Senior,Senior Level,,,,https://www.themuse.com/jobs/bechtel/lead-people-based-quality-micron,,,,,2026-09-03T22:02:03Z,analitica,description,10.0,0,0,4,0,0,False,False,False,False,False,False,False,False,False,False,False,False,False,False,False,False,False,False,False,False,False,False,False,False,False,True,False,True,2026-09-08
themuse:22070487,themuse,EE. UU. / Canadá,"Sr. Data Scientist, Ops Research",Data Scientist,True,True,titulo,McKesson,"Irving, TX",Senior,Senior Level,,,,https://www.themuse.com/jobs/mckesson/sr-data-scientist-ops-research-c0160d,,,,,2026-08-17T01:33:25Z,ciencia_datos,description,7.0,0,5,3,1,0,True,True,False,False,False,False,False,False,False,False,False,True,False,True,False,True,False,False,False,False,False,True,False,False,False,True,True,False,2026-09-08
themuse:22074197,themuse,EE. UU. / Canadá,Email Channel Execution (AMPscript & HTML) - Sr. Market Information Manager,Otro,False,False,fuera_de_alcance,Bank of America,"Boston, MA; Chandler, AZ; Charlotte, NC; Chicago, IL; Jacksonville, FL; New York, NY; Newark, DE; Newton, MA; North Smithfield, RI; Pennington, NJ; Plano, TX; San Francisco, CA",Senior,Senior Level,,,,https://www.themuse.com/jobs/bankofamerica/email-channel-execution-ampscript-html-sr-market-information-manager,,,,,2026-08-18T21:21:56Z,gobierno_datos,description,,0,0,1,1,3,True,False,True,False,False,False,False,False,False,False,False,False,False,False,False,False,False,False,False,False,False,False,False,False,False,False,True,True,2026-09-08
themuse:21922533,themuse,Europa,Associate Applied (AI) Value Engineer (Benelux) - Orbit Program,Otro,False,False,fuera_de_alcance,Celonis,"Madrid, Spain",Semi Senior,Mid Level,,,,https://www.themuse.com/jobs/celonis/associate-applied-ai-value-engineer-benelux-orbit-program,,,,,2026-08-24T19:40:35Z,mixto,description,1.0,0,1,0,2,0,True,True,False,False,False,False,False,True,True,False,True,True,False,False,False,False,False,False,False,False,False,False,False,True,False,True,False,True,2026-09-08
themuse:22140672,themuse,EE. UU. / Canadá,"Associate, Model Development (Hybrid Position)",Otro,False,False,fuera_de_alcance,Santander US,"Dallas, TX",Senior,Senior Level,,,,https://www.themuse.com/jobs/santanderus/associate-model-development-hybrid-position-52529f,,,,,2026-09-07T04:33:06Z,mixto,description,5.0,0,5,4,1,0,True,False,True,False,False,False,False,False,False,False,False,False,False,False,False,False,False,False,False,False,False,False,True,False,False,True,False,False,2026-09-08
themuse:22113808,themuse,EE. UU. / Canadá,Customs Specialist,Otro,False,False,fuera_de_alcance,Flexport,"Atlanta, GA; Chicago, IL; Dallas, TX; Los Angeles, CA; New York, NY",Semi Senior,Mid Level,,,,https://www.themuse.com/jobs/flexport/customs-specialist-6bba7e,,,,,2026-08-31T19:15:24Z,señal_debil,description,,0,0,0,0,1,False,False,True,False,False,False,False,False,False,False,False,False,False,False,False,False,False,False,False,False,False,False,False,False,False,True,False,False,2026-09-08
themuse:22099617,themuse,EE. UU. / Canadá,Sr. Supply Chain Planner (Launch Site),Otro,False,False,fuera_de_alcance,SpaceX,"Rockledge, FL",Senior,Senior Level,,,,https://www.themuse.com/jobs/spacex/sr-supply-chain-planner-launch-site-c51228,,,,,2026-08-26T23:42:26Z,mixto,description,1.0,0,0,3,0,2,True,False,False,False,False,False,False,False,False,False,False,False,False,False,False,False,False,False,False,False,False,False,False,False,False,True,False,False,2026-09-08
themuse:22096932,themuse,EE. UU. / Canadá,Supplier Quality Specialist (Starlink Aviation),Otro,False,False,fuera_de_alcance,SpaceX,"Woodinville, WA",Semi Senior,Mid Level,,,,https://www.themuse.com/jobs/spacex/supplier-quality-specialist-starlink-aviation,,,,,2026-08-25T23:43:10Z,analitica,description,2.0,0,0,3,0,0,False,False,False,False,False,False,False,False,False,False,False,False,False,False,False,False,False,False,False,False,False,False,False,False,False,True,True,False,2026-09-08
themuse:21444050,themuse,EE. UU. / Canadá,"Senior ML Engineer, Computer Vision - Applied AI",ML / AI Engineer,True,True,titulo,Uber,"San Francisco, CA; Seattle, WA; Sunnyvale, CA",Senior,Senior Level,,,,https://www.themuse.com/jobs/uber/senior-ml-engineer-computer-vision-applied-ai,,,,,2026-08-01T00:51:17Z,ciencia_datos,description,5.0,0,6,2,1,0,False,True,False,False,False,False,False,False,False,True,True,False,False,False,False,False,False,False,False,False,False,False,True,False,False,False,False,True,2026-09-08
themuse:18502678,themuse,EE. UU. / Canadá,Patient Technology Technician,Otro,False,False,fuera_de_alcance,UCHealth,"Colorado Springs, CO",Semi Senior,Mid Level,,,,https://www.themuse.com/jobs/uchealth/patient-technology-technician-e9da46,,,,,2025-04-12T00:47:13Z,sin_señal,description,,0,0,0,0,0,False,False,False,False,False,False,False,False,False,False,False,False,False,False,False,False,False,False,False,False,False,False,False,False,False,False,False,False,2026-09-08
themuse:21639740,themuse,EE. UU. / Canadá,"Facilities Engineer, Solar Cell Factory (Starlink)",Otro,False,False,fuera_de_alcance,SpaceX,"Lockhart, TX",Semi Senior,Mid Level,,,,https://www.themuse.com/jobs/spacex/facilities-engineer-solar-cell-factory-starlink,,,,,2026-06-26T18:34:15Z,sin_señal,description,1.0,0,0,0,0,0,False,False,False,False,False,False,False,False,False,False,False,False,False,False,False,False,False,False,False,False,False,False,False,False,False,True,False,True,2026-09-08
themuse:22093014,themuse,EE. UU. / Canadá,Senior Machine Learning Engineer (MLOPS),ML / AI Engineer,True,True,titulo,The Coca-Cola Company,"Atlanta, GA",Senior,Senior Level,,,,https://www.themuse.com/jobs/thecocacolacompany/senior-machine-learning-engineer-mlops-14e4a2,,,,,2026-08-31T20:04:41Z,mixto,description,3.0,0,4,2,3,1,False,True,False,False,False,False,False,False,False,False,False,False,True,True,True,False,False,False,True,True,False,False,False,False,True,True,False,True,2026-09-08
themuse:19110004,themuse,EE. UU. / Canadá,Senior Oracle PL / SQL Developer,Otro,False,False,fuera_de_alcance,"Uline, Inc.","Waukesha, WI",Senior,Senior Level,,,,https://www.themuse.com/jobs/ulineinc/senior-oracle-pl-sql-developer-f5e468,,,,,2025-06-08T09:49:44Z,señal_debil,description,10.0,0,0,0,1,0,True,False,False,False,False,False,False,False,False,False,False,False,False,False,False,False,False,False,False,False,False,False,False,False,False,False,False,True,2026-09-08
themuse:18038875,themuse,EE. UU. / Canadá,Supply Chain Analytics Manager,Data Analyst / BI,True,True,titulo,Cox Communications,"Norcross, GA",Senior,Senior Level,,,,https://www.themuse.com/jobs/coxcommunications/supply-chain-analytics-manager-790948,,,,,2025-04-14T06:49:14Z,analitica,description,1.0,0,1,6,1,0,True,True,True,False,True,False,True,False,False,False,False,False,False,False,False,False,False,False,False,False,False,True,False,False,False,True,True,True,2026-09-08
themuse:22094686,themuse,Europa,Principal Enterprise Architect,Otro,False,False,fuera_de_alcance,Celonis,"London, United Kingdom",Senior,Senior Level,,,,https://www.themuse.com/jobs/celonis/principal-enterprise-architect-916b18,,,,,2026-08-25T19:37:41Z,ingenieria,description,10.0,0,0,0,3,0,True,True,False,False,False,False,False,False,False,False,False,False,True,True,True,False,False,False,False,False,False,False,False,False,False,True,True,True,2026-09-08
themuse:22084676,themuse,EE. UU. / Canadá,Sr. Project Operations Analyst,Otro,False,False,fuera_de_alcance,Sunrun,"New York, NY",Senior,Senior Level,,,,https://www.themuse.com/jobs/sunrun/sr-project-operations-analyst-f12f8b,,,,,2026-08-21T04:49:14Z,mixto,description,,0,1,3,2,1,True,True,True,False,True,True,True,False,False,False,False,False,False,False,True,True,False,False,False,False,False,False,False,False,False,True,True,True,2026-09-08
themuse:17817483,themuse,EE. UU. / Canadá,"Senior Operations Manager, DashMart",Otro,False,False,fuera_de_alcance,DoorDash,"Arlington, VA; Baltimore, MD; Cleveland, OH; Washington, DC",Senior,Senior Level,,,,https://www.themuse.com/jobs/doordash/senior-operations-manager-dashmart-c2959f,,,,,2025-04-05T12:06:28Z,mixto,description,5.0,0,0,2,0,1,True,False,True,False,False,False,False,False,False,False,False,False,False,False,False,False,False,False,False,False,False,False,False,False,False,False,False,False,2026-09-08
themuse:22097033,themuse,EE. UU. / Canadá,Director Data Engineering,Data Engineer / Arquitecto,True,True,titulo,McKesson,"Mississauga, Canada",Senior,Senior Level,,,,https://www.themuse.com/jobs/mckesson/director-data-engineering-6dd904,,,,,2026-08-26T00:24:00Z,ingenieria,description,4.0,0,2,1,7,2,True,True,False,False,False,False,False,False,False,False,False,True,False,True,False,False,False,False,False,False,False,False,False,True,False,True,True,True,2026-09-08
themuse:21358019,themuse,EE. UU. / Canadá,"Sr. Technical Operations Engineer, Customer Success (Starlink)",Otro,False,False,fuera_de_alcance,SpaceX,"Redmond, WA",Senior,Senior Level,,,,https://www.themuse.com/jobs/spacex/sr-technical-operations-engineer-customer-success-starlink-4bfe17,,,,,2026-07-27T23:35:34Z,mixto,description,4.0,0,0,1,0,1,True,True,False,False,False,False,True,False,False,False,False,False,False,False,False,False,False,False,False,False,False,False,False,False,False,True,False,False,2026-09-08
themuse:21960769,themuse,EE. UU. / Canadá,Area Manager - New Grad,Otro,False,False,fuera_de_alcance,Flexport,"Bethlehem, PA",Senior,Senior Level,,,,https://www.themuse.com/jobs/flexport/area-manager-new-grad-8a95f0,,,,,2026-08-31T19:15:23Z,mixto,description,,0,0,1,0,1,True,False,True,False,False,False,False,False,False,False,False,False,False,False,False,False,False,False,False,False,False,False,False,False,False,True,True,True,2026-09-08
themuse:21965132,themuse,EE. UU. / Canadá,"Electrical Hardware Engineer, AI Satellites (Starmind)",Otro,False,False,fuera_de_alcance,SpaceX,"Lockhart, TX",Semi Senior,Mid Level,,,,https://www.themuse.com/jobs/spacex/electrical-hardware-engineer-ai-satellites-starmind,,,,,2026-08-12T23:38:36Z,sin_señal,description,1.0,0,0,0,0,0,False,True,False,False,False,False,False,False,False,False,False,False,False,False,False,False,False,False,False,False,False,False,False,False,False,False,True,True,2026-09-08
themuse:22129956,themuse,EE. UU. / Canadá,Technical Program Manager II,Otro,False,False,fuera_de_alcance,Uber,"San Francisco, CA",Senior,Senior Level,,,,https://www.themuse.com/jobs/uber/technical-program-manager-ii-65eed1,,,,,2026-09-03T21:53:43Z,señal_debil,description,,0,1,0,0,0,True,False,False,False,False,False,False,False,False,False,False,False,False,False,False,False,False,False,False,False,False,False,False,False,False,True,True,True,2026-09-08
themuse:21994080,themuse,EE. UU. / Canadá,Information Automation Specialist,Otro,False,False,fuera_de_alcance,Bechtel,"Gunnison, CO",Senior,Senior Level,,,,https://www.themuse.com/jobs/bechtel/information-automation-specialist,,,,,2026-08-12T20:27:03Z,mixto,description,2.0,0,3,7,6,2,True,True,True,True,False,False,True,False,False,False,False,True,False,True,False,False,False,False,False,True,False,False,False,False,False,True,True,True,2026-09-08
themuse:22006276,themuse,EE. UU. / Canadá,Platform Integrity Manager (Starlink),Otro,False,False,fuera_de_alcance,SpaceX,"El Segundo, CA; Lockhart, TX; Redmond, WA",Senior,Senior Level,,,,https://www.themuse.com/jobs/spacex/platform-integrity-manager-starlink-d55e8a,,,,,2026-08-20T19:06:46Z,señal_debil,description,3.0,0,0,0,0,1,True,True,False,False,False,False,True,False,False,False,False,False,False,False,False,False,False,False,False,False,False,False,False,False,False,True,True,True,2026-09-08
themuse:21841153,themuse,EE. UU. / Canadá,"Systems Analyst, Supply Chain (Starlink)",Otro,False,False,fuera_de_alcance,SpaceX,"Lockhart, TX",Semi Senior,Mid Level,,,,https://www.themuse.com/jobs/spacex/systems-analyst-supply-chain-starlink-4f1bcd,,,,,2026-06-26T18:34:44Z,analitica,description,1.0,0,2,5,1,0,True,True,True,True,True,False,False,False,False,False,False,False,False,False,False,False,False,False,False,False,False,False,False,False,False,False,True,True,2026-09-08
themuse:21866907,themuse,EE. UU. / Canadá,"Implementation Lead, Uber for Business",Otro,False,False,fuera_de_alcance,Uber,"Chicago, IL; New York, NY",Semi Senior,Mid Level,,,,https://www.themuse.com/jobs/uber/implementation-lead-uber-for-business-9c24c0,,,,,2026-07-24T00:41:58Z,mixto,description,3.0,0,0,2,1,0,False,False,False,False,False,False,False,False,False,False,False,False,False,False,False,False,False,False,False,False,False,False,False,False,False,True,True,True,2026-09-08
themuse:21894659,themuse,EE. UU. / Canadá,"Risk Administrator, Micron",Otro,False,False,fuera_de_alcance,Bechtel,"Baldwinsville, NY",Senior,Senior Level,,,,https://www.themuse.com/jobs/bechtel/risk-administrator-micron,,,,,2026-08-12T20:27:02Z,analitica,description,2.0,0,1,4,0,0,False,False,True,True,False,False,False,False,False,False,False,False,False,False,False,False,False,False,False,False,False,False,False,False,False,True,True,True,2026-09-08
themuse:21435979,themuse,EE. UU. / Canadá,"Operations Analyst, Reliability (Starship)",Otro,False,False,fuera_de_alcance,SpaceX,"Brownsville, TX",Semi Senior,Mid Level,,,,https://www.themuse.com/jobs/spacex/operations-analyst-reliability-starship,,,,,2026-07-20T23:48:54Z,analitica,description,1.0,0,2,7,3,0,True,True,False,True,True,False,False,False,False,False,False,False,False,False,False,False,False,False,False,False,False,False,False,True,False,False,False,True,2026-09-08
themuse:21632135,themuse,Otra / sin dato,Assistant Manager,Otro,False,False,fuera_de_alcance,Bank of America,"Gurgaon, India",Senior,Senior Level,,,,https://www.themuse.com/jobs/bankofamerica/assistant-manager-557c27,,,,,2026-08-26T23:41:39Z,analitica,description,5.0,0,0,7,2,1,True,False,True,False,True,False,False,False,False,False,False,False,False,False,False,False,False,False,False,False,False,False,False,False,False,True,True,True,2026-09-08
themuse:21894913,themuse,EE. UU. / Canadá,Project Site Services Superintendent,Otro,False,False,fuera_de_alcance,Bechtel,"Fort Stockton, TX",Senior,Senior Level,,,,https://www.themuse.com/jobs/bechtel/project-site-services-superintendent-3fc313,,,,,2026-07-15T21:06:27Z,mixto,description,5.0,0,1,1,0,0,False,False,False,False,False,False,False,False,False,False,False,False,False,False,False,False,False,False,False,False,False,False,False,False,False,False,True,False,2026-09-08
themuse:21894655,themuse,EE. UU. / Canadá,"Cost Manager, Micron",Otro,False,False,fuera_de_alcance,Bechtel,"Baldwinsville, NY",Senior,Senior Level,,,,https://www.themuse.com/jobs/bechtel/cost-manager-micron,,,,,2026-08-12T20:27:02Z,señal_debil,description,10.0,0,0,1,0,0,False,False,False,False,False,False,False,False,False,False,False,False,False,False,False,False,False,False,False,False,False,False,False,False,False,False,False,False,2026-09-08
themuse:22077102,themuse,Otra / sin dato,Ocean Planning Associate,Otro,False,False,fuera_de_alcance,Flexport,"Phnom Penh, Cambodia",Senior,Senior Level,,,,https://www.themuse.com/jobs/flexport/ocean-planning-associate-27e053,,,,,2026-08-28T19:24:47Z,mixto,description,5.0,0,1,2,0,1,False,False,False,False,False,False,False,False,False,False,False,False,False,False,False,False,False,False,False,False,False,False,False,False,False,True,False,False,2026-09-08
themuse:22006287,themuse,EE. UU. / Canadá,Sr. Business Analyst (Starlink Platform Integrity),Business Analyst,True,True,titulo,SpaceX,"El Segundo, CA; Lockhart, TX; Redmond, WA",Senior,Senior Level,,,,https://www.themuse.com/jobs/spacex/sr-business-analyst-starlink-platform-integrity-902dbc,,,,,2026-09-02T19:46:32Z,señal_debil,description,4.0,0,0,0,0,1,True,True,False,False,False,False,True,False,False,False,False,False,False,False,False,False,False,False,False,False,False,False,False,False,False,True,True,True,2026-09-08
themuse:22081620,themuse,EE. UU. / Canadá,Senior/Lead Data Engineer (ADB),Data Engineer / Arquitecto,True,True,titulo,Exadel,"Dublin, GA; Făgăraș, Romania; Kazanlak, Bulgaria; Nurota, Uzbekistan; Ozorków, Poland",Senior,Senior Level,,,,https://www.themuse.com/jobs/exadel/seniorlead-data-engineer-adb,,,,,2026-08-28T19:51:01Z,ingenieria,description,,0,0,0,5,0,True,True,False,False,False,False,False,True,False,False,False,True,False,True,False,False,False,False,True,True,True,False,False,True,False,True,True,True,2026-09-08
themuse:21799988,themuse,EE. UU. / Canadá,Data Engineer (Starship),Data Engineer / Arquitecto,True,True,titulo,SpaceX,"Brownsville, TX; El Segundo, CA",Semi Senior,Mid Level,,,,https://www.themuse.com/jobs/spacex/data-engineer-starship,,,,,2026-07-20T23:48:07Z,analitica,description,1.0,0,2,5,3,1,True,True,False,True,True,False,False,True,False,False,True,False,False,False,False,False,True,True,False,True,False,False,False,False,False,False,True,True,2026-09-08
themuse:22093560,themuse,EE. UU. / Canadá,Senior Technology Product Owner Cross-border/Wires payments,Otro,False,False,fuera_de_alcance,Bank of America,"Charlotte, NC; Jersey City, NJ; Pennington, NJ",Senior,Senior Level,,,,https://www.themuse.com/jobs/bankofamerica/senior-technology-product-owner-crossborderwires-payments,,,,,2026-09-04T19:52:28Z,señal_debil,description,5.0,0,0,1,0,0,False,False,False,False,False,False,False,False,False,False,False,False,False,False,False,False,False,False,False,False,False,False,False,False,False,True,True,True,2026-09-08
themuse:18410989,themuse,EE. UU. / Canadá,Oracle Cloud ERP Technical / Functional Lead - Supply Chain,Otro,False,False,fuera_de_alcance,UniFirst,"Wilmington, MA",Semi Senior,Mid Level,,,,https://www.themuse.com/jobs/unifirst/oracle-cloud-erp-technical-functional-lead-supply-chain-b16f6b,,,,,2025-04-16T09:46:52Z,mixto,description,,0,0,2,0,1,True,False,False,False,False,False,False,False,False,False,False,False,False,False,False,False,False,False,False,False,False,False,False,False,False,True,True,True,2026-09-08
themuse:21915058,themuse,EE. UU. / Canadá,Welding Superintendent,Otro,False,False,fuera_de_alcance,Bechtel,"Fort Stockton, TX",Senior,Senior Level,,,,https://www.themuse.com/jobs/bechtel/welding-superintendent-319e19,,,,,2026-09-03T22:02:07Z,mixto,description,3.0,0,1,2,0,1,False,False,True,False,False,False,False,False,False,False,False,False,False,False,False,False,False,False,False,False,False,False,False,False,False,True,False,True,2026-09-08
themuse:21602831,themuse,Otra / sin dato,MLOps Team Lead,ML / AI Engineer,True,True,titulo,Nanit,"Ramat Gan, Israel",Senior,Senior Level,,,,https://www.themuse.com/jobs/nanit/mlops-team-lead-9b85a6,,,,,2026-07-07T18:29:06Z,ciencia_datos,description,2.0,0,5,0,2,0,False,True,False,False,False,False,False,False,False,True,True,False,True,False,False,False,False,False,False,False,False,False,True,False,True,False,True,True,2026-09-08
themuse:21978739,themuse,EE. UU. / Canadá,Treasury Product Manager - AI Products & Transformation,Otro,False,False,fuera_de_alcance,Bank of America,"New York, NY",Senior,Senior Level,,,,https://www.themuse.com/jobs/bankofamerica/treasury-product-manager-ai-products-transformation,,,,,2026-07-21T19:14:41Z,mixto,description,6.0,0,3,4,2,1,False,False,False,False,False,False,False,False,False,False,False,False,False,False,False,False,False,False,False,False,False,False,False,True,False,True,True,True,2026-09-08
themuse:22133530,themuse,EE. UU. / Canadá,Loan Administrator II,Otro,False,False,fuera_de_alcance,Bank of America,"Charlotte, NC",Semi Senior,Mid Level,,,,https://www.themuse.com/jobs/bankofamerica/loan-administrator-ii-d05dc5,,,,,2026-09-04T19:52:32Z,mixto,description,,0,0,1,0,1,False,False,False,False,False,False,False,False,False,False,False,False,False,False,False,False,False,False,False,False,False,False,False,False,False,False,True,True,2026-09-08
themuse:21540192,themuse,Europa,Enterprise Architect Director,Otro,False,False,fuera_de_alcance,Celonis,"London, United Kingdom",Senior,Senior Level,,,,https://www.themuse.com/jobs/celonis/enterprise-architect-director-c68b42,,,,,2026-08-24T19:41:04Z,ingenieria,description,20.0,0,0,0,3,0,True,True,False,False,False,False,False,False,False,False,False,False,True,True,True,False,False,False,False,False,False,False,False,False,False,True,True,True,2026-09-08
themuse:21894567,themuse,EE. UU. / Canadá,CWE Operations Specialist,Otro,False,False,fuera_de_alcance,Bechtel,"Reston, VA",Senior,Senior Level,,,,https://www.themuse.com/jobs/bechtel/cwe-operations-specialist-a118e0,,,,,2026-09-03T22:01:58Z,analitica,description,2.0,0,0,3,0,0,False,False,False,False,False,False,False,False,False,False,False,False,False,False,False,False,False,False,False,False,False,False,False,False,False,True,False,False,2026-09-08
themuse:21716666,themuse,EE. UU. / Canadá,Global Supply Manager (Starlink Aviation),Otro,False,False,fuera_de_alcance,SpaceX,"Woodinville, WA",Senior,Senior Level,,,,https://www.themuse.com/jobs/spacex/global-supply-manager-starlink-aviation,,,,,2026-07-24T23:39:36Z,mixto,description,6.0,0,0,1,0,2,False,False,False,False,False,False,False,False,False,False,False,False,False,False,False,False,False,False,False,False,False,False,False,False,False,True,True,False,2026-09-08
themuse:22034592,themuse,EE. UU. / Canadá,"Field Technician, Cardinal",Otro,False,False,fuera_de_alcance,Bechtel,"Reynoldsburg, OH",Senior,Senior Level,,,,https://www.themuse.com/jobs/bechtel/field-technician-cardinal,,,,,2026-08-21T06:29:29Z,mixto,description,2.0,0,0,2,2,1,False,False,False,False,False,False,False,False,False,False,False,False,False,False,False,False,False,False,False,False,False,False,False,False,False,True,False,False,2026-09-08
themuse:21755075,themuse,EE. UU. / Canadá,"Sourcing Manager, Mechanical Commodities (Starlink) ",Otro,False,False,fuera_de_alcance,SpaceX,"Lockhart, TX; Redmond, WA",Senior,Senior Level,,,,https://www.themuse.com/jobs/spacex/sourcing-manager-mechanical-commodities-starlink-7993d1,,,,,2026-08-25T19:24:10Z,mixto,description,5.0,0,0,1,0,1,False,False,False,False,False,False,False,False,False,False,False,False,False,False,False,False,False,False,False,False,False,False,False,False,False,True,True,False,2026-09-08
themuse:18241372,themuse,EE. UU. / Canadá,"Lead Business Analyst, EFS",Business Analyst,True,True,titulo,The Friedkin Group,"Houston, TX",Senior,Senior Level,,,,https://www.themuse.com/jobs/thefriedkingroup/lead-business-analyst-efs-9dc9f6,,,,,2025-09-04T11:47:54Z,analitica,description,8.0,0,0,5,1,0,True,False,False,True,False,False,False,False,False,False,False,False,False,False,False,False,False,False,False,False,False,False,False,False,False,True,True,True,2026-09-08
themuse:21759404,themuse,EE. UU. / Canadá,Sr. Global Supply Manager (Starlink),Otro,False,False,fuera_de_alcance,SpaceX,"Redmond, WA",Senior,Senior Level,,,,https://www.themuse.com/jobs/spacex/sr-global-supply-manager-starlink-f2d3c2,,,,,2026-06-26T18:34:37Z,señal_debil,description,9.0,0,0,1,0,0,False,False,False,False,False,False,False,False,False,False,False,False,False,False,False,False,False,False,False,False,False,False,False,False,False,True,True,True,2026-09-08
themuse:21754346,themuse,EE. UU. / Canadá,"Sr. AI Engineer, Special Programs",ML / AI Engineer,True,True,titulo,SpaceX,"Palo Alto, CA; Washington, DC",Senior,Senior Level,,,,https://www.themuse.com/jobs/spacex/sr-ai-engineer-special-programs,,,,,2026-09-02T19:46:28Z,mixto,description,2.0,0,1,0,1,0,False,True,False,False,False,False,False,False,False,False,False,False,True,True,True,False,False,False,True,False,False,False,False,True,False,True,True,True,2026-09-08
themuse:22101594,themuse,EE. UU. / Canadá,Sourcing Manager (Starship Launch Pad) ,Otro,False,False,fuera_de_alcance,SpaceX,"Rockledge, FL",Senior,Senior Level,,,,https://www.themuse.com/jobs/spacex/sourcing-manager-starship-launch-pad,,,,,2026-08-27T19:24:21Z,mixto,description,3.0,0,0,2,0,2,True,False,True,True,False,False,False,False,False,False,False,False,False,False,False,False,False,False,False,False,False,False,False,False,False,True,True,False,2026-09-08
themuse:21846690,themuse,EE. UU. / Canadá,Data Scientist II,Data Scientist,True,True,titulo,Bank of America,"Charlotte, NC; New York, NY",Senior,Senior Level,,,,https://www.themuse.com/jobs/bankofamerica/data-scientist-ii-c76d02,,,,,2026-06-13T19:14:21Z,ciencia_datos,description,3.0,0,6,2,0,0,False,True,True,False,False,False,False,False,False,False,False,False,False,False,False,False,False,False,False,False,False,False,False,True,False,True,True,True,2026-09-08
themuse:22131092,themuse,EE. UU. / Canadá,LOTO Coordinator,Otro,False,False,fuera_de_alcance,Bechtel,"Oak Ridge, TN",Senior,Senior Level,,,,https://www.themuse.com/jobs/bechtel/loto-coordinator-97ece7,,,,,2026-09-06T21:29:54Z,mixto,description,5.0,0,0,2,0,1,False,False,False,False,False,False,False,False,False,False,False,False,False,False,False,False,False,False,False,False,False,False,False,False,False,True,False,False,2026-09-08
themuse:22093051,themuse,Europa,Intern Technology & Management Consulting (Value Engineering),Otro,False,False,fuera_de_alcance,Celonis,"Paris, France",Sin experiencia,Internship,,,,https://www.themuse.com/jobs/celonis/intern-technology-management-consulting-value-engineering,,,,,2026-09-04T18:37:48Z,mixto,description,,0,0,2,1,0,True,False,False,False,False,False,False,False,False,False,False,False,False,False,False,False,False,False,False,False,False,False,False,False,False,True,True,True,2026-09-08
themuse:22005479,themuse,EE. UU. / Canadá,"Operations Engineer, Applied AI (Application Software) ",Otro,False,False,fuera_de_alcance,SpaceX,"Brownsville, TX; El Segundo, CA; Lockhart, TX; Lompoc, CA; Redmond, WA; Rockledge, FL; Waco, TX",Semi Senior,Mid Level,,,,https://www.themuse.com/jobs/spacex/operations-engineer-applied-ai-application-software,,,,,2026-09-02T19:45:56Z,señal_debil,description,1.0,0,1,0,0,0,False,False,False,False,False,False,False,False,False,False,False,False,False,False,False,False,False,False,False,False,False,False,False,True,False,False,True,True,2026-09-08
themuse:22087451,themuse,EE. UU. / Canadá,Data Scientist I,Data Scientist,True,True,titulo,Bank of America,"Charlotte, NC; New York, NY",Semi Senior,Mid Level,,,,https://www.themuse.com/jobs/bankofamerica/data-scientist-i-0d738c,,,,,2026-08-21T22:20:45Z,ciencia_datos,description,3.0,0,7,1,1,0,False,True,False,False,False,False,False,False,False,False,False,False,False,False,False,False,False,False,False,False,False,True,False,True,False,True,True,True,2026-09-08
themuse:22123616,themuse,EE. UU. / Canadá,"Sr Data Architect -  AI Controls, Governance & Capabilities",Data Engineer / Arquitecto,True,True,titulo,Bank of America,"Charlotte, NC",Senior,Senior Level,,,,https://www.themuse.com/jobs/bankofamerica/sr-data-architect-ai-controls-governance-capabilities,,,,,2026-09-03T19:34:47Z,mixto,description,10.0,0,1,2,3,2,False,False,False,False,False,False,False,False,False,False,False,False,False,False,False,False,False,False,False,False,False,False,False,True,False,True,True,True,2026-09-08
themuse:22063965,themuse,Otra / sin dato,Team Leader,Otro,False,False,fuera_de_alcance,Bank of America,"Mumbai, India",Semi Senior,Mid Level,,,,https://www.themuse.com/jobs/bankofamerica/team-leader-10a6a8,,,,,2026-08-14T20:47:29Z,analitica,description,,0,1,4,0,2,True,False,True,False,True,False,False,False,False,False,False,False,False,False,False,False,False,False,False,False,False,False,False,True,False,True,True,True,2026-09-08
themuse:21981718,themuse,EE. UU. / Canadá,"Sr. Supplier Quality Specialist, Data Center (Starlink)",Otro,False,False,fuera_de_alcance,SpaceX,"Horn Lake, MS; Lockhart, TX",Senior,Senior Level,,,,https://www.themuse.com/jobs/spacex/sr-supplier-quality-specialist-data-center-starlink,,,,,2026-09-02T19:46:56Z,analitica,description,4.0,0,0,2,0,0,True,False,True,False,False,False,False,False,False,False,False,False,False,False,False,False,False,False,False,False,False,False,False,False,False,False,True,False,2026-09-08
themuse:22039726,themuse,Europa,Training Specialist (Portuguese Speaker),Otro,False,False,fuera_de_alcance,Celonis,"Madrid, Spain",Semi Senior,Mid Level,,,,https://www.themuse.com/jobs/celonis/training-specialist-portuguese-speaker,,,,,2026-08-24T19:41:55Z,señal_debil,description,,0,0,1,0,0,False,False,False,False,False,False,False,False,False,False,False,False,False,False,False,False,False,False,False,False,False,False,False,False,False,True,True,True,2026-09-08
themuse:21643612,themuse,EE. UU. / Canadá,"Electrician, Solar Cells (Starlink) - Day Shift",Otro,False,False,fuera_de_alcance,SpaceX,"Lockhart, TX",Semi Senior,Mid Level,,,,https://www.themuse.com/jobs/spacex/electrician-solar-cells-starlink-day-shift,,,,,2026-06-26T18:34:13Z,señal_debil,description,3.0,0,0,0,0,1,False,False,False,False,False,False,False,False,False,False,False,False,True,False,False,False,False,False,False,False,False,False,False,False,False,True,False,True,2026-09-08
themuse:18428399,themuse,EE. UU. / Canadá,Category Manager,Otro,False,False,fuera_de_alcance,Sunrun,"San Francisco, CA",Senior,Senior Level,,,,https://www.themuse.com/jobs/sunrun/category-manager-c90c17,,,,,2025-04-05T12:42:12Z,mixto,description,3.0,0,1,2,0,1,False,False,False,False,False,False,False,False,False,False,False,False,False,False,False,False,False,False,False,False,False,False,False,False,False,True,True,True,2026-09-08
themuse:21846685,themuse,EE. UU. / Canadá,Equity Research Associate - Packaging & Paper/Forest Products,Otro,False,False,fuera_de_alcance,Bank of America,"New York, NY",Senior,Senior Level,,,,https://www.themuse.com/jobs/bankofamerica/equity-research-associate-packaging-paperforest-products,,,,,2026-06-13T19:14:21Z,mixto,description,1.0,0,2,3,0,0,False,False,True,False,False,False,False,False,False,False,False,False,False,False,False,False,False,False,False,False,False,True,False,False,False,True,False,True,2026-09-08
themuse:22000324,themuse,Europa,Intern Legal Operations and Technology,Otro,False,False,fuera_de_alcance,Celonis,"Madrid, Spain",Sin experiencia,Internship,,,,https://www.themuse.com/jobs/celonis/intern-legal-operations-and-technology,,,,,2026-09-08T18:37:33Z,mixto,description,,0,0,1,1,1,False,False,False,False,False,False,False,False,False,False,False,False,False,False,False,False,False,False,False,False,False,False,False,True,False,True,True,True,2026-09-08
themuse:22104602,themuse,EE. UU. / Canadá,Security UAS Specialist - Memphis,Otro,False,False,fuera_de_alcance,SpaceX,"Memphis, TN",Semi Senior,Mid Level,,,,https://www.themuse.com/jobs/spacex/security-uas-specialist-memphis,,,,,2026-09-04T18:35:54Z,sin_señal,description,,0,0,0,0,0,False,False,False,False,False,False,False,False,False,False,False,False,False,False,False,False,False,False,False,False,False,False,False,False,False,True,False,True,2026-09-08
themuse:19202193,themuse,Otra / sin dato,NP - Family Medicine,Otro,False,False,fuera_de_alcance,Christus Health,"Brookings, SD",Semi Senior,Mid Level,,,,https://www.themuse.com/jobs/christushealth/np-family-medicine,,,,,2025-07-04T11:44:09Z,sin_señal,description,,0,0,0,0,0,False,False,False,False,False,False,False,False,False,False,False,False,False,False,False,False,False,False,False,False,False,False,False,False,False,False,False,False,2026-09-08
themuse:22101639,themuse,Europa,Associate (AI) Solution Consultant (UK) - Orbit Program,Otro,False,False,fuera_de_alcance,Celonis,"Madrid, Spain",Semi Senior,Mid Level,,,,https://www.themuse.com/jobs/celonis/associate-ai-solution-consultant-uk-orbit-program,,,,,2026-09-03T18:36:48Z,mixto,description,1.0,0,1,0,2,0,True,True,False,False,False,False,False,True,True,False,True,True,False,False,False,False,False,False,False,False,False,False,False,True,False,True,False,True,2026-09-08
themuse:22036541,themuse,Europa,Operations Performance Manager,Otro,False,False,fuera_de_alcance,Bank of America,"Orpington, United Kingdom",Senior,Senior Level,,,,https://www.themuse.com/jobs/bankofamerica/operations-performance-manager,,,,,2026-08-06T19:18:21Z,analitica,description,,0,0,7,1,0,False,False,True,True,True,False,False,False,False,False,False,False,False,False,False,False,False,False,False,False,False,False,False,False,False,True,True,True,2026-09-08
themuse:22049848,themuse,EE. UU. / Canadá,Senior Product Pricing Manager,Otro,False,False,fuera_de_alcance,Celonis,"New York, NY",Senior,Senior Level,,,,https://www.themuse.com/jobs/celonis/senior-product-pricing-manager-17ed60,,,,,2026-08-25T19:37:44Z,mixto,description,3.0,0,1,2,1,0,True,True,True,False,False,False,False,False,False,False,False,False,False,False,False,False,False,False,False,False,False,True,False,True,False,False,False,True,2026-09-08
themuse:21956352,themuse,Europa,"Operations Manager, Autonomous Mobility, Uber DACH",Otro,False,False,fuera_de_alcance,Uber,"Berlin, Germany",Senior,Senior Level,,,,https://www.themuse.com/jobs/uber/operations-manager-autonomous-mobility-uber-dach,,,,,2026-07-16T00:42:01Z,sin_señal,description,4.0,0,0,0,0,0,True,False,False,False,False,False,False,False,False,False,False,False,False,False,False,False,False,False,False,False,False,False,False,False,False,False,True,True,2026-09-08
themuse:22058245,themuse,EE. UU. / Canadá,"Regulatory Analyst, Product (Starlink)",Otro,False,False,fuera_de_alcance,SpaceX,"Washington, DC",Semi Senior,Mid Level,,,,https://www.themuse.com/jobs/spacex/regulatory-analyst-product-starlink,,,,,2026-09-02T19:46:09Z,mixto,description,2.0,0,0,0,1,1,True,False,False,False,False,False,False,False,False,False,False,False,False,False,False,False,False,False,False,False,False,False,False,False,False,True,True,False,2026-09-08
themuse:18038964,themuse,EE. UU. / Canadá,Supply Chain Analytics Manager,Data Analyst / BI,True,True,titulo,Cox Communications,"Morrow, GA",Senior,Senior Level,,,,https://www.themuse.com/jobs/coxcommunications/supply-chain-analytics-manager-dbc668,,,,,2025-04-14T06:49:14Z,analitica,description,1.0,0,1,6,1,0,True,True,True,False,True,False,True,False,False,False,False,False,False,False,False,False,False,False,False,False,False,True,False,False,False,True,True,True,2026-09-08
themuse:22070572,themuse,EE. UU. / Canadá,"Manager, Data Analytics",Data Analyst / BI,True,True,titulo,McKesson,"Atlanta, GA",Senior,Senior Level,,,,https://www.themuse.com/jobs/mckesson/manager-data-analytics-cb6688,,,,,2026-08-17T01:33:25Z,mixto,description,7.0,0,1,4,5,0,True,True,False,True,True,True,False,False,False,False,False,True,False,False,False,True,False,False,False,False,False,False,False,False,False,True,True,False,2026-09-08
themuse:21613264,themuse,EE. UU. / Canadá,Principal Enterprise Architect,Otro,False,False,fuera_de_alcance,Celonis,"New York, NY",Senior,Senior Level,,,,https://www.themuse.com/jobs/celonis/principal-enterprise-architect-aa45cc,,,,,2026-08-25T19:37:40Z,ingenieria,description,10.0,0,0,0,3,0,True,True,False,False,False,False,False,False,False,False,False,False,True,True,True,False,False,False,False,False,False,False,False,False,False,True,True,True,2026-09-08
themuse:22024068,themuse,EE. UU. / Canadá,Sr. Compensation Analyst,Otro,False,False,fuera_de_alcance,SpaceX,"El Segundo, CA",Senior,Senior Level,,,,https://www.themuse.com/jobs/spacex/sr-compensation-analyst-bd71d1,,,,,2026-08-03T18:39:09Z,mixto,description,4.0,0,0,2,1,0,False,False,True,False,False,False,False,False,False,False,False,False,False,False,False,False,False,False,False,False,False,False,False,False,False,True,False,False,2026-09-08
themuse:22083002,themuse,Otra / sin dato,Manager,Otro,False,False,fuera_de_alcance,Bank of America,"Chennai, India; Mumbai, India",Senior,Senior Level,,,,https://www.themuse.com/jobs/bankofamerica/manager-4aef7e,,,,,2026-08-20T22:17:33Z,analitica,description,5.0,0,3,8,2,2,True,True,False,False,True,False,False,False,False,False,False,False,False,False,False,False,False,False,False,False,False,False,False,False,False,True,True,True,2026-09-08
themuse:22118661,themuse,EE. UU. / Canadá,"Sourcing Manager, Rack Components, Electronics (Starlink)",Otro,False,False,fuera_de_alcance,SpaceX,"Austin, TX",Senior,Senior Level,,,,https://www.themuse.com/jobs/spacex/sourcing-manager-rack-components-electronics-starlink,,,,,2026-09-02T19:46:24Z,señal_debil,description,4.0,0,0,1,0,0,False,False,False,False,False,False,False,False,False,False,False,False,False,False,False,False,False,False,False,False,False,False,False,False,False,False,True,True,2026-09-08
themuse:22010375,themuse,Europa,Working Student Corporate Law Specialist,Otro,False,False,fuera_de_alcance,Celonis,"Munich, Germany",Semi Senior,Mid Level,,,,https://www.themuse.com/jobs/celonis/working-student-corporate-law-specialist,,,,,2026-08-24T19:41:59Z,mixto,description,,0,0,2,1,1,False,False,False,False,False,False,False,False,False,False,False,False,False,False,False,False,False,False,False,False,False,False,False,False,False,True,True,True,2026-09-08
themuse:22129943,themuse,EE. UU. / Canadá,Program Manager,Otro,False,False,fuera_de_alcance,Uber,"New York, NY",Senior,Senior Level,,,,https://www.themuse.com/jobs/uber/program-manager-2cb5d1,,,,,2026-09-03T21:53:43Z,mixto,description,3.0,0,2,3,3,1,False,True,False,False,False,False,False,True,True,False,True,False,False,False,True,False,False,False,False,False,False,False,False,True,False,True,True,True,2026-09-08
themuse:21607467,themuse,EE. UU. / Canadá,"Sr. Software Engineer, Computer Vision",Otro,False,False,fuera_de_alcance,SpaceX,"El Segundo, CA",Senior,Senior Level,,,,https://www.themuse.com/jobs/spacex/sr-software-engineer-computer-vision-1a3077,,,,,2026-06-26T18:34:40Z,mixto,description,3.0,0,4,0,3,0,False,True,False,False,False,False,False,False,False,False,True,False,False,False,False,False,True,False,True,False,False,False,True,True,False,False,False,True,2026-09-08
themuse:22131784,themuse,EE. UU. / Canadá,"RGM Product Manager, AI Engineering",Otro,False,False,fuera_de_alcance,The Coca-Cola Company,"Atlanta, GA",Senior,Senior Level,,,,https://www.themuse.com/jobs/thecocacolacompany/rgm-product-manager-ai-engineering,,,,,2026-09-05T18:37:28Z,ingenieria,description,8.0,0,3,3,5,1,True,True,False,False,False,False,False,True,False,False,False,True,False,True,False,False,False,False,False,False,False,False,False,True,False,True,True,False,2026-09-08
themuse:22070601,themuse,EE. UU. / Canadá,"Manager, Claims Operations - Auto Claims",Otro,False,False,fuera_de_alcance,USAA,"Colorado Springs, CO",Senior,Senior Level,,,,https://www.themuse.com/jobs/usaa/manager-claims-operations-auto-claims-22c2d5,,,,,2026-08-17T01:33:25Z,señal_debil,description,2.0,0,0,0,0,1,False,False,False,False,False,False,False,False,False,False,False,False,False,False,False,False,False,False,False,False,False,False,False,False,False,False,True,False,2026-09-08
themuse:21840684,themuse,Otra / sin dato,Senior Product Manager - AI Quality,Otro,False,False,fuera_de_alcance,Uber,"Bangalore, India",Senior,Senior Level,,,,https://www.themuse.com/jobs/uber/senior-product-manager-ai-quality,,,,,2026-09-03T21:53:43Z,mixto,description,2.0,0,2,1,1,0,False,False,False,False,False,False,False,False,False,False,False,False,False,False,False,False,False,False,False,False,False,False,False,True,False,True,True,True,2026-09-08
themuse:21948889,themuse,EE. UU. / Canadá,"Sourcing Manager, Behind-the-meter (BTM) Transmission (Starlink)",Otro,False,False,fuera_de_alcance,SpaceX,"Austin, TX",Senior,Senior Level,,,,https://www.themuse.com/jobs/spacex/sourcing-manager-behindthemeter-btm-transmission-starlink,,,,,2026-07-15T18:42:58Z,mixto,description,3.0,0,1,1,0,1,False,False,False,False,False,False,False,False,False,False,False,False,False,False,False,False,False,False,False,False,False,False,False,False,False,False,True,True,2026-09-08
themuse:22140617,themuse,EE. UU. / Canadá,Information Governance Advisor Senior,Otro,False,False,fuera_de_alcance,USAA,"San Antonio, TX",Senior,Senior Level,,,,https://www.themuse.com/jobs/usaa/information-governance-advisor-senior-dbdfba,,,,,2026-09-07T04:33:06Z,mixto,description,2.0,0,0,2,0,3,False,False,False,False,False,False,False,False,False,False,False,False,False,False,False,False,False,False,False,False,False,False,False,False,False,True,True,True,2026-09-08
themuse:21947346,themuse,EE. UU. / Canadá,Mechanical Engineer (Data Center MEP Systems),Otro,False,False,fuera_de_alcance,SpaceX,"Brownsville, TX",Senior,Senior Level,,,,https://www.themuse.com/jobs/spacex/mechanical-engineer-data-center-mep-systems,,,,,2026-07-20T23:48:40Z,mixto,description,5.0,0,0,0,1,1,False,False,False,False,False,False,False,False,False,False,False,False,False,False,False,False,True,False,False,False,False,False,False,False,False,False,False,False,2026-09-08
themuse:21915398,themuse,EE. UU. / Canadá,"Sourcing Manager, Datacenter (Starlink)",Otro,False,False,fuera_de_alcance,SpaceX,"Austin, TX",Senior,Senior Level,,,,https://www.themuse.com/jobs/spacex/sourcing-manager-datacenter-starlink,,,,,2026-07-03T18:35:32Z,señal_debil,description,4.0,0,0,1,0,0,False,False,False,False,False,False,False,False,False,False,False,False,False,False,False,False,False,False,False,False,False,False,False,False,False,False,True,True,2026-09-08
themuse:22118764,themuse,Europa,Global Sales Excellence Leader,Otro,False,False,fuera_de_alcance,Celonis,"London, United Kingdom",Semi Senior,Mid Level,,,,https://www.themuse.com/jobs/celonis/global-sales-excellence-leader,,,,,2026-09-03T18:36:48Z,mixto,description,,0,0,2,1,0,False,False,False,False,False,False,False,False,False,False,False,False,False,False,False,False,False,False,False,False,False,False,False,False,False,True,True,True,2026-09-08
themuse:21857286,themuse,EE. UU. / Canadá,Senior Hardware R&D Technician - AV Labs,Otro,False,False,fuera_de_alcance,Uber,"Sunnyvale, CA",Senior,Senior Level,,,,https://www.themuse.com/jobs/uber/senior-hardware-rd-technician-av-labs,,,,,2026-08-21T06:22:29Z,sin_señal,description,3.0,0,0,0,0,0,False,False,False,False,False,False,False,False,False,False,False,False,False,False,False,False,False,False,False,False,False,False,False,False,False,True,False,True,2026-09-08
themuse:14732196,themuse,EE. UU. / Canadá,Risk Analysis Sr. Manager,Otro,False,False,fuera_de_alcance,Bank of America,"Charlotte, NC; New York, NY",Senior,Senior Level,,,,https://www.themuse.com/jobs/bankofamerica/risk-analysis-sr-manager-e3e28a,,,,,2025-03-19T23:58:42Z,analitica,description,4.0,0,1,5,0,2,True,True,False,False,False,False,False,False,False,False,False,False,False,False,False,False,False,False,False,False,False,False,False,False,False,False,True,True,2026-09-08
themuse:18551520,themuse,Otra / sin dato,"Associate Manager, Customer Data & Analytics",Otro,False,False,fuera_de_alcance,The Coca-Cola Company,"Shanghai, China",Senior,Senior Level,,,,https://www.themuse.com/jobs/thecocacolacompany/associate-manager-customer-data-analytics,,,,,2025-04-16T23:36:55Z,analitica,description,3.0,0,2,6,0,0,False,False,False,False,False,False,False,False,False,False,False,False,False,False,False,False,False,False,False,False,False,False,False,False,False,False,True,True,2026-09-08
themuse:22113914,themuse,EE. UU. / Canadá,"Senior Paralegal, Marketing Legal",Otro,False,False,fuera_de_alcance,The Coca-Cola Company,"Atlanta, GA",Senior,Senior Level,,,,https://www.themuse.com/jobs/thecocacolacompany/senior-paralegal-marketing-legal,,,,,2026-08-31T20:04:42Z,mixto,description,5.0,0,0,1,1,1,False,False,True,False,False,False,False,False,False,False,False,False,False,False,False,False,False,False,False,False,False,False,False,False,False,True,True,True,2026-09-08
themuse:21821013,themuse,EE. UU. / Canadá,"Production Scheduler, Starship",Otro,False,False,fuera_de_alcance,SpaceX,"El Segundo, CA",Semi Senior,Mid Level,,,,https://www.themuse.com/jobs/spacex/production-scheduler-starship-0825f1,,,,,2026-06-26T18:34:29Z,analitica,description,1.0,0,0,2,0,0,True,False,False,True,False,False,False,False,False,False,False,False,False,False,False,False,False,False,False,False,False,False,False,False,False,True,True,True,2026-09-08
themuse:21881039,themuse,EE. UU. / Canadá,People and Talent Operations Lead,Otro,False,False,fuera_de_alcance,GlossGenius,"New York, NY",Senior,Senior Level,,,,https://www.themuse.com/jobs/glossgenius/people-and-talent-operations-lead-f6448e,,,,,2026-07-18T18:32:03Z,analitica,description,5.0,0,1,3,1,0,False,False,True,False,False,False,False,False,False,False,False,False,False,False,False,False,False,False,False,False,False,False,False,False,False,True,True,False,2026-09-08
themuse:21980859,themuse,EE. UU. / Canadá,ESH Area Lead,Otro,False,False,fuera_de_alcance,Bechtel,"Fort Stockton, TX",Senior,Senior Level,,,,https://www.themuse.com/jobs/bechtel/esh-area-lead,,,,,2026-09-03T22:02:07Z,mixto,description,5.0,0,0,2,0,1,False,False,False,False,False,False,False,False,False,False,False,False,False,False,False,False,False,False,False,False,False,False,False,False,False,True,False,False,2026-09-08
themuse:21731030,themuse,LATAM,"Retail Account Manager, Strategic Partners",Otro,False,False,fuera_de_alcance,Uber,"Santa Ana, Costa Rica",Senior,Senior Level,,,,https://www.themuse.com/jobs/uber/retail-account-manager-strategic-partners,,,,,2026-08-05T00:35:03Z,analitica,description,5.0,0,0,7,0,0,False,False,True,True,True,False,False,False,False,False,False,False,False,False,False,False,False,False,False,False,False,False,False,False,False,True,True,True,2026-09-08
themuse:19309475,themuse,EE. UU. / Canadá,Senior Analyst - Operations,Otro,False,False,fuera_de_alcance,"Uline, Inc.","Sturtevant, WI",Senior,Senior Level,,,,https://www.themuse.com/jobs/ulineinc/senior-analyst-operations-38b2a9,,,,,2025-07-21T03:52:54Z,señal_debil,description,5.0,0,0,1,0,0,True,False,True,False,False,False,False,False,False,False,False,False,False,False,False,False,False,False,False,False,False,False,False,False,False,True,True,True,2026-09-08
themuse:22011631,themuse,EE. UU. / Canadá,Product Manager - Identity and Access Management (IAM) Identity/Access Lead,Otro,False,False,fuera_de_alcance,Bank of America,"Chicago, IL; Denver, CO; Washington, DC",Senior,Senior Level,,,,https://www.themuse.com/jobs/bankofamerica/product-manager-identity-and-access-management-iam-identityaccess-lead-cd7531,,,,,2026-08-21T22:20:30Z,mixto,description,7.0,0,0,1,0,1,False,False,False,False,False,False,False,False,False,False,False,False,False,False,False,False,False,False,False,False,False,False,False,False,False,True,True,True,2026-09-08
themuse:18019782,themuse,Otra / sin dato,"Data Analyst, Labs",Data Analyst / BI,True,True,titulo,DoorDash,"Hyderabad, India",Senior,Senior Level,,,,https://www.themuse.com/jobs/doordash/data-analyst-labs,,,,,2025-04-03T12:10:23Z,analitica,description,3.0,0,0,5,2,0,True,True,True,False,False,False,False,False,False,False,False,False,True,False,False,True,False,False,False,False,False,False,False,False,False,False,True,False,2026-09-08
themuse:22094685,themuse,Europa,Principal Enterprise Architect,Otro,False,False,fuera_de_alcance,Celonis,"London, United Kingdom",Senior,Senior Level,,,,https://www.themuse.com/jobs/celonis/principal-enterprise-architect-e5ab57,,,,,2026-08-25T19:37:42Z,ingenieria,description,10.0,0,0,0,3,0,True,True,False,False,False,False,False,False,False,False,False,False,True,True,True,False,False,False,False,False,False,False,False,False,False,True,True,True,2026-09-08
themuse:22014324,themuse,EE. UU. / Canadá,"Application Software Engineer, Applied AI",Otro,False,False,fuera_de_alcance,SpaceX,"Brownsville, TX; El Segundo, CA; Lockhart, TX; Lompoc, CA; Redmond, WA; Rockledge, FL; Waco, TX",Semi Senior,Mid Level,,,,https://www.themuse.com/jobs/spacex/application-software-engineer-applied-ai-05cab8,,,,,2026-09-02T19:44:19Z,mixto,description,1.0,0,2,1,2,0,True,True,False,False,False,False,False,False,False,False,False,False,False,False,False,False,False,False,True,False,False,False,False,True,False,False,False,True,2026-09-08
themuse:18241374,themuse,EE. UU. / Canadá,"Lead Business Analyst, EFS",Business Analyst,True,True,titulo,The Friedkin Group,"Houston, TX",Senior,Senior Level,,,,https://www.themuse.com/jobs/thefriedkingroup/lead-business-analyst-efs-c8f780,,,,,2025-09-04T11:47:54Z,analitica,description,8.0,0,0,5,1,0,True,False,False,True,False,False,False,False,False,False,False,False,False,False,False,False,False,False,False,False,False,False,False,False,False,True,True,True,2026-09-08
themuse:22099659,themuse,Otra / sin dato,"Vice President, Security Detection & Response, Global Information Security",Otro,False,False,fuera_de_alcance,Bank of America,"Sydney, Australia",Senior,Senior Level,,,,https://www.themuse.com/jobs/bankofamerica/vice-president-security-detection-response-global-information-security,,,,,2026-08-26T23:41:44Z,mixto,description,,0,0,2,2,0,True,False,False,False,False,False,False,False,False,False,False,False,False,False,False,False,False,False,False,False,False,False,False,False,False,True,True,True,2026-09-08
themuse:22074175,themuse,EE. UU. / Canadá,Sr Data Engineer,Data Engineer / Arquitecto,True,True,titulo,Bank of America,"Charlotte, NC; New York, NY",Senior,Senior Level,,,,https://www.themuse.com/jobs/bankofamerica/sr-data-engineer,,,,,2026-08-24T22:59:52Z,ingenieria,description,5.0,0,1,4,6,2,True,True,False,True,True,False,False,False,False,False,False,True,False,False,False,True,True,True,False,True,False,True,False,True,False,True,True,True,2026-09-08
themuse:18726092,themuse,EE. UU. / Canadá,Data Scientist I,Data Scientist,True,True,titulo,Bank of America,"Boston, MA; Chandler, AZ; Charlotte, NC; Chicago, IL; Jacksonville, FL; Kennesaw, GA; New York, NY; Newark, DE; Phoenix, AZ; Plano, TX; Richmond, VA; Tampa, FL",Senior,Senior Level,,,,https://www.themuse.com/jobs/bankofamerica/data-scientist-i-6f3891,,,,,2025-05-19T23:56:39Z,mixto,description,3.0,0,4,5,2,2,True,True,False,False,False,False,False,False,False,False,False,False,False,False,False,False,False,False,False,False,False,False,False,False,False,True,True,True,2026-09-08
themuse:21874430,themuse,Otra / sin dato,"Assistant Vice Presedent - Operations Team Lead, Global Payment Operations",Otro,False,False,fuera_de_alcance,Bank of America,"Bangkok, Thailand",Senior,Senior Level,,,,https://www.themuse.com/jobs/bankofamerica/assistant-vice-presedent-operations-team-lead-global-payment-operations,,,,,2026-08-21T22:20:37Z,mixto,description,3.0,0,0,2,0,1,False,False,False,False,False,False,False,False,False,False,False,False,False,False,False,False,False,False,False,False,False,False,False,False,False,True,True,True,2026-09-08
themuse:21876986,themuse,Otra / sin dato,"Treasury Sales Analyst/Associate (Corporate Sales), Global Payments Solutions - Japan",Otro,False,False,fuera_de_alcance,Bank of America,"Tokyo, Japan",Senior,Senior Level,,,,https://www.themuse.com/jobs/bankofamerica/treasury-sales-analystassociate-corporate-sales-global-payments-solutions-japan,,,,,2026-06-23T19:29:09Z,mixto,description,,0,0,1,0,1,False,False,False,False,False,False,False,False,False,False,False,False,False,False,False,False,False,False,False,False,False,False,False,False,False,True,True,True,2026-09-08
themuse:21540195,themuse,Europa,Enterprise Architect Director,Otro,False,False,fuera_de_alcance,Celonis,"London, United Kingdom",Senior,Senior Level,,,,https://www.themuse.com/jobs/celonis/enterprise-architect-director-ad726a,,,,,2026-08-24T19:41:04Z,ingenieria,description,20.0,0,0,0,3,0,True,True,False,False,False,False,False,False,False,False,False,False,True,True,True,False,False,False,False,False,False,False,False,False,False,True,True,True,2026-09-08
themuse:22034586,themuse,EE. UU. / Canadá,AI Solutions Architect,Otro,False,False,fuera_de_alcance,Bechtel,"Gunnison, CO; Reston, VA",Senior,Senior Level,,,,https://www.themuse.com/jobs/bechtel/ai-solutions-architect,,,,,2026-09-06T21:29:54Z,mixto,description,3.0,0,0,1,2,1,False,False,False,False,False,False,False,False,False,False,False,True,False,True,False,False,False,False,False,False,False,False,False,False,False,True,True,False,2026-09-08
themuse:21852304,themuse,EE. UU. / Canadá,Program Lead: Product Operations - AI Observability,Otro,False,False,fuera_de_alcance,Uber,"Sunnyvale, CA",Senior,Senior Level,,,,https://www.themuse.com/jobs/uber/program-lead-product-operations-ai-observability-5b9c7b,,,,,2026-09-03T21:53:35Z,mixto,description,5.0,0,2,3,2,0,False,False,False,False,False,False,False,False,False,False,False,False,False,False,False,False,False,False,False,False,False,False,False,True,False,True,True,True,2026-09-08
themuse:22002217,themuse,EE. UU. / Canadá,"Sr. Supplier Quality Specialist, Data Center (Starlink) - Memphis",Otro,False,False,fuera_de_alcance,SpaceX,"Horn Lake, MS; Lockhart, TX",Senior,Senior Level,,,,https://www.themuse.com/jobs/spacex/sr-supplier-quality-specialist-data-center-starlink-memphis,,,,,2026-09-04T18:35:55Z,analitica,description,4.0,0,0,2,0,0,True,False,True,False,False,False,False,False,False,False,False,False,False,False,False,False,False,False,False,False,False,False,False,False,False,False,True,False,2026-09-08
themuse:20839490,themuse,Europa,Principal Enterprise Architect ,Otro,False,False,fuera_de_alcance,Celonis,"Munich, Germany",Senior,Senior Level,,,,https://www.themuse.com/jobs/celonis/principal-enterprise-architect-ba6f71,,,,,2026-08-24T19:41:30Z,ingenieria,description,10.0,0,0,0,3,0,True,True,False,False,False,False,False,False,False,False,False,False,True,True,True,False,False,False,False,False,False,False,False,False,False,True,True,True,2026-09-08
themuse:21891313,themuse,EE. UU. / Canadá,Area Manager,Otro,False,False,fuera_de_alcance,Flexport,"Dallas, TX",Senior,Senior Level,,,,https://www.themuse.com/jobs/flexport/area-manager-2782e3,,,,,2026-08-28T19:24:40Z,mixto,description,2.0,0,0,1,0,1,True,False,True,False,False,False,False,False,False,False,False,False,False,False,False,False,False,False,False,False,False,False,False,False,False,True,True,True,2026-09-08
themuse:22086038,themuse,Europa,Lead Deployment Architect - AI,Otro,False,False,fuera_de_alcance,Celonis,"Munich, Germany",Senior,Senior Level,,,,https://www.themuse.com/jobs/celonis/lead-deployment-architect-ai,,,,,2026-08-24T19:41:18Z,ingenieria,description,3.0,0,0,2,5,0,False,True,False,False,False,False,False,False,False,False,False,False,False,False,False,False,False,False,False,False,False,False,False,False,False,True,True,True,2026-09-08
themuse:21836828,themuse,Europa,Lead/Principal Management & Technology Consultant  - Manufacturing/Production,Otro,False,False,fuera_de_alcance,Celonis,"Munich, Germany",Semi Senior,Mid Level,,,,https://www.themuse.com/jobs/celonis/leadprincipal-management-technology-consultant-manufacturingproduction,,,,,2026-08-24T19:41:20Z,señal_debil,description,,0,0,1,0,0,True,True,False,False,False,False,False,False,False,False,False,False,False,False,False,False,False,False,False,False,False,False,False,False,False,True,True,True,2026-09-08
themuse:18292352,themuse,EE. UU. / Canadá,"Primary Care Physician (FM/IM) - Eugene, OR",Otro,False,False,fuera_de_alcance,Optum,"Eugene, OR",Junior,Entry Level,,,,https://www.themuse.com/jobs/optum/primary-care-physician-fmim-eugene-or-53e788,,,,,2025-03-28T09:49:13Z,sin_señal,description,,0,0,0,0,0,False,False,False,False,False,False,False,False,False,False,False,False,False,False,False,False,False,False,False,False,False,False,False,False,False,False,False,True,2026-09-08
themuse:22014326,themuse,EE. UU. / Canadá,"Application Software Engineer, Applied AI",Otro,False,False,fuera_de_alcance,SpaceX,"Brownsville, TX; El Segundo, CA; Lockhart, TX; Lompoc, CA; Redmond, WA; Rockledge, FL; Waco, TX",Semi Senior,Mid Level,,,,https://www.themuse.com/jobs/spacex/application-software-engineer-applied-ai-b9166f,,,,,2026-09-02T19:44:18Z,mixto,description,1.0,0,2,1,2,0,True,True,False,False,False,False,False,False,False,False,False,False,False,False,False,False,False,False,True,False,False,False,False,True,False,False,False,True,2026-09-08
themuse:22076029,themuse,EE. UU. / Canadá,"Thermal Engineer, AI Satellites (Starmind)",Otro,False,False,fuera_de_alcance,SpaceX,"Lockhart, TX",Semi Senior,Mid Level,,,,https://www.themuse.com/jobs/spacex/thermal-engineer-ai-satellites-starmind,,,,,2026-08-18T23:57:34Z,mixto,description,1.0,0,1,0,1,0,False,True,False,False,False,False,False,False,False,False,False,False,False,False,False,False,False,False,False,False,False,False,False,False,False,False,False,False,2026-09-08
themuse:21955816,themuse,Otra / sin dato,Field ESH Lead (Combined Cycle),Otro,False,False,fuera_de_alcance,Bechtel,"Cheyenne, WY",Senior,Senior Level,,,,https://www.themuse.com/jobs/bechtel/field-esh-lead-combined-cycle,,,,,2026-07-24T20:46:29Z,mixto,description,8.0,0,0,2,0,1,False,False,False,False,False,False,False,False,False,False,False,False,False,False,False,False,False,False,False,False,False,False,False,False,False,True,False,False,2026-09-08
themuse:21901145,themuse,Europa,Lead Solutions Architect,Otro,False,False,fuera_de_alcance,Celonis,"London, United Kingdom",Senior,Senior Level,,,,https://www.themuse.com/jobs/celonis/lead-solutions-architect-2c3efd,,,,,2026-08-24T19:41:22Z,ingenieria,description,3.0,0,0,0,4,1,True,True,False,False,False,False,False,False,False,False,False,False,True,True,True,False,False,False,True,True,False,False,False,False,False,False,True,True,2026-09-08
themuse:22051091,themuse,Otra / sin dato,Team Leader,Otro,False,False,fuera_de_alcance,Bank of America,"Hyderabad, India",Senior,Senior Level,,,,https://www.themuse.com/jobs/bankofamerica/team-leader-9ca7aa,,,,,2026-09-07T20:06:03Z,gobierno_datos,description,3.0,0,0,0,2,4,True,True,True,False,False,False,False,False,False,False,False,False,False,False,False,False,False,False,False,False,False,False,False,False,False,True,True,True,2026-09-08
themuse:22025989,themuse,EE. UU. / Canadá,"Supervisor, Facilities Maintenance, Solar Cell Factory (Starlink)",Otro,False,False,fuera_de_alcance,SpaceX,"Lockhart, TX",Semi Senior,Mid Level,,,,https://www.themuse.com/jobs/spacex/supervisor-facilities-maintenance-solar-cell-factory-starlink,,,,,2026-08-03T23:39:52Z,mixto,description,1.0,0,1,2,0,1,False,False,False,False,False,False,False,False,False,False,False,False,True,False,False,False,False,False,False,False,False,False,False,False,False,False,False,False,2026-09-08
themuse:22071911,themuse,EE. UU. / Canadá,"Director, Product Management - Agentic AI",Otro,False,False,fuera_de_alcance,Uber,"San Francisco, CA; Sunnyvale, CA",Senior,Senior Level,,,,https://www.themuse.com/jobs/uber/director-product-management-agentic-ai,,,,,2026-08-19T04:27:15Z,mixto,description,,0,2,1,1,0,False,False,False,False,False,False,False,False,False,False,False,False,False,False,False,False,False,False,False,False,False,False,False,True,False,True,True,True,2026-09-08
themuse:22140552,themuse,EE. UU. / Canadá,Gestionnaire de cas infirmier(ère) bilingue sur le terrain (IA) | Programme de soutien aux patients (PSP) / Bilingual Field Nurse Case Manager (RN) | Patient Support Program (PSP),Otro,False,False,fuera_de_alcance,McKesson,"Mississauga, Canada",Senior,Senior Level,,,,https://www.themuse.com/jobs/mckesson/gestionnaire-de-cas-infirmierere-bilingue-sur-le-terrain-ia-programme-de-soutien-aux-patients-psp-bilingual-field-nurse-case-manager-rn-patient-support-program-psp-d057c6,,,,,2026-09-07T01:33:11Z,señal_debil,description,,0,0,1,0,0,False,False,False,False,False,False,False,False,False,False,False,False,False,False,False,False,False,False,False,False,False,False,False,False,False,True,True,True,2026-09-08
themuse:22070546,themuse,EE. UU. / Canadá,"Manager, Claims Operations (Auto Non Injury Complex)",Otro,False,False,fuera_de_alcance,USAA,"Colorado Springs, CO",Senior,Senior Level,,,,https://www.themuse.com/jobs/usaa/manager-claims-operations-auto-non-injury-complex-d895bc,,,,,2026-08-17T01:33:25Z,señal_debil,description,2.0,0,0,0,0,1,False,False,False,False,False,False,False,False,False,False,False,False,False,False,False,False,False,False,False,False,False,False,False,False,False,False,True,False,2026-09-08
themuse:22131183,themuse,EE. UU. / Canadá,MECHANICAL CSU,Otro,False,False,fuera_de_alcance,Bechtel,"Groves, TX",Senior,Senior Level,,,,https://www.themuse.com/jobs/bechtel/mechanical-csu,,,,,2026-09-03T22:02:04Z,analitica,description,8.0,0,0,2,0,0,False,False,False,False,False,False,False,False,False,False,False,False,False,False,False,False,False,False,False,False,False,False,False,False,False,False,False,False,2026-09-08
themuse:21701794,themuse,Europa,Temporary KYC Analyst,Otro,False,False,fuera_de_alcance,Sotheby's,"London, United Kingdom",Semi Senior,Mid Level,,,,https://www.themuse.com/jobs/sothebys/temporary-kyc-analyst-2de7ef,,,,,2026-07-23T18:29:20Z,mixto,description,2.0,0,0,2,0,1,False,False,True,False,False,False,False,False,False,False,False,False,False,False,False,False,False,False,False,False,False,False,False,False,False,True,True,True,2026-09-08
themuse:21937445,themuse,EE. UU. / Canadá,Senior Talent Acquisition Partner,Otro,False,False,fuera_de_alcance,Celonis,"Raleigh, NC",Senior,Senior Level,,,,https://www.themuse.com/jobs/celonis/senior-talent-acquisition-partner,,,,,2026-08-24T19:41:44Z,analitica,description,,0,0,4,0,0,False,False,False,False,False,False,False,False,False,False,False,False,False,False,False,False,False,False,False,False,False,False,False,False,False,True,True,True,2026-09-08
themuse:21624182,themuse,EE. UU. / Canadá,Area Manager,Otro,False,False,fuera_de_alcance,Flexport,"Redlands, CA",Senior,Senior Level,,,,https://www.themuse.com/jobs/flexport/area-manager-c2a75c,,,,,2026-09-05T18:32:29Z,mixto,description,2.0,0,0,1,0,1,True,False,True,False,False,False,False,False,False,False,False,False,False,False,False,False,False,False,False,False,False,False,False,False,False,True,True,True,2026-09-08
themuse:22039578,themuse,EE. UU. / Canadá,"Principal Engineer, AI Satellites (Starmind)",Otro,False,False,fuera_de_alcance,SpaceX,"Lockhart, TX",Senior,Senior Level,,,,https://www.themuse.com/jobs/spacex/principal-engineer-ai-satellites-starmind,,,,,2026-08-07T18:56:09Z,sin_señal,description,8.0,0,0,0,0,0,False,False,False,False,False,False,False,False,False,False,False,False,False,False,False,False,False,False,False,False,False,False,False,False,False,True,False,False,2026-09-08
themuse:21880305,themuse,Otra / sin dato,People and Culture Country Lead - Japan,Otro,False,False,fuera_de_alcance,Celonis,"Tokyo, Japan",Senior,Senior Level,,,,https://www.themuse.com/jobs/celonis/people-and-culture-country-lead-japan,,,,,2026-08-25T19:37:40Z,mixto,description,10.0,0,0,2,0,1,False,False,False,False,False,False,False,False,False,False,False,False,False,False,False,False,False,False,False,False,False,False,False,False,False,False,True,True,2026-09-08
themuse:22123606,themuse,EE. UU. / Canadá,GFC Threat Identification & Liaison Manager - High Risk Customer Type,Otro,False,False,fuera_de_alcance,Bank of America,"Atlanta, GA; Charlotte, NC; Jersey City, NJ; McLean, VA; New York, NY",Senior,Senior Level,,,,https://www.themuse.com/jobs/bankofamerica/gfc-threat-identification-liaison-manager-high-risk-customer-type,,,,,2026-09-03T19:34:42Z,analitica,description,7.0,0,0,4,0,1,False,False,True,False,False,False,False,False,False,False,False,False,False,False,False,False,False,False,False,False,False,False,False,False,False,True,True,True,2026-09-08
themuse:18526097,themuse,Otra / sin dato,Collections Associate,Otro,False,False,fuera_de_alcance,Hobbs Brook,"Johnston, RI",Semi Senior,Mid Level,,,,https://www.themuse.com/jobs/hobbsbrook/collections-associate-3d6220,,,,,2025-04-14T03:58:21Z,mixto,description,2.0,0,0,2,0,1,False,False,True,False,False,False,False,False,False,False,False,False,False,False,False,False,False,False,False,False,False,False,False,False,False,True,True,True,2026-09-08
themuse:22026680,themuse,Europa,Senior Management & Technology Consultant  - Manufacturing/Production,Otro,False,False,fuera_de_alcance,Celonis,"Munich, Germany",Senior,Senior Level,,,,https://www.themuse.com/jobs/celonis/senior-management-technology-consultant-manufacturingproduction,,,,,2026-08-24T19:41:39Z,señal_debil,description,,0,0,1,0,0,True,True,False,False,False,False,False,False,False,False,False,False,False,False,False,False,False,False,False,False,False,False,False,False,False,True,True,True,2026-09-08
themuse:21631376,themuse,EE. UU. / Canadá,Area Manager,Otro,False,False,fuera_de_alcance,Flexport,"Pleasant Prairie, WI",Senior,Senior Level,,,,https://www.themuse.com/jobs/flexport/area-manager-2e908f,,,,,2026-09-05T18:32:29Z,mixto,description,2.0,0,0,1,0,1,True,False,True,False,False,False,False,False,False,False,False,False,False,False,False,False,False,False,False,False,False,False,False,False,False,True,True,True,2026-09-08
themuse:22129918,themuse,EE. UU. / Canadá,"Director, Central Operations",Otro,False,False,fuera_de_alcance,Uber,"New York, NY",Senior,Senior Level,,,,https://www.themuse.com/jobs/uber/director-central-operations,,,,,2026-09-03T21:53:41Z,mixto,description,,0,1,2,0,1,True,False,False,False,False,False,False,False,False,False,False,False,False,False,False,False,False,False,False,False,False,True,False,False,False,False,True,True,2026-09-08
themuse:21540203,themuse,Europa,Enterprise Architect Director,Otro,False,False,fuera_de_alcance,Celonis,"London, United Kingdom",Senior,Senior Level,,,,https://www.themuse.com/jobs/celonis/enterprise-architect-director-5a5f13,,,,,2026-08-24T19:41:03Z,ingenieria,description,20.0,0,0,0,3,0,True,True,False,False,False,False,False,False,False,False,False,False,True,True,True,False,False,False,False,False,False,False,False,False,False,True,True,True,2026-09-08
themuse:21686349,themuse,Europa,Lead Deployment Architect,Otro,False,False,fuera_de_alcance,Celonis,"Munich, Germany",Senior,Senior Level,,,,https://www.themuse.com/jobs/celonis/lead-deployment-architect-96866a,,,,,2026-08-24T19:41:18Z,ingenieria,description,3.0,0,0,2,5,0,False,True,False,False,False,False,False,False,False,False,False,False,False,False,False,False,False,False,False,False,False,False,False,False,False,True,True,True,2026-09-08
themuse:21983336,themuse,Otra / sin dato,Operations Project Consultant - Enterprise Correspondence Operations - Bilingual Spanish,Otro,False,False,fuera_de_alcance,Bank of America,"Newark, DE",Semi Senior,Mid Level,,,,https://www.themuse.com/jobs/bankofamerica/operations-project-consultant-enterprise-correspondence-operations-bilingual-spanish,,,,,2026-08-27T23:32:51Z,mixto,description,2.0,0,0,2,2,0,True,False,False,False,False,False,False,False,False,False,False,False,False,False,False,False,False,False,False,False,False,False,False,False,False,True,True,True,2026-09-08
themuse:21894820,themuse,EE. UU. / Canadá,Field Superintendent - Civil (Switchyard),Otro,False,False,fuera_de_alcance,Bechtel,"Cheyenne, WY; Gunnison, CO",Senior,Senior Level,,,,https://www.themuse.com/jobs/bechtel/field-superintendent-civil-switchyard-85bd6c,,,,,2026-07-15T21:06:27Z,mixto,description,5.0,0,1,1,0,1,False,False,False,False,False,False,False,False,False,False,False,False,False,False,False,False,False,False,False,False,False,False,False,False,False,True,True,True,2026-09-08
themuse:21854439,themuse,Europa,Equity Trade Control Analyst,Otro,False,False,fuera_de_alcance,Bank of America,"London, United Kingdom",Semi Senior,Mid Level,,,,https://www.themuse.com/jobs/bankofamerica/equity-trade-control-analyst,,,,,2026-09-06T19:59:57Z,señal_debil,description,,0,0,1,0,0,False,True,True,False,False,False,False,False,False,False,False,False,False,False,False,False,False,False,False,False,False,True,False,False,False,True,True,False,2026-09-08
themuse:21975879,themuse,Europa,Associate Applied (AI) Value Engineer  - Orbit Program (Madrid-based),Otro,False,False,fuera_de_alcance,Celonis,"Madrid, Spain",Semi Senior,Mid Level,,,,https://www.themuse.com/jobs/celonis/associate-applied-ai-value-engineer-orbit-program-madridbased,,,,,2026-08-24T19:40:38Z,mixto,description,1.0,0,1,0,2,0,True,True,False,False,False,False,False,True,True,False,True,True,False,False,False,False,False,False,False,False,False,False,False,True,False,True,False,True,2026-09-08
themuse:22031051,themuse,EE. UU. / Canadá,Machine Learning Engineer II - AV Labs,ML / AI Engineer,True,True,titulo,Uber,"Sunnyvale, CA",Semi Senior,Mid Level,,,,https://www.themuse.com/jobs/uber/machine-learning-engineer-ii-av-labs-a2164b,,,,,2026-08-12T00:27:46Z,ciencia_datos,description,2.0,0,4,0,1,0,False,True,False,False,False,False,False,False,False,False,True,False,False,False,False,False,False,False,False,False,False,False,False,False,False,False,True,True,2026-09-08
themuse:22093528,themuse,Otra / sin dato,Analyst,Otro,False,False,fuera_de_alcance,Bank of America,"Mumbai, India",Semi Senior,Mid Level,,,,https://www.themuse.com/jobs/bankofamerica/analyst-04d349,,,,,2026-08-30T00:07:12Z,ciencia_datos,description,3.0,0,4,1,0,1,True,True,False,False,False,False,True,False,False,False,False,False,False,False,False,False,False,False,False,False,False,True,False,False,False,True,True,True,2026-09-08
themuse:21981710,themuse,EE. UU. / Canadá,"Materials Engineer, AI Satellites (Starmind)",Otro,False,False,fuera_de_alcance,SpaceX,"Lockhart, TX",Semi Senior,Mid Level,,,,https://www.themuse.com/jobs/spacex/materials-engineer-ai-satellites-starmind,,,,,2026-07-22T18:46:17Z,mixto,description,,0,0,1,0,1,False,True,False,False,False,False,False,False,False,False,False,False,False,False,False,False,False,False,False,False,False,False,False,False,False,False,True,True,2026-09-08
themuse:21990021,themuse,EE. UU. / Canadá,"Quality Inspector, Solar Cells (Starlink)",Otro,False,False,fuera_de_alcance,SpaceX,"Lockhart, TX",Semi Senior,Mid Level,,,,https://www.themuse.com/jobs/spacex/quality-inspector-solar-cells-starlink,,,,,2026-07-23T23:34:25Z,mixto,description,2.0,0,0,1,0,1,False,False,False,False,False,False,False,False,False,False,False,False,True,False,False,False,False,False,False,False,False,False,False,False,False,True,False,True,2026-09-08
themuse:22131206,themuse,EE. UU. / Canadá,M&T DSCS Specialist (Digital),Otro,False,False,fuera_de_alcance,Bechtel,"Reynoldsburg, OH",Senior,Senior Level,,,,https://www.themuse.com/jobs/bechtel/mt-dscs-specialist-digital,,,,,2026-09-03T22:02:10Z,mixto,description,2.0,0,0,2,3,1,False,False,False,False,False,False,False,False,False,False,False,False,False,False,False,False,False,False,False,False,False,False,False,False,False,True,False,False,2026-09-08
themuse:22099629,themuse,Otra / sin dato,"Assistant Vice President, Security Detection & Response, Global Information Security, Sydney",Otro,False,False,fuera_de_alcance,Bank of America,"Sydney, Australia",Semi Senior,Mid Level,,,,https://www.themuse.com/jobs/bankofamerica/assistant-vice-president-security-detection-response-global-information-security-sydney,,,,,2026-08-26T23:41:40Z,mixto,description,,0,0,2,1,0,True,False,False,False,False,False,False,False,False,False,False,False,False,False,False,False,False,False,False,False,False,False,False,False,False,True,True,True,2026-09-08
themuse:21948880,themuse,EE. UU. / Canadá,"Operations Engineer, Facilities (Starlink)",Otro,False,False,fuera_de_alcance,SpaceX,"Redmond, WA",Semi Senior,Mid Level,,,,https://www.themuse.com/jobs/spacex/operations-engineer-facilities-starlink,,,,,2026-08-04T23:35:10Z,analitica,description,2.0,0,0,8,1,1,True,True,True,True,True,False,False,False,False,False,False,False,False,False,False,False,False,False,False,False,False,False,False,False,False,True,True,False,2026-09-08
themuse:21981760,themuse,EE. UU. / Canadá,Client Director - Financial Services,Otro,False,False,fuera_de_alcance,Celonis,"New York, NY",Senior,Senior Level,,,,https://www.themuse.com/jobs/celonis/client-director-financial-services,,,,,2026-08-25T19:37:31Z,mixto,description,5.0,0,1,0,2,0,False,False,False,False,False,False,False,False,False,False,False,False,False,False,False,False,False,False,False,False,False,False,False,True,False,False,True,True,2026-09-08
themuse:22114401,themuse,EE. UU. / Canadá,Non-Agency RMBS & CLO Research Analyst/Associate,Otro,False,False,fuera_de_alcance,Bank of America,"New York, NY",Semi Senior,Mid Level,,,,https://www.themuse.com/jobs/bankofamerica/nonagency-rmbs-clo-research-analystassociate,,,,,2026-09-01T02:11:48Z,mixto,description,,0,0,2,1,0,True,True,True,False,False,False,False,False,False,False,False,False,False,False,False,False,False,False,False,False,False,True,False,False,False,True,True,True,2026-09-08
themuse:22009519,themuse,EE. UU. / Canadá,Startup & Operations Coordinator,Otro,False,False,fuera_de_alcance,Bechtel,"Reston, VA",Senior,Senior Level,,,,https://www.themuse.com/jobs/bechtel/startup-operations-coordinator,,,,,2026-07-29T20:23:03Z,analitica,description,10.0,0,0,4,0,1,False,False,False,False,False,False,False,False,False,False,False,False,False,False,False,False,False,False,False,False,False,False,False,False,False,True,True,True,2026-09-08
themuse:21143120,themuse,EE. UU. / Canadá,"Staff ML Engineer, Generative AI",ML / AI Engineer,True,True,titulo,Uber,"Sunnyvale, CA",Senior,Senior Level,,,,https://www.themuse.com/jobs/uber/staff-ml-engineer-generative-ai,,,,,2026-07-07T00:23:41Z,mixto,description,2.0,0,1,1,2,0,False,False,False,False,False,False,False,False,False,False,False,False,False,False,False,False,False,False,False,False,False,False,False,True,False,False,False,True,2026-09-08
themuse:21754350,themuse,EE. UU. / Canadá,"AI Engineer, Special Programs - Top Secret Clearance",ML / AI Engineer,True,True,titulo,SpaceX,"Palo Alto, CA; Washington, DC",Senior,Senior Level,,,,https://www.themuse.com/jobs/spacex/ai-engineer-special-programs-top-secret-clearance-65e11c,,,,,2026-09-02T19:44:16Z,ciencia_datos,description,1.0,0,3,1,1,1,False,True,False,False,False,False,False,False,False,False,False,False,False,False,False,False,False,False,False,False,False,False,False,False,False,True,True,False,2026-09-08
themuse:21743733,themuse,EE. UU. / Canadá,"Supervisor, Hospitality",Otro,False,False,fuera_de_alcance,SpaceX,"Brownsville, TX",Senior,Senior Level,,,,https://www.themuse.com/jobs/spacex/supervisor-hospitality-2896f3,,,,,2026-08-20T23:58:01Z,mixto,description,2.0,0,0,1,0,1,False,False,False,False,False,False,False,False,False,False,False,False,False,False,False,False,False,False,False,False,False,False,False,False,False,True,False,True,2026-09-08
themuse:21891142,themuse,Otra / sin dato,"Contractor, Operations Analyst, Taiwan, Global Markets Operations",Otro,False,False,fuera_de_alcance,Bank of America,"Taipei, Taiwan",Semi Senior,Mid Level,,,,https://www.themuse.com/jobs/bankofamerica/contractor-operations-analyst-taiwan-global-markets-operations,,,,,2026-07-28T19:13:27Z,mixto,description,,0,0,2,0,1,False,False,False,False,False,False,False,False,False,False,False,False,False,False,False,False,False,False,False,False,False,False,False,False,False,True,True,True,2026-09-08
themuse:22113806,themuse,EE. UU. / Canadá,Customs Specialist,Otro,False,False,fuera_de_alcance,Flexport,"Atlanta, GA; Chicago, IL; Dallas, TX; Los Angeles, CA; New York, NY",Semi Senior,Mid Level,,,,https://www.themuse.com/jobs/flexport/customs-specialist-ffb3be,,,,,2026-08-31T19:15:24Z,señal_debil,description,,0,0,0,0,1,False,False,True,False,False,False,False,False,False,False,False,False,False,False,False,False,False,False,False,False,False,False,False,False,False,True,False,False,2026-09-08
themuse:22048523,themuse,Otra / sin dato,Team Leader R,Otro,False,False,fuera_de_alcance,Bank of America,"Chennai, India",Semi Senior,Mid Level,,,,https://www.themuse.com/jobs/bankofamerica/team-leader-r-e9ee4a,,,,,2026-08-10T19:09:36Z,analitica,description,,0,0,2,0,0,False,False,True,False,False,False,False,False,False,False,False,False,False,False,False,False,False,False,False,False,False,False,False,False,False,True,True,False,2026-09-08
themuse:21894599,themuse,EE. UU. / Canadá,Sr. Safety Specialist,Otro,False,False,fuera_de_alcance,Bechtel,"Reynoldsburg, OH",Senior,Senior Level,,,,https://www.themuse.com/jobs/bechtel/sr-safety-specialist-b4e24b,,,,,2026-09-03T22:02:00Z,mixto,description,5.0,0,0,2,1,1,False,False,False,False,False,False,False,False,False,False,False,False,False,False,False,False,False,False,False,False,False,False,False,False,False,True,False,False,2026-09-08
themuse:21961573,themuse,EE. UU. / Canadá,People Business Partner,Otro,False,False,fuera_de_alcance,GlossGenius,"New York, NY",Senior,Senior Level,,,,https://www.themuse.com/jobs/glossgenius/people-business-partner-652e73,,,,,2026-07-21T18:40:03Z,analitica,description,3.0,0,1,3,1,0,False,False,False,False,False,False,False,False,False,False,False,False,False,False,False,False,False,False,False,False,False,False,False,False,False,False,True,False,2026-09-08
themuse:21975769,themuse,Otra / sin dato,Ocean Planning Associate,Otro,False,False,fuera_de_alcance,Flexport,"Taipei, Taiwan",Semi Senior,Mid Level,,,,https://www.themuse.com/jobs/flexport/ocean-planning-associate-f029dc,,,,,2026-07-20T18:42:32Z,mixto,description,2.0,0,1,1,0,1,False,False,False,False,False,False,False,False,False,False,False,False,False,False,False,False,False,False,False,False,False,False,False,False,False,True,True,False,2026-09-08
themuse:21771722,themuse,EE. UU. / Canadá,"Senior Product Manager, Applied AI",Otro,False,False,fuera_de_alcance,Uber,"San Francisco, CA; Sunnyvale, CA",Senior,Senior Level,,,,https://www.themuse.com/jobs/uber/senior-product-manager-applied-ai-a12cb5,,,,,2026-07-09T00:28:31Z,ciencia_datos,description,5.0,0,3,1,0,0,False,False,False,False,False,False,False,False,False,False,False,False,False,False,False,False,False,False,False,False,False,False,True,True,False,True,True,True,2026-09-08
themuse:21946804,themuse,EE. UU. / Canadá,Data Engineer III,Data Engineer / Arquitecto,True,True,titulo,Bank of America,"Jersey City, NJ",Senior,Senior Level,,,,https://www.themuse.com/jobs/bankofamerica/data-engineer-iii-e2c0fc,,,,,2026-07-14T19:22:34Z,mixto,description,7.0,0,0,2,3,4,False,False,False,False,False,False,False,False,False,False,False,False,False,False,False,False,False,False,False,False,False,False,False,False,False,True,True,True,2026-09-08
themuse:22030459,themuse,EE. UU. / Canadá,Electrical Superintendent (Switchyard),Otro,False,False,fuera_de_alcance,Bechtel,"Cheyenne, WY; Reston, VA",Senior,Senior Level,,,,https://www.themuse.com/jobs/bechtel/electrical-superintendent-switchyard,,,,,2026-08-04T20:27:11Z,señal_debil,description,2.0,0,0,1,0,0,False,False,False,False,False,False,False,False,False,False,False,False,False,False,False,False,False,False,False,False,False,False,False,False,False,True,True,False,2026-09-08
themuse:18173323,themuse,Otra / sin dato,Assistant Manager,Otro,False,False,fuera_de_alcance,Bank of America,"Chennai, India",Senior,Senior Level,,,,https://www.themuse.com/jobs/bankofamerica/assistant-manager-7227a3,,,,,2025-04-14T23:53:23Z,mixto,description,8.0,0,0,3,0,2,True,False,False,False,True,False,False,False,False,False,False,False,False,False,False,False,False,False,False,False,False,False,False,False,False,False,False,False,2026-09-08
themuse:21540193,themuse,Europa,Enterprise Architect Director,Otro,False,False,fuera_de_alcance,Celonis,"London, United Kingdom",Senior,Senior Level,,,,https://www.themuse.com/jobs/celonis/enterprise-architect-director-12a5c1,,,,,2026-08-24T19:41:05Z,ingenieria,description,20.0,0,0,0,3,0,True,True,False,False,False,False,False,False,False,False,False,False,True,True,True,False,False,False,False,False,False,False,False,False,False,True,True,True,2026-09-08
themuse:21965069,themuse,Otra / sin dato,Project Field Superintendent,Otro,False,False,fuera_de_alcance,Bechtel,"Cheyenne, WY",Senior,Senior Level,,,,https://www.themuse.com/jobs/bechtel/project-field-superintendent-2a05af,,,,,2026-09-03T22:02:06Z,mixto,description,13.0,0,1,1,1,1,False,False,False,False,False,False,False,False,False,False,False,False,False,False,False,False,False,False,False,False,False,False,False,False,False,False,True,True,2026-09-08
themuse:21990033,themuse,EE. UU. / Canadá,"Supply Chain Planner (Falcon, Dragon, & Starfall)",Otro,False,False,fuera_de_alcance,SpaceX,"El Segundo, CA",Semi Senior,Mid Level,,,,https://www.themuse.com/jobs/spacex/supply-chain-planner-falcon-dragon-starfall,,,,,2026-07-23T23:34:25Z,analitica,description,1.0,0,0,2,0,0,True,False,False,True,False,False,False,False,False,False,False,False,False,False,False,False,False,False,False,False,False,False,False,False,False,True,True,False,2026-09-08
themuse:21910192,themuse,LATAM,Solution/Enterprise Architect (Martech Consolidation),Otro,False,False,fuera_de_alcance,Exadel,"Barra do Garças, Brazil; Soacha, Colombia",Senior,Senior Level,,,,https://www.themuse.com/jobs/exadel/solutionenterprise-architect-martech-consolidation,,,,,2026-08-28T19:51:04Z,sin_señal,description,,0,0,0,0,0,False,False,False,False,False,False,False,False,False,False,False,False,False,False,False,False,False,False,False,False,False,False,False,False,False,True,True,True,2026-09-08
themuse:21686272,themuse,EE. UU. / Canadá,"Global Supply Manager, Fleet, Waste, and Facilities",Otro,False,False,fuera_de_alcance,SpaceX,"El Segundo, CA; Waco, TX",Senior,Senior Level,,,,https://www.themuse.com/jobs/spacex/global-supply-manager-fleet-waste-and-facilities-59b06c,,,,,2026-07-20T23:48:24Z,analitica,description,4.0,0,0,3,0,0,False,False,True,True,True,False,False,False,False,False,False,False,False,False,False,False,False,False,False,False,False,False,False,False,False,True,True,False,2026-09-08
themuse:21746804,themuse,Otra / sin dato,Senior Team Member,Otro,False,False,fuera_de_alcance,Bank of America,"Gurgaon, India; Serilingampalle, India",Senior,Senior Level,,,,https://www.themuse.com/jobs/bankofamerica/senior-team-member-75217d,,,,,2026-08-21T22:20:44Z,analitica,description,2.0,0,0,3,0,0,False,False,True,False,False,False,False,False,False,False,False,False,False,False,False,False,False,False,False,False,False,False,False,False,False,True,True,True,2026-09-08
themuse:21827557,themuse,EE. UU. / Canadá,Manufacturing Integration Engineer (Starship),Otro,False,False,fuera_de_alcance,SpaceX,"Brownsville, TX",Semi Senior,Mid Level,,,,https://www.themuse.com/jobs/spacex/manufacturing-integration-engineer-starship,,,,,2026-07-20T23:48:38Z,sin_señal,description,1.0,0,0,0,0,0,True,False,False,False,False,False,False,False,False,False,False,False,False,False,False,False,False,False,False,False,False,False,False,False,False,False,False,False,2026-09-08
themuse:22061775,themuse,EE. UU. / Canadá,Sr. Scheduler (Starship),Otro,False,False,fuera_de_alcance,SpaceX,"Brownsville, TX",Senior,Senior Level,,,,https://www.themuse.com/jobs/spacex/sr-scheduler-starship-ea83ad,,,,,2026-08-13T23:45:39Z,analitica,description,5.0,0,1,5,1,0,True,True,False,True,False,False,False,False,False,False,False,False,False,False,False,False,False,False,False,False,False,False,False,False,False,True,True,True,2026-09-08
themuse:19066653,themuse,Otra / sin dato,AI Automation Specialist,Otro,False,False,fuera_de_alcance,Designit,,Semi Senior,Mid Level,,,,https://www.themuse.com/jobs/designit/ai-automation-specialist,,,,,2025-05-23T23:36:59Z,analitica,description,3.0,0,1,3,1,0,False,False,False,True,False,False,False,False,False,True,False,False,False,True,False,False,False,False,False,False,False,False,False,False,False,True,True,True,2026-09-08
themuse:21894815,themuse,EE. UU. / Canadá,Site Automation Implementation Specialist,Otro,False,False,fuera_de_alcance,Bechtel,"Houston, TX",Senior,Senior Level,,,,https://www.themuse.com/jobs/bechtel/site-automation-implementation-specialist-0d88c2,,,,,2026-09-04T20:54:47Z,mixto,description,2.0,0,0,2,1,1,False,False,False,False,False,False,False,False,False,False,False,False,False,False,False,False,False,False,False,False,False,False,False,False,False,False,False,False,2026-09-08
themuse:22026679,themuse,Europa,Senior Value Engineer - Manufacturing/Production,Otro,False,False,fuera_de_alcance,Celonis,"Munich, Germany",Senior,Senior Level,,,,https://www.themuse.com/jobs/celonis/senior-value-engineer-manufacturingproduction-1e7ee7,,,,,2026-08-24T19:41:48Z,señal_debil,description,,0,0,1,0,0,True,True,False,False,False,False,False,False,False,False,False,False,False,False,False,False,False,False,False,False,False,False,False,False,False,True,True,True,2026-09-08
themuse:22014332,themuse,EE. UU. / Canadá,"Application Software Engineer, Applied AI",Otro,False,False,fuera_de_alcance,SpaceX,"Brownsville, TX; El Segundo, CA; Lockhart, TX; Lompoc, CA; Redmond, WA; Rockledge, FL; Waco, TX",Semi Senior,Mid Level,,,,https://www.themuse.com/jobs/spacex/application-software-engineer-applied-ai-1766a0,,,,,2026-09-02T19:45:10Z,mixto,description,1.0,0,2,1,2,0,True,True,False,False,False,False,False,False,False,False,False,False,False,False,False,False,False,False,True,False,False,False,False,True,False,False,False,True,2026-09-08
themuse:21978738,themuse,Otra / sin dato,Data Scientist II,Data Scientist,True,True,titulo,Bank of America,"Hyderabad, India",Semi Senior,Mid Level,,,,https://www.themuse.com/jobs/bankofamerica/data-scientist-ii-a7db23,,,,,2026-07-21T19:14:40Z,mixto,description,,0,1,2,0,1,False,False,False,False,False,False,False,False,False,False,False,False,False,False,False,False,False,False,False,False,False,False,False,False,False,False,True,True,2026-09-08
themuse:22113875,themuse,Europa,Associate Applied (AI) Value Engineer (Nordics) - Orbit Program,Otro,False,False,fuera_de_alcance,Celonis,"Madrid, Spain",Semi Senior,Mid Level,,,,https://www.themuse.com/jobs/celonis/associate-applied-ai-value-engineer-nordics-orbit-program,,,,,2026-09-03T18:36:48Z,mixto,description,1.0,0,1,0,2,0,True,True,False,False,False,False,False,True,True,False,True,True,False,False,False,False,False,False,False,False,False,False,False,True,False,True,False,True,2026-09-08
themuse:17471132,themuse,Otra / sin dato,Client Service Associate/Treasury Service Advisor,Otro,False,False,fuera_de_alcance,Bank of America,"Bangalore, India",Senior,Senior Level,,,,https://www.themuse.com/jobs/bankofamerica/client-service-associatetreasury-service-advisor-dd6ed9,,,,,2025-03-23T23:52:59Z,mixto,description,6.0,0,0,1,1,1,False,False,False,False,False,False,False,False,False,False,False,False,False,False,False,False,False,False,False,False,False,False,False,False,False,True,True,False,2026-09-08
themuse:18549772,themuse,EE. UU. / Canadá,Fraud Strategy Analytics Analyst II (Entry / Intermediate Level),Otro,False,False,fuera_de_alcance,USAA,"Colorado Springs, CO",Semi Senior,Mid Level,,,,https://www.themuse.com/jobs/usaa/fraud-strategy-analytics-analyst-ii-entry-intermediate-level-c1425c,,,,,2025-04-16T15:47:20Z,analitica,description,2.0,0,1,7,1,1,True,True,False,False,True,False,False,False,False,False,False,False,False,False,False,False,False,False,False,False,False,True,False,False,False,True,True,True,2026-09-08
themuse:21378856,themuse,Otra / sin dato,Manager - R,Otro,False,False,fuera_de_alcance,Bank of America,"Hyderabad, India",Senior,Senior Level,,,,https://www.themuse.com/jobs/bankofamerica/manager-r-696bf5,,,,,2026-08-24T22:59:45Z,mixto,description,4.0,0,3,2,1,1,True,True,False,False,True,False,False,False,False,False,False,False,False,False,False,False,False,False,False,False,False,False,False,False,False,True,False,True,2026-09-08
themuse:21109410,themuse,Europa,Manual Ethical Hacker (Web Applications),Otro,False,False,fuera_de_alcance,Bank of America,"Chester, United Kingdom; Dublin, Ireland",Semi Senior,Mid Level,,,,https://www.themuse.com/jobs/bankofamerica/manual-ethical-hacker-web-applications,,,,,2026-04-27T19:28:48Z,señal_debil,description,,0,0,1,0,0,True,False,False,False,False,False,False,False,False,False,False,False,False,False,False,False,False,False,False,False,False,False,False,False,False,True,False,True,2026-09-08
themuse:22006281,themuse,EE. UU. / Canadá,Platform Integrity Manager (Starlink),Otro,False,False,fuera_de_alcance,SpaceX,"El Segundo, CA; Lockhart, TX; Redmond, WA",Senior,Senior Level,,,,https://www.themuse.com/jobs/spacex/platform-integrity-manager-starlink-bd5315,,,,,2026-08-20T19:06:48Z,señal_debil,description,3.0,0,0,0,0,1,True,True,False,False,False,False,True,False,False,False,False,False,False,False,False,False,False,False,False,False,False,False,False,False,False,True,True,True,2026-09-08
themuse:22006292,themuse,EE. UU. / Canadá,Sr. Business Analyst (Starlink Platform Integrity),Business Analyst,True,True,titulo,SpaceX,"El Segundo, CA; Lockhart, TX; Redmond, WA",Senior,Senior Level,,,,https://www.themuse.com/jobs/spacex/sr-business-analyst-starlink-platform-integrity-d03393,,,,,2026-07-29T18:46:22Z,señal_debil,description,4.0,0,0,0,0,1,True,True,False,False,False,False,True,False,False,False,False,False,False,False,False,False,False,False,False,False,False,False,False,False,False,True,True,True,2026-09-08
themuse:22072756,themuse,EE. UU. / Canadá,Data Center Safety Engineer (Electrical) - Memphis,Otro,False,False,fuera_de_alcance,SpaceX,"Memphis, TN",Semi Senior,Mid Level,,,,https://www.themuse.com/jobs/spacex/data-center-safety-engineer-electrical-memphis,,,,,2026-09-04T18:35:53Z,señal_debil,description,,0,0,0,0,1,False,False,False,False,False,False,False,False,False,False,False,False,False,False,False,False,False,False,False,False,False,False,False,False,False,False,False,True,2026-09-08
themuse:21601270,themuse,Europa,Staff Software Engineer: Applied AI,Otro,False,False,fuera_de_alcance,Flexport,"Amsterdam, Netherlands",Senior,Senior Level,,,,https://www.themuse.com/jobs/flexport/staff-software-engineer-applied-ai,,,,,2026-07-09T23:34:07Z,mixto,description,10.0,0,0,1,1,1,False,False,False,False,False,False,False,False,False,False,False,False,False,False,False,True,False,False,False,False,False,False,False,True,False,True,True,False,2026-09-08
themuse:22049116,themuse,EE. UU. / Canadá,Market Analysis Lead (Starlink),Otro,False,False,fuera_de_alcance,SpaceX,"El Segundo, CA",Semi Senior,Mid Level,,,,https://www.themuse.com/jobs/spacex/market-analysis-lead-starlink,,,,,2026-08-10T23:44:54Z,analitica,description,1.0,0,0,5,2,0,False,False,False,False,False,False,False,False,False,False,False,False,False,False,False,False,False,False,False,False,False,False,False,False,False,True,False,False,2026-09-08
themuse:22000277,themuse,EE. UU. / Canadá,Sr. Government Program Development Manager (Government Compute/ Intelligence Community),Otro,False,False,fuera_de_alcance,SpaceX,"Washington, DC",Senior,Senior Level,,,,https://www.themuse.com/jobs/spacex/sr-government-program-development-manager-government-compute-intelligence-community,,,,,2026-09-02T19:46:37Z,mixto,description,2.0,0,0,0,2,1,False,False,False,False,False,False,False,False,False,False,False,False,False,False,False,False,False,False,False,False,False,False,False,True,False,True,True,False,2026-09-08
themuse:21958281,themuse,Europa,CPM Quant,Otro,False,False,fuera_de_alcance,Bank of America,"London, United Kingdom",Semi Senior,Mid Level,,,,https://www.themuse.com/jobs/bankofamerica/cpm-quant,,,,,2026-07-16T19:21:33Z,analitica,description,,0,1,3,1,0,False,False,False,False,False,False,False,False,False,False,False,False,False,False,False,False,False,False,False,False,False,False,False,False,False,True,True,True,2026-09-08
themuse:22062647,themuse,EE. UU. / Canadá,"Sr. Global Supply Manager, Datacenter Memory and Storage (Starlink)",Otro,False,False,fuera_de_alcance,SpaceX,"Austin, TX",Senior,Senior Level,,,,https://www.themuse.com/jobs/spacex/sr-global-supply-manager-datacenter-memory-and-storage-starlink-49b4db,,,,,2026-09-02T19:46:36Z,mixto,description,7.0,0,1,2,1,0,False,False,False,False,False,False,False,False,False,False,False,False,False,False,False,False,False,False,False,False,False,False,False,False,False,False,True,True,2026-09-08
themuse:22077222,themuse,EE. UU. / Canadá,"Software Engineer, Inference (AI Data Engineering)",Data Engineer / Arquitecto,True,True,titulo,SpaceX,"Palo Alto, CA",Semi Senior,Mid Level,,,,https://www.themuse.com/jobs/spacex/software-engineer-inference-ai-data-engineering,,,,,2026-08-19T18:59:09Z,mixto,description,1.0,0,0,1,1,0,False,True,False,False,False,False,False,False,False,False,False,False,False,False,False,False,False,False,True,False,True,False,False,True,False,False,False,True,2026-09-08
themuse:22035575,themuse,Europa,Principal Enterprise Architect,Otro,False,False,fuera_de_alcance,Celonis,"Copenhagen, Denmark",Senior,Senior Level,,,,https://www.themuse.com/jobs/celonis/principal-enterprise-architect-d709a1,,,,,2026-08-24T19:41:30Z,ingenieria,description,10.0,0,0,0,3,0,True,True,False,False,False,False,False,False,False,False,False,False,True,True,True,False,False,False,False,False,False,False,False,False,False,True,True,True,2026-09-08
themuse:22014333,themuse,EE. UU. / Canadá,"Application Software Engineer, Applied AI",Otro,False,False,fuera_de_alcance,SpaceX,"Brownsville, TX; El Segundo, CA; Lockhart, TX; Lompoc, CA; Redmond, WA; Rockledge, FL; Waco, TX",Semi Senior,Mid Level,,,,https://www.themuse.com/jobs/spacex/application-software-engineer-applied-ai-b0cc35,,,,,2026-09-02T19:44:20Z,mixto,description,1.0,0,2,1,2,0,True,True,False,False,False,False,False,False,False,False,False,False,False,False,False,False,False,False,True,False,False,False,False,True,False,False,False,True,2026-09-08
themuse:22051105,themuse,Europa,Call Operations Analyst,Otro,False,False,fuera_de_alcance,Bank of America,"Chester, United Kingdom",Semi Senior,Mid Level,,,,https://www.themuse.com/jobs/bankofamerica/call-operations-analyst,,,,,2026-09-02T02:55:57Z,analitica,description,,0,0,2,0,0,False,False,True,False,False,False,False,False,False,False,False,False,False,False,False,False,False,False,False,False,False,False,False,False,False,True,False,False,2026-09-08
themuse:22034686,themuse,EE. UU. / Canadá,"Supply Chain Planner, PCB (Starlink)",Otro,False,False,fuera_de_alcance,SpaceX,"Lockhart, TX",Semi Senior,Mid Level,,,,https://www.themuse.com/jobs/spacex/supply-chain-planner-pcb-starlink,,,,,2026-08-05T23:37:03Z,analitica,description,1.0,0,0,5,0,2,True,False,True,True,False,False,False,False,False,False,False,False,False,False,False,False,False,False,False,False,False,False,False,False,False,False,True,False,2026-09-08
themuse:22103185,themuse,Otra / sin dato,Assistant Manager,Otro,False,False,fuera_de_alcance,Bank of America,"Chennai, India; Hyderabad, India",Senior,Senior Level,,,,https://www.themuse.com/jobs/bankofamerica/assistant-manager-674bf7,,,,,2026-08-27T23:32:48Z,analitica,description,9.0,0,0,2,0,0,False,False,False,False,False,False,False,False,False,False,False,False,False,False,False,False,False,False,False,False,False,False,False,False,False,True,True,True,2026-09-08
themuse:21845131,themuse,LATAM,Murex Business Analyst ,Business Analyst,True,True,titulo,Exadel,"Barra do Garças, Brazil",Senior,Senior Level,,,,https://www.themuse.com/jobs/exadel/murex-business-analyst-539951,,,,,2026-08-28T19:50:57Z,señal_debil,description,,0,0,0,1,0,True,False,False,False,False,False,False,False,False,False,False,False,False,False,False,False,False,False,False,False,False,False,False,False,False,True,True,True,2026-09-08
themuse:22078861,themuse,EE. UU. / Canadá,"Senior Data Engineer - AI Infrastructure Integration, High Performance Compute",Data Engineer / Arquitecto,True,True,titulo,Bank of America,"Charlotte, NC; Jersey City, NJ; New York, NY",Senior,Senior Level,,,,https://www.themuse.com/jobs/bankofamerica/senior-data-engineer-ai-infrastructure-integration-high-performance-compute-be7712,,,,,2026-09-02T02:56:00Z,mixto,description,7.0,0,6,7,2,3,True,True,False,False,True,False,False,True,True,True,True,False,False,False,False,False,False,False,False,False,False,True,False,True,True,True,True,True,2026-09-08
themuse:20897848,themuse,EE. UU. / Canadá,Global Operations Specialist,Otro,False,False,fuera_de_alcance,Flexport,"Dallas, TX; Los Angeles, CA",Junior,Entry Level,,,,https://www.themuse.com/jobs/flexport/global-operations-specialist-22a58f,,,,,2026-08-28T19:24:45Z,mixto,description,,0,0,1,0,2,False,False,True,False,False,False,False,False,False,False,False,False,False,False,False,False,False,False,False,False,False,False,False,False,False,True,False,False,2026-09-08
themuse:22078809,themuse,Europa,Markets Support Specialist,Otro,False,False,fuera_de_alcance,Bank of America,"London, United Kingdom",Semi Senior,Mid Level,,,,https://www.themuse.com/jobs/bankofamerica/markets-support-specialist-b02fca,,,,,2026-08-27T23:32:39Z,señal_debil,description,,0,0,1,0,0,True,False,True,False,False,False,False,False,False,False,False,False,False,False,False,False,False,False,False,False,False,False,False,False,False,True,True,False,2026-09-08
themuse:22010377,themuse,Global / remoto,Senior Value Engineer – Manufacturing,Otro,False,False,fuera_de_alcance,Celonis,Flexible / Remote,Senior,Senior Level,,,,https://www.themuse.com/jobs/celonis/senior-value-engineer-manufacturing-5cc247,,,,,2026-08-28T19:58:25Z,mixto,description,4.0,0,0,1,2,0,True,True,False,False,False,False,False,True,True,False,True,True,True,True,False,False,False,False,False,False,False,False,False,True,False,False,True,True,2026-09-08
themuse:18502677,themuse,EE. UU. / Canadá,Patient Technology Technician,Otro,False,False,fuera_de_alcance,UCHealth,"Littleton, CO",Semi Senior,Mid Level,,,,https://www.themuse.com/jobs/uchealth/patient-technology-technician-2c3c8f,,,,,2025-04-12T00:47:13Z,sin_señal,description,,0,0,0,0,0,False,False,False,False,False,False,False,False,False,False,False,False,False,False,False,False,False,False,False,False,False,False,False,False,False,False,False,False,2026-09-08
themuse:21825709,themuse,Otra / sin dato,"Senior Manager, FP&A",Otro,False,False,fuera_de_alcance,Flexport,Singapore,Senior,Senior Level,,,,https://www.themuse.com/jobs/flexport/senior-manager-fpa,,,,,2026-08-28T19:24:49Z,analitica,description,8.0,0,1,5,2,1,True,False,True,False,False,True,False,False,False,False,False,False,False,False,True,True,False,False,False,False,False,False,False,False,False,True,False,False,2026-09-08
themuse:22126944,themuse,Global / remoto,Sr. Program Manager - Grid Services,Otro,False,False,fuera_de_alcance,Sunrun,Flexible / Remote,Senior,Senior Level,,,,https://www.themuse.com/jobs/sunrun/sr-program-manager-grid-services,,,,,2026-09-05T21:57:28Z,mixto,description,5.0,0,1,2,1,1,True,False,False,False,False,False,True,False,False,False,False,False,False,False,False,False,False,False,False,False,False,False,False,False,False,True,True,True,2026-09-08
themuse:18411163,themuse,Otra / sin dato,Registered Nurse I-Acute MedSurgical A-Full Time,Otro,False,False,fuera_de_alcance,Christus Health,"Alexandria, LA",Semi Senior,Mid Level,,,,https://www.themuse.com/jobs/christushealth/registered-nurse-iacute-medsurgical-afull-time-5621a7,,,,,2025-04-18T03:52:03Z,mixto,description,,0,0,1,0,1,False,False,False,False,False,False,False,False,False,False,False,False,False,False,False,False,False,False,False,False,False,False,False,False,False,True,False,True,2026-09-08
themuse:21894679,themuse,EE. UU. / Canadá,Senior ES&H Representative,Otro,False,False,fuera_de_alcance,Bechtel,"Baldwinsville, NY",Senior,Senior Level,,,,https://www.themuse.com/jobs/bechtel/senior-esh-representative,,,,,2026-07-25T20:39:34Z,mixto,description,,0,0,1,0,1,False,False,False,False,False,False,False,False,False,False,False,False,False,False,False,False,False,False,False,False,False,False,False,False,False,True,True,False,2026-09-08
themuse:22087460,themuse,Otra / sin dato,Senior Manager,Otro,False,False,fuera_de_alcance,Bank of America,"Gurgaon, India; Mumbai, India",Senior,Senior Level,,,,https://www.themuse.com/jobs/bankofamerica/senior-manager-7e6fcb,,,,,2026-08-21T22:20:43Z,analitica,description,10.0,0,1,5,0,1,False,False,True,False,True,False,False,False,False,False,False,False,False,False,False,False,False,False,False,False,False,False,False,True,False,True,True,True,2026-09-08
themuse:22118862,themuse,EE. UU. / Canadá,AI Engineer - Cyber Programs,ML / AI Engineer,True,True,titulo,The Coca-Cola Company,"Atlanta, GA",Senior,Senior Level,,,,https://www.themuse.com/jobs/thecocacolacompany/ai-engineer-cyber-programs-5e337e,,,,,2026-09-02T20:12:19Z,mixto,description,3.0,0,2,1,2,1,True,True,False,False,False,False,False,False,False,True,True,False,False,True,False,False,False,False,False,True,False,False,False,True,False,True,True,False,2026-09-08
themuse:22113872,themuse,Europa,Associate (AI) Solution Consultant (Nordics) - Orbit Program,Otro,False,False,fuera_de_alcance,Celonis,"Madrid, Spain",Semi Senior,Mid Level,,,,https://www.themuse.com/jobs/celonis/associate-ai-solution-consultant-nordics-orbit-program,,,,,2026-09-03T18:36:48Z,mixto,description,1.0,0,1,0,2,0,True,True,False,False,False,False,False,True,True,False,True,True,False,False,False,False,False,False,False,False,False,False,False,True,False,True,False,True,2026-09-08
themuse:22077011,themuse,EE. UU. / Canadá,Field Superintendent - Civil (CCGT),Otro,False,False,fuera_de_alcance,Bechtel,"Cheyenne, WY; Reston, VA",Senior,Senior Level,,,,https://www.themuse.com/jobs/bechtel/field-superintendent-civil-ccgt-3f873e,,,,,2026-08-19T04:36:39Z,mixto,description,5.0,0,1,1,0,1,False,False,False,False,False,False,False,False,False,False,False,False,False,False,False,False,False,False,False,False,False,False,False,False,False,True,False,False,2026-09-08
themuse:22085692,themuse,Otra / sin dato,Turnover Coordinator,Otro,False,False,fuera_de_alcance,Bechtel,"Lake Charles, LA",Senior,Senior Level,,,,https://www.themuse.com/jobs/bechtel/turnover-coordinator-2787d2,,,,,2026-08-21T06:29:30Z,señal_debil,description,5.0,0,0,1,0,0,False,False,True,False,False,False,False,False,False,False,False,False,False,False,False,False,False,False,False,False,False,False,False,False,False,False,False,False,2026-09-08
themuse:21759922,themuse,EE. UU. / Canadá,"Lead, Fulfillment Purchasing",Otro,False,False,fuera_de_alcance,SpaceX,"Waco, TX",Semi Senior,Mid Level,,,,https://www.themuse.com/jobs/spacex/lead-fulfillment-purchasing,,,,,2026-07-20T23:48:31Z,analitica,description,3.0,0,1,3,0,0,True,False,False,True,False,False,False,False,False,False,False,False,False,False,False,False,False,False,False,False,False,False,False,False,False,True,True,True,2026-09-08
themuse:21754344,themuse,EE. UU. / Canadá,"Sr. AI Engineer, Special Programs - Top Secret Clearance",ML / AI Engineer,True,True,titulo,SpaceX,"Palo Alto, CA; Washington, DC",Senior,Senior Level,,,,https://www.themuse.com/jobs/spacex/sr-ai-engineer-special-programs-top-secret-clearance-7b408f,,,,,2026-09-02T19:46:29Z,ciencia_datos,description,5.0,0,3,1,1,1,False,True,False,False,False,False,False,False,False,False,False,False,False,False,False,False,False,False,False,False,False,False,False,False,False,True,True,False,2026-09-08
themuse:21800006,themuse,EE. UU. / Canadá,Sr. Industrial Hygienist,Otro,False,False,fuera_de_alcance,SpaceX,"Brownsville, TX; El Segundo, CA; Lockhart, TX; Waco, TX",Senior,Senior Level,,,,https://www.themuse.com/jobs/spacex/sr-industrial-hygienist-74e223,,,,,2026-07-20T23:49:35Z,analitica,description,5.0,0,2,4,0,1,False,False,False,True,True,False,False,False,False,False,False,False,False,False,False,False,False,False,False,False,False,False,False,False,False,False,False,False,2026-09-08
themuse:22131137,themuse,EE. UU. / Canadá,Deputy Area Field Superintedent,Otro,False,False,fuera_de_alcance,Bechtel,"Fort Stockton, TX",Senior,Senior Level,,,,https://www.themuse.com/jobs/bechtel/deputy-area-field-superintedent,,,,,2026-09-03T22:02:07Z,mixto,description,10.0,0,0,1,0,1,False,False,False,False,False,False,False,False,False,False,False,False,False,False,False,False,False,False,False,False,False,False,False,False,False,False,False,False,2026-09-08
themuse:22005520,themuse,EE. UU. / Canadá,Principal Enterprise Architect,Otro,False,False,fuera_de_alcance,Celonis,"New York, NY",Senior,Senior Level,,,,https://www.themuse.com/jobs/celonis/principal-enterprise-architect-59cc58,,,,,2026-08-25T19:37:41Z,ingenieria,description,10.0,0,0,0,3,0,True,True,False,False,False,False,False,False,False,False,False,False,True,True,True,False,False,False,False,False,False,False,False,False,False,True,True,True,2026-09-08
themuse:21928008,themuse,LATAM,Consumer Growth Lead - Mexico,Otro,False,False,fuera_de_alcance,Uber,"Xochimilco, Mexico",Senior,Senior Level,,,,https://www.themuse.com/jobs/uber/consumer-growth-lead-mexico,,,,,2026-07-31T00:31:47Z,mixto,description,8.0,0,1,2,0,0,True,False,False,False,False,False,False,False,False,False,False,False,False,False,False,False,False,False,False,False,False,False,False,False,False,True,True,True,2026-09-08
themuse:22093991,themuse,EE. UU. / Canadá,Senior Field Marketing Manager - Consumer & Life Sciences Industries,Otro,False,False,fuera_de_alcance,Celonis,"Raleigh, NC",Senior,Senior Level,,,,https://www.themuse.com/jobs/celonis/senior-field-marketing-manager-consumer-life-sciences-industries-a4c3bd,,,,,2026-08-24T23:47:07Z,mixto,description,7.0,0,0,1,1,0,False,False,False,False,False,False,False,False,False,False,False,False,False,False,False,False,False,False,False,False,False,False,False,False,False,True,True,True,2026-09-08
themuse:21870963,themuse,EE. UU. / Canadá,"Production Scheduler, Starship Components",Otro,False,False,fuera_de_alcance,SpaceX,"El Segundo, CA",Semi Senior,Mid Level,,,,https://www.themuse.com/jobs/spacex/production-scheduler-starship-components,,,,,2026-06-25T18:40:46Z,analitica,description,1.0,0,0,2,0,0,True,False,False,True,False,False,False,False,False,False,False,False,False,False,False,False,False,False,False,False,False,False,False,False,False,True,True,True,2026-09-08
themuse:22013560,themuse,EE. UU. / Canadá,Global Supply Manager (Raptor),Otro,False,False,fuera_de_alcance,SpaceX,"El Segundo, CA",Senior,Senior Level,,,,https://www.themuse.com/jobs/spacex/global-supply-manager-raptor-0257fd,,,,,2026-08-11T23:36:40Z,mixto,description,4.0,0,2,0,0,1,False,False,False,False,False,False,False,False,False,False,False,False,False,False,False,False,False,False,False,False,False,False,False,False,False,True,True,False,2026-09-08
themuse:22005470,themuse,EE. UU. / Canadá,"Operations Engineer, Applied AI (Application Software) ",Otro,False,False,fuera_de_alcance,SpaceX,"Brownsville, TX; El Segundo, CA; Lockhart, TX; Lompoc, CA; Redmond, WA; Rockledge, FL; Waco, TX",Semi Senior,Mid Level,,,,https://www.themuse.com/jobs/spacex/operations-engineer-applied-ai-application-software-405676,,,,,2026-09-02T19:45:56Z,señal_debil,description,1.0,0,1,0,0,0,False,False,False,False,False,False,False,False,False,False,False,False,False,False,False,False,False,False,False,False,False,False,False,True,False,False,True,True,2026-09-08
themuse:22070562,themuse,EE. UU. / Canadá,"Sr. Manager, Business Intelligence",Data Analyst / BI,True,True,titulo,McKesson,"Irving, TX",Senior,Senior Level,,,,https://www.themuse.com/jobs/mckesson/sr-manager-business-intelligence-5b4800,,,,,2026-08-17T01:33:25Z,analitica,description,1.0,0,0,8,1,1,True,False,False,True,True,False,False,False,False,False,False,True,False,True,False,True,False,False,False,False,False,False,False,False,False,True,True,True,2026-09-08
themuse:21987834,themuse,EE. UU. / Canadá,Security Incident Response Orchestration Lead,Otro,False,False,fuera_de_alcance,Bank of America,"Chicago, IL; Denver, CO; Washington, DC",Senior,Senior Level,,,,https://www.themuse.com/jobs/bankofamerica/security-incident-response-orchestration-lead-0917ff,,,,,2026-09-04T19:52:23Z,mixto,description,5.0,0,0,1,2,1,False,True,False,False,False,False,False,False,False,False,False,False,True,True,True,False,False,False,False,False,False,False,False,True,False,False,True,True,2026-09-08
themuse:22093050,themuse,Europa,Enterprise Architect Director,Otro,False,False,fuera_de_alcance,Celonis,"London, United Kingdom",Senior,Senior Level,,,,https://www.themuse.com/jobs/celonis/enterprise-architect-director-f9dd24,,,,,2026-08-24T19:41:02Z,ingenieria,description,20.0,0,0,0,3,0,True,True,False,False,False,False,False,False,False,False,False,False,True,True,True,False,False,False,False,False,False,False,False,False,False,True,True,True,2026-09-08
themuse:18241362,themuse,EE. UU. / Canadá,"Lead Business Analyst, EFS",Business Analyst,True,True,titulo,The Friedkin Group,"Houston, TX",Senior,Senior Level,,,,https://www.themuse.com/jobs/thefriedkingroup/lead-business-analyst-efs-3465d8,,,,,2025-09-04T11:47:54Z,analitica,description,8.0,0,0,5,1,0,True,False,False,True,False,False,False,False,False,False,False,False,False,False,False,False,False,False,False,False,False,False,False,False,False,True,True,True,2026-09-08
themuse:21677281,themuse,Otra / sin dato,Lead Applied Value Engineer | Healthcare & Lifesciences,Otro,False,False,fuera_de_alcance,Celonis,"Bangalore, India",Senior,Senior Level,,,,https://www.themuse.com/jobs/celonis/lead-applied-value-engineer-healthcare-lifesciences-c2e0a0,,,,,2026-08-24T19:41:16Z,señal_debil,description,9.0,0,0,1,0,0,True,True,False,False,False,False,False,False,False,False,False,False,False,False,False,False,False,False,False,False,False,False,False,False,False,True,True,True,2026-09-08
themuse:21813325,themuse,LATAM,Client Outreach Onboarding Specialist,Otro,False,False,fuera_de_alcance,Bank of America,"Mexico City, Mexico",Semi Senior,Mid Level,,,,https://www.themuse.com/jobs/bankofamerica/client-outreach-onboarding-specialist,,,,,2026-08-01T19:25:49Z,analitica,description,4.0,0,0,3,0,1,False,False,True,False,False,False,False,False,False,False,False,False,False,False,False,False,False,False,False,False,False,False,False,False,False,False,True,True,2026-09-08
themuse:22034571,themuse,EE. UU. / Canadá,"PIIM Data Engineer, Cardinal",Data Engineer / Arquitecto,True,True,titulo,Bechtel,"Reynoldsburg, OH",Senior,Senior Level,,,,https://www.themuse.com/jobs/bechtel/piim-data-engineer-cardinal,,,,,2026-08-21T06:29:29Z,ingenieria,description,5.0,0,1,4,8,1,True,True,False,True,False,False,False,False,False,False,False,True,False,True,False,False,False,False,False,False,False,False,False,False,False,True,True,True,2026-09-08
themuse:22035429,themuse,EE. UU. / Canadá,"Instrumentation & Controls Technician, Solar Cells (Starlink)",Otro,False,False,fuera_de_alcance,SpaceX,"Lockhart, TX",Semi Senior,Mid Level,,,,https://www.themuse.com/jobs/spacex/instrumentation-controls-technician-solar-cells-starlink,,,,,2026-08-06T18:42:31Z,señal_debil,description,2.0,0,0,0,0,1,False,False,True,False,False,False,False,False,False,False,False,False,False,False,False,False,False,False,False,False,False,False,False,False,False,True,False,True,2026-09-08
themuse:22123714,themuse,EE. UU. / Canadá,GFC Threat Identification & Liaison Manager,Otro,False,False,fuera_de_alcance,Bank of America,"Atlanta, GA; Charlotte, NC; Jersey City, NJ; McLean, VA; New York, NY",Senior,Senior Level,,,,https://www.themuse.com/jobs/bankofamerica/gfc-threat-identification-liaison-manager,,,,,2026-09-03T19:35:12Z,analitica,description,7.0,0,0,4,0,1,False,False,True,False,False,False,False,False,False,False,False,False,False,False,False,False,False,False,False,False,False,False,False,False,False,True,True,True,2026-09-08
themuse:21915400,themuse,EE. UU. / Canadá,"Sourcing Manager, Indirect (Starlink)",Otro,False,False,fuera_de_alcance,SpaceX,"Lockhart, TX",Senior,Senior Level,,,,https://www.themuse.com/jobs/spacex/sourcing-manager-indirect-starlink-9db417,,,,,2026-09-03T18:35:09Z,mixto,description,5.0,0,1,1,0,0,True,False,True,True,False,False,False,False,False,False,False,False,False,False,False,False,False,False,False,False,False,False,False,False,False,True,True,False,2026-09-08
themuse:22131043,themuse,EE. UU. / Canadá,Automation Coordinator Smart Completions,Otro,False,False,fuera_de_alcance,Bechtel,"Gunnison, CO; Reston, VA",Senior,Senior Level,,,,https://www.themuse.com/jobs/bechtel/automation-coordinator-smart-completions,,,,,2026-09-03T22:01:58Z,analitica,description,5.0,0,0,3,1,1,True,False,False,True,False,False,False,False,False,False,False,False,False,False,False,False,False,False,False,False,False,False,False,False,False,True,False,False,2026-09-08
themuse:21904807,themuse,EE. UU. / Canadá,Applied AI Engineer - Technology Consultant,ML / AI Engineer,True,True,titulo,Celonis,"New York, NY",Semi Senior,Mid Level,,,,https://www.themuse.com/jobs/celonis/applied-ai-engineer-technology-consultant,,,,,2026-08-31T19:58:11Z,mixto,description,4.0,0,0,2,1,0,False,True,False,False,False,False,False,True,True,False,True,False,True,True,False,False,False,False,False,False,False,False,False,True,False,False,True,True,2026-09-08
themuse:22035432,themuse,EE. UU. / Canadá,"Sourcing Specialist, Natural Gas",Otro,False,False,fuera_de_alcance,SpaceX,"Brownsville, TX; Rockledge, FL",Semi Senior,Mid Level,,,,https://www.themuse.com/jobs/spacex/sourcing-specialist-natural-gas,,,,,2026-08-17T18:59:46Z,mixto,description,1.0,0,0,2,1,1,True,False,True,True,False,False,False,False,False,False,False,False,False,False,False,False,False,False,False,False,False,False,False,False,False,True,True,False,2026-09-08
themuse:21754355,themuse,EE. UU. / Canadá,"Sr. AI Engineer, Platform Infrastructure, Special Programs",ML / AI Engineer,True,True,titulo,SpaceX,"Palo Alto, CA; Washington, DC",Senior,Senior Level,,,,https://www.themuse.com/jobs/spacex/sr-ai-engineer-platform-infrastructure-special-programs-b0312d,,,,,2026-09-02T19:46:28Z,mixto,description,5.0,0,1,0,1,0,False,True,False,False,False,False,False,False,False,False,False,False,False,False,False,False,False,False,True,True,False,False,False,False,False,False,False,False,2026-09-08
themuse:21479004,themuse,Otra / sin dato,Lead Applied Value Engineer - CPGR /CMT -NAM,Otro,False,False,fuera_de_alcance,Celonis,"Bangalore, India",Senior,Senior Level,,,,https://www.themuse.com/jobs/celonis/lead-applied-value-engineer-cpgr-cmt-nam,,,,,2026-08-27T19:39:36Z,señal_debil,description,,0,0,1,0,0,True,True,False,False,False,False,False,False,False,False,False,False,False,False,False,False,False,False,False,False,False,False,False,False,False,True,True,True,2026-09-08
themuse:21816153,themuse,EE. UU. / Canadá,Sr. Business Analyst (Starlink Enterprise),Business Analyst,True,True,titulo,SpaceX,"Lockhart, TX",Senior,Senior Level,,,,https://www.themuse.com/jobs/spacex/sr-business-analyst-starlink-enterprise-369ebc,,,,,2026-06-26T18:34:35Z,analitica,description,3.0,0,0,7,2,0,True,True,False,True,True,True,True,False,False,False,False,False,False,False,False,False,False,False,False,False,False,False,False,False,False,True,True,True,2026-09-08
themuse:21894936,themuse,EE. UU. / Canadá,Superintendent - Indirects,Otro,False,False,fuera_de_alcance,Bechtel,"Fort Stockton, TX",Senior,Senior Level,,,,https://www.themuse.com/jobs/bechtel/superintendent-indirects-e0bcad,,,,,2026-08-19T04:36:41Z,mixto,description,8.0,0,0,1,0,1,False,False,False,False,False,False,False,False,False,False,False,False,False,False,False,False,False,False,False,False,False,False,False,False,False,False,False,False,2026-09-08
themuse:18207679,themuse,Otra / sin dato,Retail Data Collector,Otro,False,False,fuera_de_alcance,SAS Retail Services,"Johnston, RI",Semi Senior,Mid Level,,,,https://www.themuse.com/jobs/sasretailservices/retail-data-collector-395695,,,,,2025-06-08T09:59:17Z,sin_señal,description,18.0,0,0,0,0,0,False,False,False,False,False,False,False,False,False,False,False,False,False,False,False,False,False,False,False,False,False,False,False,False,False,False,False,False,2026-09-08
themuse:22077303,themuse,EE. UU. / Canadá,Senior Data Engineer ,Data Engineer / Arquitecto,True,True,titulo,Exadel,"Dublin, GA; Kazanlak, Bulgaria; Kėdainiai, Lithuania; Nurota, Uzbekistan; Ozorków, Poland",Senior,Senior Level,,,,https://www.themuse.com/jobs/exadel/senior-data-engineer-ff2d56,,,,,2026-08-28T19:50:59Z,ingenieria,description,,0,0,1,7,2,True,True,False,False,False,False,False,False,False,False,False,True,True,False,True,False,True,False,False,False,True,False,False,False,False,True,True,True,2026-09-08
themuse:21968568,themuse,EE. UU. / Canadá,Field Superintendent - Rigging,Otro,False,False,fuera_de_alcance,Bechtel,"Cheyenne, WY; Houston, TX; Reston, VA",Senior,Senior Level,,,,https://www.themuse.com/jobs/bechtel/field-superintendent-rigging-3daf66,,,,,2026-07-18T19:53:26Z,mixto,description,5.0,0,1,1,0,1,False,False,False,False,False,False,False,False,False,False,False,False,False,False,False,False,False,False,False,False,False,False,False,False,False,True,False,False,2026-09-08
themuse:19380513,themuse,EE. UU. / Canadá,RN ASC GI Per Diem,Otro,False,False,fuera_de_alcance,Optum,"Mt. Vernon, WA",Semi Senior,Mid Level,,,,https://www.themuse.com/jobs/optum/rn-asc-gi-per-diem-193a0a,,,,,2025-06-27T11:44:24Z,sin_señal,description,1.0,0,0,0,0,0,False,False,False,False,False,False,False,False,False,False,False,False,False,False,False,False,False,False,False,False,False,False,False,False,False,True,False,True,2026-09-08
themuse:22129843,themuse,Otra / sin dato,Safety Investigations Specialist III,Otro,False,False,fuera_de_alcance,Uber,"Hyderabad, India",Semi Senior,Mid Level,,,,https://www.themuse.com/jobs/uber/safety-investigations-specialist-iii-90f464,,,,,2026-09-03T21:53:34Z,señal_debil,description,,0,0,1,0,0,False,False,False,False,False,False,False,False,False,False,False,False,False,False,False,False,False,False,False,False,False,False,False,False,False,True,True,True,2026-09-08
themuse:21928471,themuse,Otra / sin dato,Senior Applied Value Engineer - UKI | HLS,Otro,False,False,fuera_de_alcance,Celonis,"Bangalore, India",Senior,Senior Level,,,,https://www.themuse.com/jobs/celonis/senior-applied-value-engineer-uki-hls,,,,,2026-08-24T19:41:36Z,señal_debil,description,9.0,0,0,1,0,0,True,True,False,False,False,False,False,False,False,False,False,False,False,False,False,False,False,False,False,False,False,False,False,False,False,True,True,True,2026-09-08
themuse:22094682,themuse,Global / remoto,Client Director - AEP,Otro,False,False,fuera_de_alcance,Celonis,Flexible / Remote,Senior,Senior Level,,,,https://www.themuse.com/jobs/celonis/client-director-aep,,,,,2026-08-26T19:42:06Z,mixto,description,5.0,0,1,0,2,0,False,False,False,False,False,False,False,False,False,False,False,False,False,False,False,False,False,False,False,False,False,False,False,True,False,False,True,True,2026-09-08
themuse:18550120,themuse,EE. UU. / Canadá,Data Center Engineering Operations Technician,Otro,False,False,fuera_de_alcance,"Amazon Data Services, Inc.","Hermiston, OR",Semi Senior,Mid Level,,,,https://www.themuse.com/jobs/amazondataservicesinc/data-center-engineering-operations-technician-1d15c7,,,,,2025-04-16T15:51:47Z,señal_debil,description,2.0,0,0,1,0,0,False,False,True,False,False,False,False,False,False,False,False,False,True,False,False,False,False,False,False,False,False,False,False,False,False,False,False,True,2026-09-08
themuse:21772221,themuse,Europa,Client Value Partner - Retail,Otro,False,False,fuera_de_alcance,Celonis,"Munich, Germany",Senior,Senior Level,,,,https://www.themuse.com/jobs/celonis/client-value-partner-retail-7df32d,,,,,2026-08-24T19:40:55Z,mixto,description,15.0,0,2,1,2,0,False,False,False,False,False,False,False,False,False,False,False,False,False,False,False,False,False,False,False,False,False,False,False,False,False,True,True,True,2026-09-08
themuse:21644788,themuse,EE. UU. / Canadá,"Metrology Specialist, Solar Cells (Starlink) - Day Shift",Otro,False,False,fuera_de_alcance,SpaceX,"Lockhart, TX",Semi Senior,Mid Level,,,,https://www.themuse.com/jobs/spacex/metrology-specialist-solar-cells-starlink-day-shift,,,,,2026-06-26T18:34:26Z,señal_debil,description,2.0,0,0,1,0,0,False,False,False,False,False,False,False,False,False,False,False,False,True,False,False,False,False,False,False,False,False,False,False,False,False,True,False,True,2026-09-08
themuse:22048076,themuse,Otra / sin dato,"Senior Director, Data Analytics",Data Analyst / BI,True,True,titulo,The Coca-Cola Company,"Tokyo, Japan",Senior,Senior Level,,,,https://www.themuse.com/jobs/thecocacolacompany/senior-director-data-analytics,,,,,2026-08-10T18:33:26Z,mixto,description,12.0,0,3,2,2,1,False,False,False,False,False,False,False,False,False,False,False,False,False,False,False,False,False,False,False,False,False,False,False,False,False,True,True,True,2026-09-08
themuse:21038716,themuse,EE. UU. / Canadá,"Manager, Software Engineering, Gameplay AI - VALORANT",Otro,False,False,fuera_de_alcance,Riot Games,"Los Angeles, CA",Senior,Senior Level,,,,https://www.themuse.com/jobs/riotgames/manager-software-engineering-gameplay-ai-valorant,,,,,2026-09-03T18:30:25Z,mixto,description,2.0,0,2,1,0,1,False,False,False,False,False,False,False,False,False,False,False,False,False,False,False,False,False,False,False,False,False,False,False,False,False,True,True,True,2026-09-08
themuse:22115371,themuse,Europa,Intern Global Customer Advocacy,Otro,False,False,fuera_de_alcance,Celonis,"Madrid, Spain",Sin experiencia,Internship,,,,https://www.themuse.com/jobs/celonis/intern-global-customer-advocacy,,,,,2026-09-01T19:58:09Z,mixto,description,,0,0,1,1,0,False,False,False,False,False,False,False,False,False,False,False,False,False,False,False,False,False,False,False,False,False,False,False,False,False,True,False,True,2026-09-08
themuse:21816879,themuse,EE. UU. / Canadá,Lead Data Engineer,Data Engineer / Arquitecto,True,True,titulo,Exadel,"Dublin, GA; Făgăraș, Romania; Kazanlak, Bulgaria; Ozorków, Poland",Senior,Senior Level,,,,https://www.themuse.com/jobs/exadel/lead-data-engineer-7a0d9b,,,,,2026-08-28T19:50:56Z,ingenieria,description,,0,0,1,4,2,False,False,False,False,False,False,False,False,False,False,False,True,True,True,False,False,False,False,False,False,False,False,False,True,False,True,True,True,2026-09-08
themuse:21643616,themuse,EE. UU. / Canadá,"Gas & Chemical Technician, Solar Cells (Starlink) - Day Shift",Otro,False,False,fuera_de_alcance,SpaceX,"Lockhart, TX",Semi Senior,Mid Level,,,,https://www.themuse.com/jobs/spacex/gas-chemical-technician-solar-cells-starlink-day-shift,,,,,2026-06-26T18:34:16Z,sin_señal,description,2.0,0,0,0,0,0,False,False,False,False,False,False,False,False,False,False,False,False,True,False,False,False,False,False,False,False,False,False,False,False,False,True,False,True,2026-09-08
themuse:22059638,themuse,EE. UU. / Canadá,Senior Technology Manager,Otro,False,False,fuera_de_alcance,Bank of America,"Charlotte, NC",Senior,Senior Level,,,,https://www.themuse.com/jobs/bankofamerica/senior-technology-manager-e7d015,,,,,2026-08-13T20:17:32Z,mixto,description,15.0,0,0,1,2,1,False,False,False,False,False,False,False,False,False,False,False,False,False,False,False,False,False,False,False,False,False,False,False,True,False,True,True,True,2026-09-08
themuse:18437787,themuse,EE. UU. / Canadá,Digital Innovation Strategy and Operations Senior Analyst,Otro,False,False,fuera_de_alcance,Disney,"New York, NY",Senior,Senior Level,,,,https://www.themuse.com/jobs/disney/digital-innovation-strategy-and-operations-senior-analyst-0e1183,,,,,2025-04-07T04:00:11Z,mixto,description,3.0,0,1,1,0,0,False,False,True,False,False,False,False,False,False,False,False,False,False,False,False,False,False,False,False,False,False,False,False,True,False,True,True,True,2026-09-08
themuse:21577619,themuse,EE. UU. / Canadá,Data Infrastructure Operations Specialist II (Starlink),Otro,False,False,fuera_de_alcance,SpaceX,"Redmond, WA",Semi Senior,Mid Level,,,,https://www.themuse.com/jobs/spacex/data-infrastructure-operations-specialist-ii-starlink,,,,,2026-08-28T19:41:50Z,mixto,description,3.0,0,0,3,2,1,False,False,False,False,False,False,False,False,False,False,False,False,False,False,False,False,False,False,False,False,False,False,False,False,False,True,True,False,2026-09-08
themuse:22062741,themuse,Europa,Global Content Graduated Internship (12 months),Otro,False,False,fuera_de_alcance,Celonis,"Madrid, Spain",Sin experiencia,Internship,,,,https://www.themuse.com/jobs/celonis/global-content-graduated-internship-12-months,,,,,2026-08-24T19:41:08Z,analitica,description,,0,0,2,0,0,False,False,False,False,False,False,False,False,False,False,False,False,False,False,False,False,False,False,False,False,False,False,False,False,False,True,True,True,2026-09-08
themuse:21976349,themuse,Europa,Global Financial Crimes Investigator,Otro,False,False,fuera_de_alcance,Bank of America,"Belfast, United Kingdom",Semi Senior,Mid Level,,,,https://www.themuse.com/jobs/bankofamerica/global-financial-crimes-investigator-b5fa60,,,,,2026-08-13T20:17:25Z,analitica,description,,0,0,3,0,1,False,False,True,False,False,False,False,False,False,False,False,False,False,False,False,False,False,False,False,False,False,False,False,False,False,True,True,False,2026-09-08
themuse:21958286,themuse,Global / remoto,"Assistant Vice President, AML Refresh Operations",Otro,False,False,fuera_de_alcance,Bank of America,"Bonifacio Global City, Philippines",Senior,Senior Level,,,,https://www.themuse.com/jobs/bankofamerica/assistant-vice-president-aml-refresh-operations,,,,,2026-09-07T20:06:00Z,mixto,description,5.0,0,0,2,0,1,False,False,True,False,False,False,False,False,False,False,False,False,False,False,False,False,False,False,False,False,False,False,False,False,False,True,True,True,2026-09-08
themuse:22000680,themuse,Otra / sin dato,Manager,Otro,False,False,fuera_de_alcance,Bank of America,"Gurgaon, India",Senior,Senior Level,,,,https://www.themuse.com/jobs/bankofamerica/manager-71090d,,,,,2026-07-27T19:19:22Z,mixto,description,6.0,0,1,2,0,1,False,False,True,False,False,False,False,False,False,False,False,False,False,False,False,False,False,False,False,False,False,False,False,True,False,True,True,True,2026-09-08
themuse:22119583,themuse,EE. UU. / Canadá,"Director, Data Governance & Compliance",Data Governance / Calidad,True,True,titulo,USAA,"San Antonio, TX",Senior,Senior Level,,,,https://www.themuse.com/jobs/usaa/director-data-governance-compliance-28bf96,,,,,2026-09-02T21:32:08Z,gobierno_datos,description,3.0,0,0,1,0,4,False,False,False,False,False,False,False,False,False,False,False,False,False,False,False,False,False,False,False,False,False,False,False,False,False,False,True,True,2026-09-08
themuse:22084289,themuse,EE. UU. / Canadá,Actuary Lead,Otro,False,False,fuera_de_alcance,USAA,"Colorado Springs, CO",Senior,Senior Level,,,,https://www.themuse.com/jobs/usaa/actuary-lead-edf95d,,,,,2026-08-21T00:45:23Z,analitica,description,3.0,0,3,7,0,1,True,True,False,False,False,False,True,False,False,False,False,False,False,False,False,False,False,False,False,False,False,False,False,False,False,True,True,False,2026-09-08
themuse:21901147,themuse,Europa,Senior Solutions Architect,Otro,False,False,fuera_de_alcance,Celonis,"London, United Kingdom",Senior,Senior Level,,,,https://www.themuse.com/jobs/celonis/senior-solutions-architect-b21bc9,,,,,2026-08-24T19:41:43Z,ingenieria,description,3.0,0,0,0,4,1,True,True,False,False,False,False,False,False,False,False,False,False,True,True,True,False,False,False,True,True,False,False,False,False,False,False,True,True,2026-09-08
themuse:21923876,themuse,EE. UU. / Canadá,"Silicon Packaging Technician, Silicon Assembly (Starlink) ",Otro,False,False,fuera_de_alcance,SpaceX,"Lockhart, TX",Senior,Senior Level,,,,https://www.themuse.com/jobs/spacex/silicon-packaging-technician-silicon-assembly-starlink-e75865,,,,,2026-07-07T18:33:55Z,sin_señal,description,3.0,0,0,0,0,0,False,False,False,False,False,False,False,False,False,False,False,False,False,False,False,False,False,False,False,False,False,False,False,False,False,False,False,False,2026-09-08
themuse:21337725,themuse,EE. UU. / Canadá,Global Relocation Program Manager,Otro,False,False,fuera_de_alcance,SpaceX,"El Segundo, CA",Senior,Senior Level,,,,https://www.themuse.com/jobs/spacex/global-relocation-program-manager-ebdfe5,,,,,2026-06-26T18:34:16Z,mixto,description,8.0,0,0,2,0,1,False,False,True,False,False,False,False,False,False,False,False,False,False,False,False,False,False,False,False,False,False,False,False,False,False,True,True,True,2026-09-08
themuse:21772222,themuse,Europa,Client Value Partner - Retail,Otro,False,False,fuera_de_alcance,Celonis,"Munich, Germany",Senior,Senior Level,,,,https://www.themuse.com/jobs/celonis/client-value-partner-retail-f05dae,,,,,2026-08-24T19:40:57Z,mixto,description,15.0,0,2,1,2,0,False,False,False,False,False,False,False,False,False,False,False,False,False,False,False,False,False,False,False,False,False,False,False,False,False,True,True,True,2026-09-08
themuse:22005476,themuse,EE. UU. / Canadá,"Operations Engineer, Applied AI (Application Software) ",Otro,False,False,fuera_de_alcance,SpaceX,"Brownsville, TX; El Segundo, CA; Lockhart, TX; Lompoc, CA; Redmond, WA; Rockledge, FL; Waco, TX",Semi Senior,Mid Level,,,,https://www.themuse.com/jobs/spacex/operations-engineer-applied-ai-application-software-3eb34e,,,,,2026-09-02T19:45:55Z,señal_debil,description,1.0,0,1,0,0,0,False,False,False,False,False,False,False,False,False,False,False,False,False,False,False,False,False,False,False,False,False,False,False,True,False,False,True,True,2026-09-08
themuse:18038969,themuse,EE. UU. / Canadá,Supply Chain Analytics Manager,Data Analyst / BI,True,True,titulo,Cox Communications,"Roswell, GA",Senior,Senior Level,,,,https://www.themuse.com/jobs/coxcommunications/supply-chain-analytics-manager-5ac016,,,,,2025-04-14T06:49:14Z,analitica,description,1.0,0,1,6,1,0,True,True,True,False,True,False,True,False,False,False,False,False,False,False,False,False,False,False,False,False,False,True,False,False,False,True,True,True,2026-09-08
themuse:19398884,themuse,LATAM,"Sr. Account Specialist, Supervisor",Otro,False,False,fuera_de_alcance,DoorDash,"Mexico City, Mexico",Senior,Senior Level,,,,https://www.themuse.com/jobs/doordash/sr-account-specialist-supervisor,,,,,2025-07-10T12:00:33Z,señal_debil,description,3.0,0,0,1,0,0,True,False,True,False,False,False,False,False,False,False,False,False,False,False,False,False,False,False,False,False,False,False,False,False,False,False,True,True,2026-09-08
themuse:22099653,themuse,Otra / sin dato,"Vice President, Security Detection & Response, Global Information Security",Otro,False,False,fuera_de_alcance,Bank of America,"Sydney, Australia",Senior,Senior Level,,,,https://www.themuse.com/jobs/bankofamerica/vice-president-security-detection-response-global-information-security-0a135c,,,,,2026-08-26T23:41:44Z,mixto,description,,0,0,2,2,0,True,False,False,False,False,False,False,False,False,False,False,False,False,False,False,False,False,False,False,False,False,False,False,False,False,True,True,True,2026-09-08
themuse:21895091,themuse,EE. UU. / Canadá,Workforce Planner & Hydrotest Coordinator,Otro,False,False,fuera_de_alcance,Bechtel,"Gunnison, CO; Reston, VA",Senior,Senior Level,,,,https://www.themuse.com/jobs/bechtel/workforce-planner-hydrotest-coordinator-445516,,,,,2026-09-03T22:01:58Z,analitica,description,2.0,0,1,4,0,0,False,False,True,True,False,False,False,False,False,False,False,False,False,False,False,False,False,False,False,False,False,False,False,False,False,True,False,False,2026-09-08
themuse:22070862,themuse,Europa,(Graduated) Intern Online Training Translation (Korean speaking),Otro,False,False,fuera_de_alcance,Celonis,"Munich, Germany",Sin experiencia,Internship,,,,https://www.themuse.com/jobs/celonis/graduated-intern-online-training-translation-korean-speaking,,,,,2026-08-24T19:41:08Z,analitica,description,,0,0,2,0,0,False,False,False,False,False,False,False,False,False,False,False,False,False,False,False,False,False,False,False,False,False,False,False,False,False,True,False,True,2026-09-08
themuse:21624226,themuse,EE. UU. / Canadá,"Sourcing Manager, Mechanical (Starlink)",Otro,False,False,fuera_de_alcance,SpaceX,"Lockhart, TX",Senior,Senior Level,,,,https://www.themuse.com/jobs/spacex/sourcing-manager-mechanical-starlink,,,,,2026-06-26T18:34:34Z,señal_debil,description,5.0,0,0,1,0,0,False,False,False,False,False,False,False,False,False,False,False,False,False,False,False,False,False,False,False,False,False,False,False,False,False,True,True,False,2026-09-08
themuse:22113807,themuse,EE. UU. / Canadá,Customs Specialist,Otro,False,False,fuera_de_alcance,Flexport,"Atlanta, GA; Chicago, IL; Dallas, TX; Los Angeles, CA; New York, NY",Semi Senior,Mid Level,,,,https://www.themuse.com/jobs/flexport/customs-specialist-8d62ca,,,,,2026-08-31T19:15:24Z,señal_debil,description,,0,0,0,0,1,False,False,True,False,False,False,False,False,False,False,False,False,False,False,False,False,False,False,False,False,False,False,False,False,False,True,False,False,2026-09-08
themuse:21811820,themuse,Europa,Senior Value Engineer,Otro,False,False,fuera_de_alcance,Celonis,"London, United Kingdom",Senior,Senior Level,,,,https://www.themuse.com/jobs/celonis/senior-value-engineer-755e79,,,,,2026-08-24T19:41:45Z,analitica,description,,0,0,2,0,0,True,True,False,True,False,False,False,False,False,False,False,False,False,False,False,False,False,False,False,False,False,False,False,False,False,True,True,True,2026-09-08
themuse:21922458,themuse,EE. UU. / Canadá,"Quality Specialist, Precision Machining (Starlink)",Otro,False,False,fuera_de_alcance,SpaceX,"Woodinville, WA",Semi Senior,Mid Level,,,,https://www.themuse.com/jobs/spacex/quality-specialist-precision-machining-starlink,,,,,2026-07-24T23:39:37Z,señal_debil,description,2.0,0,0,0,0,1,False,False,False,False,False,False,False,False,False,False,False,False,False,False,False,False,False,False,False,False,False,False,False,False,False,True,False,True,2026-09-08
themuse:22048054,themuse,Otra / sin dato,"Senior Manager, Tech Delivery",Otro,False,False,fuera_de_alcance,The Coca-Cola Company,"Tokyo, Japan",Senior,Senior Level,,,,https://www.themuse.com/jobs/thecocacolacompany/senior-manager-tech-delivery,,,,,2026-08-10T18:33:26Z,mixto,description,7.0,0,1,1,0,0,False,False,False,False,False,False,False,False,False,False,False,False,False,True,False,False,False,False,False,False,False,False,False,False,False,True,True,False,2026-09-08
themuse:22000685,themuse,Otra / sin dato,Manager,Otro,False,False,fuera_de_alcance,Bank of America,"Gurgaon, India",Senior,Senior Level,,,,https://www.themuse.com/jobs/bankofamerica/manager-de3402,,,,,2026-07-27T19:19:22Z,mixto,description,6.0,0,1,2,0,1,False,False,True,False,False,False,False,False,False,False,False,False,False,False,False,False,False,False,False,False,False,False,False,True,False,True,True,True,2026-09-08
themuse:21955841,themuse,EE. UU. / Canadá,Project Structural Superintendent,Otro,False,False,fuera_de_alcance,Bechtel,"Fort Stockton, TX",Semi Senior,Mid Level,,,,https://www.themuse.com/jobs/bechtel/project-structural-superintendent,,,,,2026-07-15T21:06:28Z,mixto,description,8.0,0,1,1,0,1,False,False,False,False,False,False,False,False,False,False,False,False,False,False,False,False,False,False,False,False,False,False,False,False,False,True,False,False,2026-09-08
themuse:22129879,themuse,EE. UU. / Canadá,AV Fleet Technician,Otro,False,False,fuera_de_alcance,Uber,"Sunnyvale, CA",Semi Senior,Mid Level,,,,https://www.themuse.com/jobs/uber/av-fleet-technician,,,,,2026-09-03T21:53:36Z,sin_señal,description,3.0,0,0,0,0,0,False,False,False,False,False,False,False,False,False,False,False,False,False,False,False,False,False,False,False,False,False,False,False,False,False,True,False,True,2026-09-08
themuse:21436174,themuse,Europa,Associate Applied (AI) Value Engineer (APAC) - Orbit Program,Otro,False,False,fuera_de_alcance,Celonis,"Madrid, Spain",Semi Senior,Mid Level,,,,https://www.themuse.com/jobs/celonis/associate-applied-ai-value-engineer-apac-orbit-program,,,,,2026-09-08T18:37:33Z,mixto,description,1.0,0,1,0,2,0,True,True,False,False,False,False,False,True,True,False,True,True,False,False,False,False,False,False,False,False,False,False,False,True,False,True,False,True,2026-09-08
themuse:18502682,themuse,EE. UU. / Canadá,Patient Technology Technician,Otro,False,False,fuera_de_alcance,UCHealth,"Lone Tree, CO",Semi Senior,Mid Level,,,,https://www.themuse.com/jobs/uchealth/patient-technology-technician-736c6c,,,,,2025-04-12T00:47:13Z,sin_señal,description,,0,0,0,0,0,False,False,False,False,False,False,False,False,False,False,False,False,False,False,False,False,False,False,False,False,False,False,False,False,False,False,False,False,2026-09-08
themuse:18241364,themuse,EE. UU. / Canadá,"Lead Business Analyst, EFS",Business Analyst,True,True,titulo,The Friedkin Group,"Houston, TX",Senior,Senior Level,,,,https://www.themuse.com/jobs/thefriedkingroup/lead-business-analyst-efs-ca7b4e,,,,,2025-09-04T11:47:54Z,analitica,description,8.0,0,0,5,1,0,True,False,False,True,False,False,False,False,False,False,False,False,False,False,False,False,False,False,False,False,False,False,False,False,False,True,True,True,2026-09-08
themuse:21805893,themuse,EE. UU. / Canadá,"Director, Strategy & Planning, Community Operations",Otro,False,False,fuera_de_alcance,Uber,"New York, NY; San Francisco, CA",Senior,Senior Level,,,,https://www.themuse.com/jobs/uber/director-strategy-planning-community-operations,,,,,2026-07-07T00:23:39Z,analitica,description,3.0,0,1,3,1,0,False,False,True,False,False,False,False,False,False,False,False,False,False,False,False,False,False,False,False,False,False,False,False,False,False,True,True,True,2026-09-08
themuse:22048071,themuse,Otra / sin dato,Data Engineer,Data Engineer / Arquitecto,True,True,titulo,The Coca-Cola Company,"Tokyo, Japan",Senior,Senior Level,,,,https://www.themuse.com/jobs/thecocacolacompany/data-engineer-d41876,,,,,2026-08-11T23:36:15Z,ingenieria,description,10.0,0,2,1,5,3,False,False,False,False,False,False,False,False,False,False,False,False,False,False,False,False,False,False,False,False,False,False,False,False,False,True,True,False,2026-09-08
themuse:22117167,themuse,EE. UU. / Canadá,Senior Engineer- Agentic AI,Otro,False,False,fuera_de_alcance,Bank of America,"Charlotte, NC; New York, NY; Pennington, NJ",Senior,Senior Level,,,,https://www.themuse.com/jobs/bankofamerica/senior-engineer-agentic-ai,,,,,2026-09-02T02:56:16Z,mixto,description,2.0,0,1,2,2,3,False,False,False,False,False,False,False,False,False,False,False,False,False,True,False,False,False,False,True,True,False,False,False,True,True,True,True,False,2026-09-08
themuse:21727441,themuse,EE. UU. / Canadá,"Sourcing Manager, Electronics (Starlink)",Otro,False,False,fuera_de_alcance,SpaceX,"Redmond, WA",Senior,Senior Level,,,,https://www.themuse.com/jobs/spacex/sourcing-manager-electronics-starlink-cc03c1,,,,,2026-08-12T18:46:02Z,mixto,description,5.0,0,1,1,0,1,True,False,True,True,False,False,False,False,False,False,False,False,False,False,False,False,False,False,False,False,False,False,False,False,False,True,True,False,2026-09-08
themuse:22099626,themuse,Otra / sin dato,"Assistant Vice President, Service Delivery Analyst (Payroll)",Otro,False,False,fuera_de_alcance,Bank of America,"Mumbai, India",Semi Senior,Mid Level,,,,https://www.themuse.com/jobs/bankofamerica/assistant-vice-president-service-delivery-analyst-payroll,,,,,2026-08-26T23:41:40Z,analitica,description,12.0,0,0,6,1,1,False,False,True,False,False,False,False,False,False,False,False,False,False,False,False,False,False,False,False,False,False,False,False,False,False,True,True,True,2026-09-08
themuse:22018034,themuse,EE. UU. / Canadá,Field Superintendent - Piping,Otro,False,False,fuera_de_alcance,Bechtel,"Fort Stockton, TX",Senior,Senior Level,,,,https://www.themuse.com/jobs/bechtel/field-superintendent-piping-aa0193,,,,,2026-09-03T22:02:07Z,mixto,description,5.0,0,1,1,0,1,False,False,False,False,False,False,False,False,False,False,False,False,False,False,False,False,False,False,False,False,False,False,False,False,False,False,False,False,2026-09-08
themuse:22108929,themuse,EE. UU. / Canadá,Data Engineer,Data Engineer / Arquitecto,True,True,titulo,McKesson,"Irving, TX",Semi Senior,Mid Level,,,,https://www.themuse.com/jobs/mckesson/data-engineer-f228ad,,,,,2026-08-29T04:32:50Z,ingenieria,description,,0,0,2,7,2,True,True,False,False,False,False,False,False,False,False,False,True,False,False,False,False,False,False,False,True,False,False,False,False,False,True,False,True,2026-09-08
themuse:21680841,themuse,EE. UU. / Canadá,"Propulsion Engineer, Chamber and Nozzle Manufacturing (Raptor) ",Otro,False,False,fuera_de_alcance,SpaceX,"El Segundo, CA",Semi Senior,Mid Level,,,,https://www.themuse.com/jobs/spacex/propulsion-engineer-chamber-and-nozzle-manufacturing-raptor-ce5d18,,,,,2026-06-26T18:34:30Z,mixto,description,1.0,0,2,0,1,0,False,False,False,False,False,False,False,False,False,False,False,False,False,False,False,False,False,False,False,False,False,False,False,False,False,True,False,True,2026-09-08
themuse:21985709,themuse,EE. UU. / Canadá,Starlink Crisis Response Lead,Otro,False,False,fuera_de_alcance,SpaceX,"Lockhart, TX",Semi Senior,Mid Level,,,,https://www.themuse.com/jobs/spacex/starlink-crisis-response-lead-333933,,,,,2026-07-22T23:37:59Z,analitica,description,2.0,0,0,6,0,0,False,False,True,False,False,False,False,False,False,False,False,False,False,False,False,False,False,False,False,False,False,False,False,False,False,False,True,False,2026-09-08
themuse:22057529,themuse,EE. UU. / Canadá,Sr. Industrial Hygienist,Otro,False,False,fuera_de_alcance,SpaceX,"El Segundo, CA",Senior,Senior Level,,,,https://www.themuse.com/jobs/spacex/sr-industrial-hygienist-b005fe,,,,,2026-08-12T23:38:37Z,analitica,description,5.0,0,2,4,0,1,False,False,False,True,True,False,False,False,False,False,False,False,False,False,False,False,False,False,False,False,False,False,False,False,False,False,False,False,2026-09-08
themuse:5314423,themuse,Global / remoto,Senior Mulesoft Architect,Otro,False,False,fuera_de_alcance,b atomic,Flexible / Remote,Senior,Senior Level,,,,https://www.themuse.com/jobs/batomic/senior-mulesoft-architect-e5aa96,,,,,2021-02-25T17:17:45Z,sin_señal,description,3.0,0,0,0,0,0,False,False,False,False,False,False,False,False,False,False,False,False,False,False,False,False,False,False,False,False,False,False,False,False,False,False,True,True,2026-09-08
themuse:5526783,themuse,EE. UU. / Canadá,Data Science Lead,Otro,False,False,fuera_de_alcance,Pilotly,"Flexible / Remote; Los Angeles, CA; Oakland, CA",Semi Senior,Mid Level; management,,,,https://www.themuse.com/jobs/pilotly/data-science-lead-6f5f7b,,,,,2021-04-20T21:02:43Z,analitica,description,,0,0,4,0,0,True,True,False,False,False,False,False,False,False,False,False,False,False,False,False,False,False,False,False,False,True,True,False,False,False,True,False,False,2026-09-08
arbeitnow:senior-product-owner-data-analytics-berlin-89181,arbeitnow,Europa,Senior Product Owner - Data & Analytics (m/f/d),Otro,False,False,fuera_de_alcance,Yepoda,Berlin,,Full Time,,,,https://www.arbeitnow.com/jobs/companies/yepoda/senior-product-owner-data-analytics-berlin-89181,,,,,1788889212,mixto,description,3.0,0,1,2,1,0,True,False,False,False,False,False,False,False,False,False,False,False,False,False,False,False,False,False,False,False,False,False,False,False,False,True,True,False,2026-09-08
arbeitnow:head-of-data-ai-berlin-164725,arbeitnow,Europa,Head of Data & AI (f/m/d),Otro,False,False,fuera_de_alcance,Voize,Berlin,,Full Time,,,,https://www.arbeitnow.com/jobs/companies/voize/head-of-data-ai-berlin-164725,,,,,1788889208,mixto,description,,0,0,2,2,1,False,False,False,False,False,False,False,False,False,False,False,False,False,False,False,False,False,True,False,False,False,False,False,False,False,False,False,True,2026-09-08
arbeitnow:werkstudierender-data-annotation-pflegebranche-frankfurt-440602,arbeitnow,Otra / sin dato,Werkstudierende:r Data Annotation Pflegebranche (m/w/d),Otro,False,False,fuera_de_alcance,Voize,Frankfurt,,Part Time,,,,https://www.arbeitnow.com/jobs/companies/voize/werkstudierender-data-annotation-pflegebranche-frankfurt-440602,,,,,1788889208,sin_señal,description,,0,0,0,0,0,False,False,False,False,False,False,False,False,False,False,False,False,False,False,False,False,False,False,False,False,False,False,False,False,False,False,False,False,2026-09-08
arbeitnow:ai-engineer-nurnberg-315941,arbeitnow,Otra / sin dato,AI Engineer (m/w/d),ML / AI Engineer,True,True,titulo,Nerdware,Nürnberg,,Experienced; Permanent; Full time,,,,https://www.arbeitnow.com/jobs/companies/nerdware/ai-engineer-nurnberg-315941,,,,,1788887387,ingenieria,description,,0,0,0,2,0,False,True,False,False,False,False,False,False,False,False,False,False,True,True,False,False,False,False,False,False,False,False,False,True,False,False,False,False,2026-09-08
arbeitnow:data-analyst-cologne-ger-304511,arbeitnow,Otra / sin dato,Data Analyst (m/f/d),Data Analyst / BI,True,True,titulo,METYCLE,Cologne (GER),,Experienced; Permanent; Full time,,,,https://www.arbeitnow.com/jobs/companies/metycle/data-analyst-cologne-ger-304511,,,,,1788887347,analitica,description,3.0,0,0,7,4,2,True,False,True,True,True,True,False,False,False,False,False,True,True,False,True,True,False,True,False,False,False,False,False,False,False,True,True,False,2026-09-08
arbeitnow:praktikantin-als-llm-rag-machine-learning-engineer-mulheim-96338,arbeitnow,Otra / sin dato,Praktikant:in als LLM /RAG & Machine Learning Engineer (m/w/d),ML / AI Engineer,True,True,titulo,U-Glow GmbH,Mülheim,Sin experiencia,Internship,,,,https://www.arbeitnow.com/jobs/companies/u-glow-gmbh/praktikantin-als-llm-rag-machine-learning-engineer-mulheim-96338,,,,,1788885042,mixto,description,,0,2,0,1,0,False,True,False,False,False,False,False,False,False,False,False,False,False,False,False,False,False,False,False,True,False,False,False,True,False,False,False,False,2026-09-08
arbeitnow:ki-consultant-ai-enthusiast-in-der-baubranche-remote-munich-285950,arbeitnow,Europa,KI-Consultant / AI Enthusiast in der Baubranche (m/w/d) Remote,Otro,False,False,fuera_de_alcance,Teamsware GmbH,Munich,,,,,,https://www.arbeitnow.com/jobs/companies/teamsware-gmbh/ki-consultant-ai-enthusiast-in-der-baubranche-remote-munich-285950,,,,,1788883233,sin_señal,description,,0,0,0,0,0,False,False,False,False,False,False,False,False,False,False,False,False,False,True,False,False,False,False,False,False,False,False,False,False,False,False,False,False,2026-09-08
arbeitnow:senior-consultant-data-ai-strategy-berlin-berlin-munchen-bavaria-483480,arbeitnow,Europa,Senior Consultant (m/f/d) Data & AI Strategy,Otro,False,False,fuera_de_alcance,Artefactlinkedin,"Berlin, Berlin; München, Bavaria",,,,,,https://www.arbeitnow.com/jobs/companies/artefactlinkedin/senior-consultant-data-ai-strategy-berlin-berlin-munchen-bavaria-483480,,,,,1788879314,mixto,description,3.0,0,2,2,2,0,True,True,False,False,False,False,False,False,False,False,False,False,False,False,False,False,False,False,False,False,False,False,False,True,False,True,True,True,2026-09-08
arbeitnow:consulting-manager-data-ai-strategy-berlin-berlin-munchen-bavaria-358662,arbeitnow,Europa,Consulting Manager (m/f/d) Data & AI Strategy,Otro,False,False,fuera_de_alcance,Artefactlinkedin,"Berlin, Berlin; München, Bavaria",,,,,,https://www.arbeitnow.com/jobs/companies/artefactlinkedin/consulting-manager-data-ai-strategy-berlin-berlin-munchen-bavaria-358662,,,,,1788879314,ingenieria,description,8.0,0,1,1,3,0,False,False,False,False,False,False,False,False,False,False,False,False,False,False,False,False,False,False,False,False,False,False,False,True,False,True,True,True,2026-09-08
arbeitnow:business-analytics-intern-berlin-339578,arbeitnow,Global / remoto,Business Analytics Intern (f/m/x),Otro,False,False,fuera_de_alcance,Enpal,DE Remote,,Full Time,,,,https://www.arbeitnow.com/jobs/companies/enpal/business-analytics-intern-berlin-339578,,,,,1788878410,analitica,description,,0,1,4,0,0,True,True,True,False,False,False,False,False,False,False,False,False,False,False,False,False,False,False,False,False,False,False,False,False,False,False,False,False,2026-09-08
arbeitnow:data-engineer-berlin-hq-96911,arbeitnow,Europa,Data Engineer (f/m/d),Data Engineer / Arquitecto,True,True,titulo,Climate,Berlin HQ,,Experienced; Fixed term; Full time,,,,https://www.arbeitnow.com/jobs/companies/climate/data-engineer-berlin-hq-96911,,,,,1788876543,mixto,description,9.0,0,2,0,3,1,True,False,False,False,False,False,False,True,False,False,False,False,False,False,False,False,False,False,True,True,False,False,False,True,False,True,False,True,2026-09-08
arbeitnow:senior-associate-analytics-london-7095,arbeitnow,Otra / sin dato,"Senior Associate, Analytics",Otro,False,False,fuera_de_alcance,wppmedia,London,,,,,,https://www.arbeitnow.co.uk/jobs/companies/wppmedia/senior-associate-analytics-london-7095,,,,,1788882918,analitica,description,,0,0,6,1,0,True,False,True,True,True,True,True,False,False,False,False,False,False,True,True,False,False,False,False,False,False,False,False,False,False,True,True,True,2026-09-08
arbeitnow:director-data-strategy-uk-ftc-london-485911,arbeitnow,Otra / sin dato,"Director, Data Strategy, UK (FTC)",Otro,False,False,fuera_de_alcance,wppmedia,London,,,,,,https://www.arbeitnow.co.uk/jobs/companies/wppmedia/director-data-strategy-uk-ftc-london-485911,,,,,1788882918,mixto,description,6.0,0,0,1,1,0,False,False,False,False,False,False,False,False,False,False,False,False,False,False,False,False,False,False,False,False,False,False,False,False,False,True,True,True,2026-09-08
arbeitnow:junior-data-analyst-london-408869,arbeitnow,Otra / sin dato,Junior Data Analyst,Data Analyst / BI,True,True,titulo,veeamsoftware,London,,,,,,https://www.arbeitnow.co.uk/jobs/companies/veeamsoftware/junior-data-analyst-london-408869,,,,,1788882915,analitica,description,,0,1,9,5,1,True,True,False,True,True,False,False,True,False,False,False,True,False,False,False,False,False,False,False,True,False,True,False,False,False,True,True,True,2026-09-08
arbeitnow:senior-ai-engineer-218258,arbeitnow,Otra / sin dato,Senior Ai Engineer,ML / AI Engineer,True,True,titulo,typeform,,,,,,,https://www.arbeitnow.co.uk/jobs/companies/typeform/senior-ai-engineer-218258,,,,,1788882911,mixto,description,,0,4,0,4,0,True,True,False,False,False,False,False,False,False,False,True,True,True,False,False,True,True,False,True,False,False,False,False,True,False,True,True,True,2026-09-08
arbeitnow:software-engineer-ii-ai-enablement-team-london-321015,arbeitnow,Otra / sin dato,"Software Engineer II, AI Enablement Team",Otro,False,False,fuera_de_alcance,Swap,London,,Full Time,,,,https://www.arbeitnow.co.uk/jobs/companies/swap/software-engineer-ii-ai-enablement-team-london-321015,,,,,1788882007,mixto,description,2.0,0,0,1,1,0,False,False,False,False,False,False,False,False,False,False,False,False,False,False,False,False,False,False,False,False,False,False,False,True,False,False,False,False,2026-09-08
arbeitnow:product-owner-communications-channels-ai-manchester-143232,arbeitnow,Europa,Product Owner - Communications Channels & AI,Otro,False,False,fuera_de_alcance,PHMG Careers,"Manchester, England, United Kingdom",,,,,,https://www.arbeitnow.co.uk/jobs/companies/phmg-careers/product-owner-communications-channels-ai-manchester-143232,,,,,1788878730,mixto,description,,0,1,2,0,0,False,False,False,False,False,False,False,False,False,False,False,False,False,False,False,False,False,False,False,False,False,False,False,False,False,True,True,True,2026-09-08
arbeitnow:engineering-manager-devops-ai-platform-london-united-kingdom-230911,arbeitnow,Europa,Engineering Manager - DevOps & AI Platform,Otro,False,False,fuera_de_alcance,Elliptic,"London, United Kingdom",,Full Time,,,,https://www.arbeitnow.co.uk/jobs/companies/elliptic/engineering-manager-devops-ai-platform-london-united-kingdom-230911,,,,,1788871206,señal_debil,description,,0,0,0,0,1,False,False,False,False,False,False,False,False,False,False,False,False,False,False,False,False,False,False,True,False,False,False,False,False,False,False,False,False,2026-09-08
arbeitnow:operations-analyst-payments-edinburgh-34553,arbeitnow,Otra / sin dato,Operations analyst - Payments,Otro,False,False,fuera_de_alcance,Seccl,Edinburgh,,Full Time,,,,https://www.arbeitnow.co.uk/jobs/companies/seccl/operations-analyst-payments-edinburgh-34553,,,,,1788838805,analitica,description,,0,1,4,1,1,False,False,False,False,False,False,False,False,False,False,False,False,False,False,False,False,False,False,False,False,False,False,False,False,False,True,True,True,2026-09-08
arbeitnow:senior-manager-ai-architect-london-356626,arbeitnow,Otra / sin dato,"Senior Manager, AI Architect",Otro,False,False,fuera_de_alcance,Baringa,London,,,,,,https://www.arbeitnow.co.uk/jobs/companies/baringa/senior-manager-ai-architect-london-356626,,,,,1788828926,mixto,description,3.0,0,3,2,3,1,False,False,False,False,False,False,False,False,False,False,False,True,True,True,True,True,False,False,False,False,False,False,False,True,True,True,True,True,2026-09-08
arbeitnow:ai-benchmark-engineer-native-language-specialist-french-france-remote-paris-387805,arbeitnow,Europa,AI Benchmark Engineer | Native Language Specialist - French (France) - Remote,Otro,False,False,fuera_de_alcance,LILT (Production),France (Remote),,Contract,,,,https://www.arbeitnow.fr/jobs/companies/lilt-production/ai-benchmark-engineer-native-language-specialist-french-france-remote-paris-387805,,,,,1788885617,mixto,description,5.0,0,0,1,2,0,False,True,False,False,False,False,False,False,False,False,False,False,False,False,False,False,False,False,False,False,False,False,False,True,False,True,False,True,2026-09-08
arbeitnow:lead-data-analyst-recouvrement-credit-h-f-paris-fr-497184,arbeitnow,Otra / sin dato,Lead Data Analyst - Recouvrement & crédit H/F,Data Analyst / BI,True,True,titulo,Octopus Energy Group,Paris (FR),,Full-time,,,,https://www.arbeitnow.fr/jobs/companies/octopus-energy-group/lead-data-analyst-recouvrement-credit-h-f-paris-fr-497184,,,,,1788872675,mixto,description,,0,2,2,1,0,True,True,False,False,False,False,False,False,False,False,False,False,False,False,True,False,False,True,False,True,False,False,False,False,False,False,False,True,2026-09-08
arbeitnow:ai-product-owner-lyon-france-paris-483806,arbeitnow,Europa,"AI Product Owner (Lyon, France)",Otro,False,False,fuera_de_alcance,Archimed,"Paris, France",,Full time; associate,,,,https://www.arbeitnow.fr/jobs/companies/archimed/ai-product-owner-lyon-france-paris-483806,,,,,1788852008,mixto,description,5.0,0,1,2,2,1,False,False,False,False,False,False,False,False,False,False,False,False,False,False,False,False,False,False,False,False,False,False,False,False,False,True,True,True,2026-09-08
arbeitnow:ai-product-owner-lyon-france-363201,arbeitnow,Europa,"AI Product Owner (Lyon, France)",Otro,False,False,fuera_de_alcance,Archimed,"Lyon, France",,Full time; associate,,,,https://www.arbeitnow.fr/jobs/companies/archimed/ai-product-owner-lyon-france-363201,,,,,1788852008,mixto,description,5.0,0,1,2,2,1,False,False,False,False,False,False,False,False,False,False,False,False,False,False,False,False,False,False,False,False,False,False,False,False,False,True,True,True,2026-09-08
arbeitnow:stage-data-scientist-paris-9th-arrondissement-of-paris-75009-paris-236296,arbeitnow,Otra / sin dato,Stage Data Scientist - Paris,Data Scientist,True,True,titulo,Artefactlinkedin,"9th arrondissement of Paris, 75009, Paris",,,,,,https://www.arbeitnow.fr/jobs/companies/artefactlinkedin/stage-data-scientist-paris-9th-arrondissement-of-paris-75009-paris-236296,,,,,1788821711,mixto,description,,0,1,0,1,0,False,False,False,False,False,False,False,False,False,False,False,False,True,True,True,False,False,False,False,False,False,False,False,False,False,True,False,True,2026-09-08
arbeitnow:stage-data-consultant-paris-9th-arrondissement-of-paris-75009-paris-109305,arbeitnow,Otra / sin dato,Stage Data Consultant - Paris - H/F/X,Otro,False,False,fuera_de_alcance,Artefactlinkedin,"9th arrondissement of Paris, 75009, Paris",,,,,,https://www.arbeitnow.fr/jobs/companies/artefactlinkedin/stage-data-consultant-paris-9th-arrondissement-of-paris-75009-paris-109305,,,,,1788821711,mixto,description,,0,2,2,1,0,True,True,True,True,True,False,False,False,False,False,False,False,False,False,False,False,False,False,False,False,False,False,False,False,False,True,False,True,2026-09-08
arbeitnow:remote-ai-enablement-lead-gn-data-intelligence-183432,arbeitnow,Europa,AI Enablement Lead [gn] Data Intelligence,Otro,False,False,fuera_de_alcance,Actian,Europe - Remote,,Full-Time,,,,https://www.arbeitnow.fr/jobs/companies/actian/remote-ai-enablement-lead-gn-data-intelligence-183432,,,,,1788818645,mixto,description,,0,1,1,2,0,False,True,False,False,False,False,False,False,False,False,False,False,False,False,False,False,False,False,True,False,False,False,False,True,True,True,True,True,2026-09-08
arbeitnow:stage-data-scientist-paris-9th-arrondissement-of-paris-75009-paris-150340,arbeitnow,Otra / sin dato,Stage Data Scientist - Paris,Data Scientist,True,True,titulo,Artefact,"9th arrondissement of Paris, 75009, Paris",,,,,,https://www.arbeitnow.fr/jobs/companies/artefact/stage-data-scientist-paris-9th-arrondissement-of-paris-75009-paris-150340,,,,,1788810915,mixto,description,,0,1,0,1,0,False,False,False,False,False,False,False,False,False,False,False,False,True,True,True,False,False,False,False,False,False,False,False,False,False,True,False,True,2026-09-08
arbeitnow:stage-data-consultant-paris-9th-arrondissement-of-paris-75009-paris-197898,arbeitnow,Otra / sin dato,Stage Data Consultant - Paris - H/F/X,Otro,False,False,fuera_de_alcance,Artefact,"9th arrondissement of Paris, 75009, Paris",,,,,,https://www.arbeitnow.fr/jobs/companies/artefact/stage-data-consultant-paris-9th-arrondissement-of-paris-75009-paris-197898,,,,,1788810915,mixto,description,,0,2,2,1,0,True,True,True,True,True,False,False,False,False,False,False,False,False,False,False,False,False,False,False,False,False,False,False,False,False,True,False,True,2026-09-08
arbeitnow:founding-ai-engineer-at-plato-backed-by-hexa-paris-61480,arbeitnow,Otra / sin dato,Founding AI Engineer @Plato (backed by Hexa),ML / AI Engineer,True,True,titulo,Hexa,Paris,,Full Time,,,,https://www.arbeitnow.fr/jobs/companies/hexa/founding-ai-engineer-at-plato-backed-by-hexa-paris-61480,,,,,1788810018,mixto,description,2.0,0,1,0,2,0,False,False,False,False,False,False,False,False,False,False,False,False,True,False,False,False,False,False,False,False,False,False,False,False,False,False,False,False,2026-09-08
arbeitnow:ai-native-product-engineer-paris-france-332101,arbeitnow,Europa,AI Native Product Engineer,Otro,False,False,fuera_de_alcance,Brevo,"Paris, France",,Full-Time,,,,https://www.arbeitnow.fr/jobs/companies/brevo/ai-native-product-engineer-paris-france-332101,,,,,1788807848,ingenieria,description,2.0,0,0,0,2,0,False,False,False,False,False,False,False,False,False,False,False,False,False,False,False,False,False,False,True,False,False,False,False,False,False,False,False,True,2026-09-08
arbeitnow:principal-ai-engineer-bordeaux-34460,arbeitnow,Otra / sin dato,Principal AI Engineer,ML / AI Engineer,True,True,titulo,mirakllabs,Bordeaux,,,,,,https://www.arbeitnow.fr/jobs/companies/mirakllabs/principal-ai-engineer-bordeaux-34460,,,,,1788800108,mixto,description,7.0,0,1,1,0,0,True,True,False,False,False,False,False,False,False,False,False,False,True,False,True,False,False,False,True,True,False,False,False,True,False,False,True,True,2026-09-08
arbeitnow:principal-ai-engineer-paris-360434,arbeitnow,Otra / sin dato,Principal AI Engineer,ML / AI Engineer,True,True,titulo,mirakllabs,Paris,,,,,,https://www.arbeitnow.fr/jobs/companies/mirakllabs/principal-ai-engineer-paris-360434,,,,,1788800108,mixto,description,7.0,0,1,1,0,0,True,True,False,False,False,False,False,False,False,False,False,False,True,False,True,False,False,False,True,True,False,False,False,True,False,False,True,True,2026-09-08
arbeitnow:full-stack-developer-ai-marketplace-toulouse-occitanie-190872,arbeitnow,Otra / sin dato,Full Stack Developer - AI Marketplace,Otro,False,False,fuera_de_alcance,Loftorbital,"Toulouse, Occitanie",,Full time,,,,https://www.arbeitnow.fr/jobs/companies/loftorbital/full-stack-developer-ai-marketplace-toulouse-occitanie-190872,,,,,1788797051,señal_debil,description,4.0,0,0,0,1,0,False,True,False,False,False,False,False,False,False,False,False,False,False,False,True,False,False,False,True,False,False,False,False,False,False,False,False,True,2026-09-08
arbeitnow:principal-ai-engineer-bordeaux-164162,arbeitnow,Europa,Principal AI Engineer,ML / AI Engineer,True,True,titulo,Mirakl - Labs,"Bordeaux, France",,,,,,https://www.arbeitnow.fr/jobs/companies/mirakl-labs/principal-ai-engineer-bordeaux-164162,,,,,1788795927,mixto,description,7.0,0,1,1,0,0,True,True,False,False,False,False,False,False,False,False,False,False,True,False,True,False,False,False,True,True,False,False,False,True,False,False,True,True,2026-09-08
arbeitnow:principal-ai-engineer-paris-233488,arbeitnow,Europa,Principal AI Engineer,ML / AI Engineer,True,True,titulo,Mirakl - Labs,"Paris, France",,,,,,https://www.arbeitnow.fr/jobs/companies/mirakl-labs/principal-ai-engineer-paris-233488,,,,,1788795927,mixto,description,7.0,0,1,1,0,0,True,True,False,False,False,False,False,False,False,False,False,False,True,False,True,False,False,False,True,True,False,False,False,True,False,False,True,True,2026-09-08
arbeitnow:data-owner-support-saclay-18884,arbeitnow,Europa,Data Owner Support,Otro,False,False,fuera_de_alcance,Excelya,"Saclay, France",Senior,Full time; mid-senior,,,,https://www.arbeitnow.fr/jobs/companies/excelya/data-owner-support-saclay-18884,,,,,1788787213,gobierno_datos,description,,0,0,0,0,4,False,False,False,False,False,False,False,False,False,False,False,False,False,False,False,False,False,False,False,False,False,False,False,False,False,False,False,True,2026-09-08
arbeitnow:data-manager-cmc-bolbec-460291,arbeitnow,Europa,Data Manager CMC,Otro,False,False,fuera_de_alcance,Excelya,"Bolbec, France",Senior,Full time; mid-senior,,,,https://www.arbeitnow.fr/jobs/companies/excelya/data-manager-cmc-bolbec-460291,,,,,1788787213,señal_debil,description,,0,0,0,0,1,False,False,False,False,False,False,False,False,False,False,False,False,False,False,True,False,False,False,False,False,False,False,False,False,False,False,False,True,2026-09-08
arbeitnow:cybersecurity-ai-engineer-automation-f-h-paris-194861,arbeitnow,Europa,Cybersecurity & AI Engineer Automation (F/H),ML / AI Engineer,True,True,titulo,Mirakl - Labs,"Paris, Paris, France",,,,,,https://www.arbeitnow.fr/jobs/companies/mirakl-labs/cybersecurity-ai-engineer-automation-f-h-paris-194861,,,,,1788770738,mixto,description,3.0,0,0,0,1,1,False,True,False,False,False,False,False,False,False,False,False,False,True,False,True,False,False,False,False,False,False,False,False,False,False,True,True,True,2026-09-08
arbeitnow:senior-technical-advisor-data-use-and-decision-science-remote-us-uk-france-drc-us-uk-drc-131243,arbeitnow,Europa,"Senior Technical Advisor, Data Use and Decision Science (Remote - US, UK, France, DRC)",Otro,False,False,fuera_de_alcance,Resolvetosavelives,"US, UK, DRC",,,,,,https://www.arbeitnow.fr/jobs/companies/resolvetosavelives/senior-technical-advisor-data-use-and-decision-science-remote-us-uk-france-drc-us-uk-drc-131243,,,,,1788735306,analitica,description,2.0,0,1,4,2,0,False,False,False,False,False,False,False,False,False,False,False,False,False,False,False,False,False,False,False,False,False,True,False,False,False,True,True,True,2026-09-08
arbeitnow:ai-platform-engineer-berlin-berlin-munchen-bavaria-278031,arbeitnow,Europa,AI Platform Engineer (f/m/d),Otro,False,False,fuera_de_alcance,idnow,"Berlin, Berlin; München, Bavaria",,,,,,https://www.arbeitnow.com/jobs/companies/idnow/ai-platform-engineer-berlin-berlin-munchen-bavaria-278031,,,,,1788868507,ingenieria,description,5.0,0,1,0,4,1,False,True,False,False,False,False,False,False,False,False,False,False,True,False,False,False,False,False,True,True,False,False,False,False,False,True,False,True,2026-09-08
arbeitnow:senior-software-engineer-ai-ml-46144,arbeitnow,Otra / sin dato,Senior Software Engineer - AI/ML,Otro,False,False,fuera_de_alcance,mitratech,,,,,,,https://www.arbeitnow.com/jobs/companies/mitratech/senior-software-engineer-ai-ml-46144,,,,,1788868506,mixto,description,,0,3,1,3,2,False,True,False,False,False,False,False,False,False,False,False,False,True,False,False,False,False,False,False,False,False,False,False,True,True,True,True,True,2026-09-08
arbeitnow:senior-product-analyst-berlin-493280,arbeitnow,Europa,Senior Product Analyst,Business Analyst,True,True,titulo,sumup,Berlin,,,,,,https://www.arbeitnow.com/jobs/companies/sumup/senior-product-analyst-berlin-493280,,,,,1788868504,analitica,description,3.0,0,2,8,0,0,True,False,False,True,True,False,False,False,False,False,False,False,True,False,False,True,False,False,False,False,False,False,False,False,False,True,True,True,2026-09-08
arbeitnow:ai-onboarding-engineer-berlin-212841,arbeitnow,Europa,AI Onboarding Engineer,Otro,False,False,fuera_de_alcance,Almetra,Berlin,,Full Time,,,,https://www.arbeitnow.com/jobs/companies/almetra/ai-onboarding-engineer-berlin-212841,,,,,1788867602,mixto,description,5.0,0,0,1,0,1,False,False,False,False,False,False,False,False,False,False,False,False,False,False,False,False,False,False,False,False,False,False,False,False,False,True,True,True,2026-09-08
arbeitnow:ai-go-live-specialist-berlin-349085,arbeitnow,Europa,AI Go-live Specialist,Otro,False,False,fuera_de_alcance,Almetra,Berlin,,Full Time,,,,https://www.arbeitnow.com/jobs/companies/almetra/ai-go-live-specialist-berlin-349085,,,,,1788867602,mixto,description,5.0,0,0,1,0,1,False,False,False,False,False,False,False,False,False,False,False,False,False,False,False,False,False,False,False,False,False,False,False,False,False,True,True,True,2026-09-08
arbeitnow:ai-go-live-intern-berlin-111599,arbeitnow,Europa,AI Go-live intern,Otro,False,False,fuera_de_alcance,Almetra,Berlin,,Full Time,,,,https://www.arbeitnow.com/jobs/companies/almetra/ai-go-live-intern-berlin-111599,,,,,1788867602,mixto,description,,0,0,1,0,1,False,False,False,False,False,False,False,False,False,False,False,False,False,False,False,False,False,False,False,False,False,False,False,False,False,True,False,True,2026-09-08
arbeitnow:applied-ai-intern-berlin-61116,arbeitnow,Europa,Applied AI Intern,Otro,False,False,fuera_de_alcance,Almetra,Berlin,,Full Time,,,,https://www.arbeitnow.com/jobs/companies/almetra/applied-ai-intern-berlin-61116,,,,,1788867602,mixto,description,,0,0,1,0,1,False,False,False,False,False,False,False,False,False,False,False,False,False,False,False,False,False,False,False,False,False,False,False,False,False,True,False,True,2026-09-08
arbeitnow:ai-edge-deployment-engineer-berlin-356974,arbeitnow,Europa,AI Edge Deployment Engineer,Otro,False,False,fuera_de_alcance,Almetra,Onsite Berlin,,Full Time,,,,https://www.arbeitnow.com/jobs/companies/almetra/ai-edge-deployment-engineer-berlin-356974,,,,,1788867602,sin_señal,description,3.0,0,0,0,0,0,False,True,False,False,False,False,False,False,False,False,False,False,False,False,False,False,False,False,False,False,False,False,False,False,False,False,False,True,2026-09-08
arbeitnow:ai-onboarding-intern-berlin-62864,arbeitnow,Europa,AI Onboarding Intern,Otro,False,False,fuera_de_alcance,Almetra,Berlin,,Full Time,,,,https://www.arbeitnow.com/jobs/companies/almetra/ai-onboarding-intern-berlin-62864,,,,,1788867602,mixto,description,,0,0,1,0,1,False,False,False,False,False,False,False,False,False,False,False,False,False,False,False,False,False,False,False,False,False,False,False,False,False,True,False,True,2026-09-08
arbeitnow:senior-ai-enabled-product-engineer-frontend-focus-berlin-271151,arbeitnow,Europa,Senior AI Enabled Product Engineer — Frontend Focus (f/m/d),Otro,False,False,fuera_de_alcance,Good Hood Gmbh,Berlin,,Experienced; Permanent; Full time,,,,https://www.arbeitnow.com/jobs/companies/good-hood-gmbh/senior-ai-enabled-product-engineer-frontend-focus-berlin-271151,,,,,1788865748,analitica,description,,0,0,2,0,0,False,False,False,False,False,False,False,False,False,False,False,False,True,False,False,False,False,False,False,False,False,False,False,False,False,False,False,False,2026-09-08
arbeitnow:ai-product-builder-vibe-coding-bootcamp-munich-66960,arbeitnow,Europa,AI Product Builder (m/w/d) Vibe Coding Bootcamp,Otro,False,False,fuera_de_alcance,Digitale Leute School,Munich,,Traineeship,,,,https://www.arbeitnow.com/jobs/companies/digitale-leute-school/ai-product-builder-vibe-coding-bootcamp-munich-66960,,,,,1788858056,señal_debil,description,,0,0,0,1,0,False,False,False,False,False,False,False,False,False,False,False,False,False,False,False,False,False,False,False,True,False,False,False,False,False,False,True,False,2026-09-08
arbeitnow:remote-werkstudent-data-science-business-intelligence-leipzig-415779,arbeitnow,Otra / sin dato,Werkstudent Data Science / Business Intelligence (m/w/d),Data Analyst / BI,True,True,titulo,Meierhofer,Leipzig,,Student; Working student; Part time,,,,https://www.arbeitnow.com/jobs/companies/meierhofer/remote-werkstudent-data-science-business-intelligence-leipzig-415779,,,,,1788854981,analitica,description,,0,1,3,0,0,True,False,False,True,False,False,False,False,False,False,False,False,False,False,False,False,False,False,False,False,False,False,False,False,False,False,True,False,2026-09-08
arbeitnow:product-owner-medical-ai-munchen-229084,arbeitnow,Europa,Product Owner (m/f/d) - Medical AI,Otro,False,False,fuera_de_alcance,Ocumeda Ag,München,,Experienced; Permanent; Full time,,,,https://www.arbeitnow.com/jobs/companies/ocumeda-ag/product-owner-medical-ai-munchen-229084,,,,,1788854951,mixto,description,,0,0,1,0,1,False,False,False,False,False,False,False,False,False,False,False,False,False,False,False,False,False,False,False,False,False,False,False,False,False,False,True,True,2026-09-08
arbeitnow:senior-product-data-analyst-consumer-growth-london-103485,arbeitnow,Europa,Senior Product Data Analyst - Consumer Growth,Data Analyst / BI,True,True,titulo,SumUp,"London, England, United Kingdom",,,,,,https://www.arbeitnow.co.uk/jobs/companies/sumup/senior-product-data-analyst-consumer-growth-london-103485,,,,,1788817526,analitica,description,3.0,0,3,8,1,0,True,False,False,True,True,True,False,False,False,False,False,False,False,False,True,True,False,False,False,False,False,True,False,True,False,True,True,True,2026-09-08
arbeitnow:software-engineer-iii-data-fmx-london-366500,arbeitnow,Otra / sin dato,Software Engineer III - Data - FMX,Otro,False,False,fuera_de_alcance,Fanaticsfbg,London,,,,,,https://www.arbeitnow.co.uk/jobs/companies/fanaticsfbg/software-engineer-iii-data-fmx-london-366500,,,,,1788807304,ingenieria,description,5.0,0,0,0,6,3,True,True,False,False,False,False,False,False,False,False,False,True,False,False,False,True,True,False,False,False,False,False,False,False,False,True,True,False,2026-09-08
arbeitnow:junior-data-scientist-sales-marketing-london-52590,arbeitnow,Otra / sin dato,Junior Data Scientist - Sales & Marketing,Data Scientist,True,True,titulo,iwoca,London,,Full Time,,,,https://www.arbeitnow.co.uk/jobs/companies/iwoca/junior-data-scientist-sales-marketing-london-52590,,,,,1788806402,ciencia_datos,description,,0,4,0,0,0,False,True,False,False,False,False,False,False,False,False,False,False,False,False,False,False,False,False,False,False,False,True,False,True,False,True,True,False,2026-09-08
arbeitnow:senior-data-engineer-real-time-analytics-london-office-20841,arbeitnow,Otra / sin dato,Senior Data Engineer - Real time analytics,Data Engineer / Arquitecto,True,True,titulo,Aircall,London Office,,Permanent Full Time Employee,,,,https://www.arbeitnow.co.uk/jobs/companies/aircall/senior-data-engineer-real-time-analytics-london-office-20841,,,,,1788804272,ingenieria,description,3.0,0,0,3,6,0,True,True,False,False,False,False,False,False,False,False,False,False,True,False,False,False,True,False,False,True,False,False,False,False,False,False,True,True,2026-09-08
arbeitnow:director-product-data-analyst-team-london-area-29190,arbeitnow,Otra / sin dato,"Director, Product Data Analyst Team",Data Analyst / BI,True,True,titulo,Contentsquare,London area,,Full-time,,,,https://www.arbeitnow.co.uk/jobs/companies/contentsquare/director-product-data-analyst-team-london-area-29190,,,,,1788794666,analitica,description,,0,3,8,2,0,True,False,True,False,True,False,False,False,False,False,False,False,False,False,False,False,False,True,False,False,False,False,False,False,False,True,True,True,2026-09-08
arbeitnow:job-31207-data-analyst-uk-6-month-ftc-london-418930,arbeitnow,Otra / sin dato,"[Job-31207] Data Analyst, UK - 6 Month FTC",Data Analyst / BI,True,True,titulo,CI&T,London,,Homeoffice,,,,https://www.arbeitnow.co.uk/jobs/companies/cit/job-31207-data-analyst-uk-6-month-ftc-london-418930,,,,,1788782702,analitica,description,3.0,0,3,7,5,2,True,True,False,True,False,False,False,True,False,False,False,True,False,False,False,False,False,False,False,False,False,False,False,False,False,True,True,True,2026-09-08
arbeitnow:senior-data-scientist-london-183366,arbeitnow,Otra / sin dato,Senior Data Scientist,Data Scientist,True,True,titulo,Carwow,London,,Full Time,,,,https://www.arbeitnow.co.uk/jobs/companies/carwow/senior-data-scientist-london-183366,,,,,1788774011,mixto,description,,0,4,3,2,0,True,True,False,False,False,True,False,False,False,False,False,False,False,False,True,True,False,True,True,True,False,False,False,True,True,True,True,False,2026-09-08
arbeitnow:business-development-manager-ai-data-solutions-paris-117054,arbeitnow,Europa,Business Development Manager (AI Data Solutions),Otro,False,False,fuera_de_alcance,TransPerfect,"Paris, Île-de-France, France",,Experienced; fulltime permanent,,,,https://www.arbeitnow.fr/jobs/companies/transperfect/business-development-manager-ai-data-solutions-paris-117054,,,,,1788723016,mixto,description,3.0,0,2,2,0,0,False,False,False,False,False,False,False,False,False,False,False,False,False,False,False,False,False,False,False,False,False,False,False,False,False,True,True,False,2026-09-08
arbeitnow:business-development-manager-ai-data-solutions-paris-311534,arbeitnow,Europa,Business Development Manager - AI Data Solutions (Paris),Otro,False,False,fuera_de_alcance,TransPerfect,"Paris, Île-de-France, France",,Experienced; fulltime permanent,,,,https://www.arbeitnow.fr/jobs/companies/transperfect/business-development-manager-ai-data-solutions-paris-311534,,,,,1788723016,mixto,description,3.0,0,2,2,0,0,False,False,False,False,False,False,False,False,False,False,False,False,False,False,False,False,False,False,False,False,False,False,False,False,False,True,True,False,2026-09-08
arbeitnow:multimodal-ml-engineer-paris-67208,arbeitnow,Otra / sin dato,Multimodal ML Engineer,ML / AI Engineer,True,True,titulo,Npv,Paris,,Full Time,,,,https://www.arbeitnow.fr/jobs/companies/npv/multimodal-ml-engineer-paris-67208,,,,,1788712804,mixto,description,3.0,0,1,1,1,0,False,False,False,False,False,False,False,False,False,False,True,False,False,False,False,False,False,False,False,False,False,False,False,False,False,False,False,False,2026-09-08
arbeitnow:data-manager-paris-478505,arbeitnow,Europa,Data Manager,Otro,False,False,fuera_de_alcance,DeepHealth,"Paris, Île-de-France, France",,Mid; fulltime permanent,,,,https://www.arbeitnow.fr/jobs/companies/deephealth/data-manager-paris-478505,,,,,1788712237,mixto,description,,0,1,3,3,1,False,True,False,False,False,False,False,False,False,False,False,False,False,False,True,False,False,False,False,False,True,False,False,False,False,True,True,True,2026-09-08
arbeitnow:consultant-developpeur-marketing-technology-crm-data-3-a-5-ans-dexperience-paris-295267,arbeitnow,Otra / sin dato,Consultant Développeur Marketing Technology (CRM & Data) – 3 à 5 ans d’expérience,Otro,False,False,fuera_de_alcance,Vmlenterprisesolutions,Paris,,,,,,https://www.arbeitnow.fr/jobs/companies/vmlenterprisesolutions/consultant-developpeur-marketing-technology-crm-data-3-a-5-ans-dexperience-paris-295267,,,,,1788702911,señal_debil,description,,0,0,0,1,0,True,True,False,False,False,False,False,False,False,False,False,False,True,False,False,False,False,False,False,False,False,False,False,False,False,False,False,True,2026-09-08
arbeitnow:consultant-data-analyst-marketing-f-h-paris-449933,arbeitnow,Otra / sin dato,Consultant Data Analyst Marketing - F/H,Data Analyst / BI,True,True,titulo,Vmlenterprisesolutions,Paris,,,,,,https://www.arbeitnow.fr/jobs/companies/vmlenterprisesolutions/consultant-data-analyst-marketing-f-h-paris-449933,,,,,1788702911,mixto,description,,0,3,3,0,0,True,True,False,False,True,False,True,False,False,False,False,False,True,False,False,False,False,False,False,False,False,False,True,False,False,False,False,False,2026-09-08
arbeitnow:consultant-developpeur-marketing-technology-crm-data-3-a-5-ans-dexperience-paris-120031,arbeitnow,Otra / sin dato,Consultant Développeur Marketing Technology (CRM & Data) – 3 à 5 ans d’expérience,Otro,False,False,fuera_de_alcance,Wundermanthompson,Paris,,,,,,https://www.arbeitnow.fr/jobs/companies/wundermanthompson/consultant-developpeur-marketing-technology-crm-data-3-a-5-ans-dexperience-paris-120031,,,,,1788692116,señal_debil,description,,0,0,0,1,0,True,True,False,False,False,False,False,False,False,False,False,False,False,False,False,False,False,False,False,False,False,False,False,False,False,False,False,True,2026-09-08
arbeitnow:consultant-data-analyst-marketing-f-h-paris-81857,arbeitnow,Otra / sin dato,Consultant Data Analyst Marketing - F/H,Data Analyst / BI,True,True,titulo,Wundermanthompson,Paris,,,,,,https://www.arbeitnow.fr/jobs/companies/wundermanthompson/consultant-data-analyst-marketing-f-h-paris-81857,,,,,1788692116,mixto,description,,0,3,3,0,0,True,True,False,False,True,False,True,False,False,False,False,False,False,False,False,False,False,False,False,False,False,False,True,False,False,True,False,True,2026-09-08
arbeitnow:product-owner-sdv-data-products-berlin-43195,arbeitnow,Europa,Product Owner – SDV Data Products (f/m/d),Otro,False,False,fuera_de_alcance,Adsquare,Berlin,,Experienced; Permanent; Full time,,,,https://www.arbeitnow.com/jobs/companies/adsquare/product-owner-sdv-data-products-berlin-43195,,,,,1788854949,mixto,description,3.0,0,0,3,2,1,True,False,False,False,False,False,False,False,False,False,False,False,False,False,False,False,False,False,False,False,False,False,False,False,False,True,False,True,2026-09-08
arbeitnow:praktikant-all-genders-social-selling-data-crm-gestalte-die-digitalisierung-unseres-vertriebsmarketings-mit-munchen-84467,arbeitnow,Europa,"Praktikant (all genders) Social Selling, Data & CRM – Gestalte die Digitalisierung unseres Vertriebsmarketings mit",Otro,False,False,fuera_de_alcance,Valuenet Group,München,,Entry; Intern; Full time,,,,https://www.arbeitnow.com/jobs/companies/valuenet-group/praktikant-all-genders-social-selling-data-crm-gestalte-die-digitalisierung-unseres-vertriebsmarketings-mit-munchen-84467,,,,,1788844176,sin_señal,description,,0,0,0,0,0,False,False,True,False,False,False,False,False,False,False,False,False,False,False,False,False,False,False,False,False,False,False,False,False,False,False,False,False,2026-09-08
arbeitnow:praktikant-all-genders-datamanagement-fokus-social-selling-munchen-71361,arbeitnow,Europa,Praktikant (all genders) Datamanagement – Fokus Social Selling,Otro,False,False,fuera_de_alcance,Valuenet Group,München,,Entry; Intern; Full time,,,,https://www.arbeitnow.com/jobs/companies/valuenet-group/praktikant-all-genders-datamanagement-fokus-social-selling-munchen-71361,,,,,1788844176,señal_debil,description,,0,0,1,0,0,False,False,False,False,False,False,False,False,False,False,False,False,False,False,False,False,False,False,False,False,False,False,False,False,False,False,False,False,2026-09-08
arbeitnow:product-engineer-backend-ai-at-briink-berlin-284171,arbeitnow,Europa,Product Engineer (Backend/AI) @Briink,Otro,False,False,fuera_de_alcance,Merantix,Berlin,,Experienced; Permanent; Full time,,,,https://www.arbeitnow.com/jobs/companies/merantix/product-engineer-backend-ai-at-briink-berlin-284171,,,,,1788844164,mixto,description,,0,0,1,2,0,False,True,False,False,False,False,False,False,False,False,False,False,False,False,False,False,False,False,False,False,False,False,False,True,False,True,False,True,2026-09-08
arbeitnow:senior-business-analyst-nurnberg-57091,arbeitnow,Otra / sin dato,Senior Business Analyst (m/w/d),Business Analyst,True,True,titulo,adorsys GmbH,Nürnberg,,Experienced; Permanent; Full or part time,,,,https://www.arbeitnow.com/jobs/companies/adorsys-gmbh/senior-business-analyst-nurnberg-57091,,,,,1788844153,sin_señal,description,,0,0,0,0,0,False,False,False,False,False,False,False,False,False,False,False,False,False,False,False,False,False,False,False,False,False,False,False,False,False,False,False,False,2026-09-08
arbeitnow:ai-engineer-nurnberg-317112,arbeitnow,Otra / sin dato,AI Engineer (m/w/d),ML / AI Engineer,True,True,titulo,adorsys GmbH,Nürnberg,,Experienced; Permanent; Full time,,,,https://www.arbeitnow.com/jobs/companies/adorsys-gmbh/ai-engineer-nurnberg-317112,,,,,1788844153,ingenieria,description,,0,1,0,3,0,False,True,False,False,False,False,False,False,False,False,False,False,True,False,False,False,False,False,True,False,False,False,False,True,True,False,False,False,2026-09-08
arbeitnow:senior-data-engineer-dusseldorf-44649,arbeitnow,Otra / sin dato,Senior Data Engineer (m/f/d),Data Engineer / Arquitecto,True,True,titulo,Dishdigital,Düsseldorf,,Experienced; Permanent; Full time,,,,https://www.arbeitnow.com/jobs/companies/dishdigital/senior-data-engineer-dusseldorf-44649,,,,,1788833373,ingenieria,description,,0,1,1,4,1,True,True,False,False,False,False,False,False,False,False,False,False,False,False,True,False,True,True,False,False,False,False,False,False,False,True,True,True,2026-09-08
arbeitnow:data-engineer-dusseldorf-159968,arbeitnow,Otra / sin dato,Data Engineer (m/f/d),Data Engineer / Arquitecto,True,True,titulo,Dishdigital,Düsseldorf,,Experienced; Permanent; Full time,,,,https://www.arbeitnow.com/jobs/companies/dishdigital/data-engineer-dusseldorf-159968,,,,,1788833373,ingenieria,description,,0,2,2,5,0,True,True,False,False,False,False,False,False,False,False,False,True,False,False,True,False,True,True,False,False,False,False,False,True,False,True,True,True,2026-09-08
arbeitnow:remote-senior-ai-product-engineer-berlin-155259,arbeitnow,Europa,(Senior) AI Product Engineer (m/w/d),Otro,False,False,fuera_de_alcance,Legalhero,Berlin,,Experienced; Permanent; Full time,,,,https://www.arbeitnow.com/jobs/companies/legalhero/remote-senior-ai-product-engineer-berlin-155259,,,,,1788833354,mixto,description,,0,0,1,1,1,False,True,False,False,False,False,False,False,False,False,False,False,False,False,False,False,False,False,False,True,False,False,False,True,False,True,False,True,2026-09-08
arbeitnow:internship-go-to-market-engineering-ai-automation-berlin-481074,arbeitnow,Europa,"Internship Go-to-Market Engineering, AI & Automation (m/f/d)",Otro,False,False,fuera_de_alcance,Autarcenergy,Berlin,,Student; Permanent; Full time,,,,https://www.arbeitnow.com/jobs/companies/autarcenergy/internship-go-to-market-engineering-ai-automation-berlin-481074,,,,,1788833349,mixto,description,,0,0,1,2,1,False,True,False,False,False,False,False,False,False,False,False,False,False,False,False,False,False,False,False,False,False,False,False,False,False,False,False,False,2026-09-08
arbeitnow:software-engineer-data-all-genders-koln-118079,arbeitnow,Europa,Software Engineer - Data (All Genders),Otro,False,False,fuera_de_alcance,PREMATCH Sports GmbH,Köln,,Experienced; Permanent; Full time,,,,https://www.arbeitnow.com/jobs/companies/prematch-sports-gmbh/software-engineer-data-all-genders-koln-118079,,,,,1788822581,mixto,description,6.0,0,0,2,3,1,False,True,False,False,False,False,False,False,False,False,False,False,True,False,False,False,False,False,True,False,False,False,False,True,False,False,True,True,2026-09-08
arbeitnow:senior-consultant-search-content-ai-visibility-seo-geo-munchen-388853,arbeitnow,Europa,"Senior Consultant Search, Content & AI Visibility (SEO/GEO) (m/w/d), München",Otro,False,False,fuera_de_alcance,Towa,München,,Experienced; Permanent; Full time,,,,https://www.arbeitnow.com/jobs/companies/towa/senior-consultant-search-content-ai-visibility-seo-geo-munchen-388853,,,,,1788822573,analitica,description,,0,0,3,0,0,False,False,True,False,False,False,False,False,False,False,False,False,False,False,True,False,False,False,False,False,False,False,False,False,False,False,False,False,2026-09-08
arbeitnow:senior-consultant-search-content-ai-visibility-seo-geo-dusseldorf-131447,arbeitnow,Otra / sin dato,"Senior Consultant Search, Content & AI Visibility (SEO/GEO) (m/w/d), Düsseldorf",Otro,False,False,fuera_de_alcance,Towa,Düsseldorf,,Experienced; Permanent; Full time,,,,https://www.arbeitnow.com/jobs/companies/towa/senior-consultant-search-content-ai-visibility-seo-geo-dusseldorf-131447,,,,,1788822573,analitica,description,,0,0,3,0,0,False,False,True,False,False,False,False,False,False,False,False,False,False,False,True,False,False,False,False,False,False,False,False,False,False,False,False,False,2026-09-08
arbeitnow:senior-consultant-digital-analytics-munchen-388727,arbeitnow,Europa,"Senior Consultant Digital Analytics (m/w/d), München",Otro,False,False,fuera_de_alcance,Towa,München,,Experienced; Permanent; Full time,,,,https://www.arbeitnow.com/jobs/companies/towa/senior-consultant-digital-analytics-munchen-388727,,,,,1788822573,analitica,description,,0,0,4,1,0,True,False,True,True,False,True,False,False,False,False,False,False,False,False,True,False,False,True,False,False,False,False,False,False,False,False,False,False,2026-09-08
arbeitnow:senior-consultant-digital-analytics-dusseldorf-137803,arbeitnow,Otra / sin dato,"Senior Consultant Digital Analytics (m/w/d), Düsseldorf",Otro,False,False,fuera_de_alcance,Towa,Düsseldorf,,Experienced; Permanent; Full time,,,,https://www.arbeitnow.com/jobs/companies/towa/senior-consultant-digital-analytics-dusseldorf-137803,,,,,1788822573,analitica,description,,0,0,4,1,0,True,False,True,True,False,True,False,False,False,False,False,False,False,False,True,False,False,True,False,False,False,False,False,False,False,False,False,False,2026-09-08
arbeitnow:praktikum-digital-analytics-ab-september-munchen-94481,arbeitnow,Europa,"Praktikum Digital Analytics (m/w/d)| Ab September, München",Otro,False,False,fuera_de_alcance,Towa,München,,Entry; Intern; Full time,,,,https://www.arbeitnow.com/jobs/companies/towa/praktikum-digital-analytics-ab-september-munchen-94481,,,,,1788822573,señal_debil,description,,0,0,1,0,0,True,False,True,False,False,False,False,False,False,False,False,False,False,False,False,False,False,False,False,False,False,False,False,False,False,False,False,False,2026-09-08
arbeitnow:remote-senior-machine-learning-engineer-pricing-476900,arbeitnow,Global / remoto,(Senior) Machine Learning Engineer – Pricing (m/f/d),ML / AI Engineer,True,True,titulo,Auxmoney Gmbh,Remote / Düsseldorf,,Experienced; Permanent; Full time,,,,https://www.arbeitnow.com/jobs/companies/auxmoney-gmbh/remote-senior-machine-learning-engineer-pricing-476900,,,,,1788822546,ciencia_datos,description,,0,5,1,2,0,False,True,False,False,False,False,False,False,True,False,False,False,False,False,False,True,False,False,True,False,False,False,False,False,True,True,True,True,2026-09-08
arbeitnow:legal-specialist-tech-data-berlin-150298,arbeitnow,Europa,Legal Specialist Tech & Data (m/f/d),Otro,False,False,fuera_de_alcance,Neon,Berlin,,Entry; Permanent; Full or part time,,,,https://www.arbeitnow.com/jobs/companies/neon/legal-specialist-tech-data-berlin-150298,,,,,1788800997,mixto,description,,0,1,1,0,1,False,False,False,False,False,False,False,False,False,False,False,False,False,False,False,False,False,False,False,False,False,False,False,False,False,False,False,False,2026-09-08
arbeitnow:data-engineer-munchen-393656,arbeitnow,Europa,Data Engineer (m/f/d),Data Engineer / Arquitecto,True,True,titulo,Ecoplanet Green Operations Gmbh,München,,Experienced; Permanent; Full time,,,,https://www.arbeitnow.com/jobs/companies/ecoplanet-green-operations-gmbh/data-engineer-munchen-393656,,,,,1788800956,mixto,description,5.0,0,2,2,3,1,True,True,False,False,False,False,False,False,False,False,False,False,False,False,False,False,False,False,False,False,False,False,False,False,False,False,False,True,2026-09-08
arbeitnow:werkstudent-ki-automatisierung-neumarkt-in-der-oberpfalz-23563,arbeitnow,Otra / sin dato,Werkstudent AI Engineering (m/w/d),Otro,False,False,fuera_de_alcance,Modern Drive Technology GmbH,Neumarkt in der Oberpfalz,,Working student,,,,https://www.arbeitnow.com/jobs/companies/modern-drive-technology-gmbh/werkstudent-ki-automatisierung-neumarkt-in-der-oberpfalz-23563,,,,,1788837451,señal_debil,description,,0,0,0,1,0,True,True,False,False,False,False,False,False,False,False,False,False,False,False,False,False,False,False,False,True,False,False,False,True,False,False,False,False,2026-09-08
arbeitnow:werkstudent-ai-engineering-cologne-5088,arbeitnow,Otra / sin dato,Werkstudent (m/w/d) AI Engineering,Otro,False,False,fuera_de_alcance,SUXXEED Sales for your Success GmbH,Cologne,,Working student; hilfstätigkeit / student,,,,https://www.arbeitnow.com/jobs/companies/suxxeed-sales-for-your-success-gmbh/werkstudent-ai-engineering-cologne-5088,,,,,1788867158,señal_debil,description,,0,1,0,0,0,False,True,False,False,False,False,False,False,False,False,False,False,False,False,False,False,False,False,False,False,False,False,False,True,False,False,False,False,2026-09-08
arbeitnow:werkstudent-ai-engineering-nuremberg-370334,arbeitnow,Otra / sin dato,Werkstudent (m/w/d) AI Engineering,Otro,False,False,fuera_de_alcance,SUXXEED Sales for your Success GmbH,Nuremberg,,Working student; hilfstätigkeit / student,,,,https://www.arbeitnow.com/jobs/companies/suxxeed-sales-for-your-success-gmbh/werkstudent-ai-engineering-nuremberg-370334,,,,,1788791437,señal_debil,description,,0,1,0,0,0,False,True,False,False,False,False,False,False,False,False,False,False,False,False,False,False,False,False,False,False,False,False,False,True,False,False,False,False,2026-09-08
arbeitnow:remote-ai-first-data-engineer-7282,arbeitnow,Europa,AI-First Data Engineer (m/f/d),Data Engineer / Arquitecto,True,True,titulo,Sport Alliance GmbH,Remote (Germany),,Full-time,,,,https://www.arbeitnow.com/jobs/companies/sport-alliance-gmbh/remote-ai-first-data-engineer-7282,,,,,1788791076,ingenieria,description,3.0,0,0,1,6,2,True,True,False,False,False,False,False,False,False,False,False,True,True,True,True,False,True,True,False,False,True,False,False,False,False,False,True,False,2026-09-08
arbeitnow:senior-investment-analyst-koln-302264,arbeitnow,Europa,(Senior) Investment Analyst (m/w/d),Otro,False,False,fuera_de_alcance,Q Energy,Köln,,Experienced; Permanent; Full time,,,,https://www.arbeitnow.com/jobs/companies/q-energy/senior-investment-analyst-koln-302264,,,,,1788790176,sin_señal,description,,0,0,0,0,0,False,False,True,False,False,False,False,False,False,False,False,False,False,False,False,False,False,False,False,False,False,False,False,False,False,False,False,True,2026-09-08
arbeitnow:working-student-data-analytics-berlin-463031,arbeitnow,Europa,"Working Student, Data & Analytics (m/f/d)",Otro,False,False,fuera_de_alcance,KNIME AG,Berlin,,Entry; Working student; Part time,,,,https://www.arbeitnow.com/jobs/companies/knime-ag/working-student-data-analytics-berlin-463031,,,,,1788790153,mixto,description,,0,1,2,3,0,True,True,False,False,False,False,False,False,False,False,False,False,False,False,False,False,False,False,False,False,False,False,False,False,False,False,False,True,2026-09-08
arbeitnow:product-manager-data-center-network-karlsruhe-282503,arbeitnow,Otra / sin dato,Product Manager (m/w/d) - Data Center / Network,Otro,False,False,fuera_de_alcance,JACOB Elektronik GmbH,Karlsruhe,,Experienced; Permanent; Full time,,,,https://www.arbeitnow.com/jobs/companies/jacob-elektronik-gmbh/product-manager-data-center-network-karlsruhe-282503,,,,,1788790147,señal_debil,description,,0,0,1,0,0,False,False,False,True,False,False,False,False,False,False,False,False,False,False,False,False,False,False,False,False,False,False,False,False,False,False,False,False,2026-09-08
arbeitnow:werkstudent-business-administration-schwerpunkt-ai-nuremberg-438010,arbeitnow,Otra / sin dato,Werkstudent (m/w/d) Business Administration Schwerpunkt AI,Otro,False,False,fuera_de_alcance,SUXXEED Sales for your Success GmbH,Nuremberg,,Working student; hilfstätigkeit / student,,,,https://www.arbeitnow.com/jobs/companies/suxxeed-sales-for-your-success-gmbh/werkstudent-business-administration-schwerpunkt-ai-nuremberg-438010,,,,,1788837451,analitica,description,,0,0,2,0,0,False,False,False,False,False,False,False,False,False,False,False,False,False,False,False,False,False,False,False,False,False,False,False,False,False,False,False,False,2026-09-08
arbeitnow:werkstudent-business-administration-schwerpunkt-ai-cologne-267659,arbeitnow,Otra / sin dato,Werkstudent (m/w/d) Business Administration Schwerpunkt AI,Otro,False,False,fuera_de_alcance,SUXXEED Sales for your Success GmbH,Cologne,,Working student; hilfstätigkeit / student,,,,https://www.arbeitnow.com/jobs/companies/suxxeed-sales-for-your-success-gmbh/werkstudent-business-administration-schwerpunkt-ai-cologne-267659,,,,,1788837451,analitica,description,,0,0,2,0,0,False,False,False,False,False,False,False,False,False,False,False,False,False,False,False,False,False,False,False,False,False,False,False,False,False,False,False,False,2026-09-08
arbeitnow:lead-data-engineer-data-platform-ai-cologne-453793,arbeitnow,Otra / sin dato,Lead Data Engineer - Data Platform & AI (w/m/d),Data Engineer / Arquitecto,True,True,titulo,enua Pharma GmbH,Cologne,,,,,,https://www.arbeitnow.com/jobs/companies/enua-pharma-gmbh/lead-data-engineer-data-platform-ai-cologne-453793,,,,,1788787851,ingenieria,description,,0,0,1,3,0,True,True,False,False,False,False,False,False,False,False,False,True,False,True,False,False,False,False,False,True,False,False,False,True,False,False,False,False,2026-09-08
arbeitnow:ai-developer-nuremberg-458711,arbeitnow,Otra / sin dato,AI Developer (m/w/d),Otro,False,False,fuera_de_alcance,PartSpace GmbH,Nuremberg,,berufserfahren,,,,https://www.arbeitnow.com/jobs/companies/partspace-gmbh/ai-developer-nuremberg-458711,,,,,1788786052,mixto,description,,0,2,0,1,0,False,True,False,False,False,False,False,False,False,False,False,False,False,False,False,False,False,False,False,False,False,False,True,False,False,False,False,False,2026-09-08
arbeitnow:ai-automation-engineer-marketing-operations-consulting-in-stuttgart-hamburg-oder-berlin-hybrid-362836,arbeitnow,Otra / sin dato,"AI Automation Engineer – Marketing & Operations Consulting (m/w/d) in Stuttgart, Hamburg oder Berlin – Hybrid",Otro,False,False,fuera_de_alcance,Klickpiloten,Stuttgart,,Experienced; Permanent; Full time,,,,https://www.arbeitnow.com/jobs/companies/klickpiloten/ai-automation-engineer-marketing-operations-consulting-in-stuttgart-hamburg-oder-berlin-hybrid-362836,,,,,1788779363,analitica,description,,0,0,3,1,1,False,True,False,False,False,True,False,False,False,False,False,False,False,False,True,False,False,False,False,True,False,False,False,True,False,False,False,False,2026-09-08
arbeitnow:data-scientist-berlin-hybrid-327994,arbeitnow,Europa,Data Scientist (f/m/d),Data Scientist,True,True,titulo,Pair,Berlin (Hybrid),,Experienced; Permanent; Full time,,,,https://www.arbeitnow.com/jobs/companies/pair/data-scientist-berlin-hybrid-327994,,,,,1788779347,mixto,description,2.0,0,2,0,2,0,False,True,False,False,False,False,False,True,True,False,True,False,True,False,False,False,False,False,False,False,False,False,False,False,False,True,True,False,2026-09-08
arbeitnow:senior-sap-master-data-management-consultant-heidelberg-germany-187983,arbeitnow,Europa,Senior SAP Master Data Management Consultant (m/w/d),Data Governance / Calidad,True,True,titulo,Westernacher,"Heidelberg, Germany",,Experienced Professional,,,,https://www.arbeitnow.com/jobs/companies/westernacher/senior-sap-master-data-management-consultant-heidelberg-germany-187983,,,,,1788779048,gobierno_datos,description,,0,0,0,1,4,False,False,False,False,False,False,False,False,False,False,False,False,False,False,False,False,False,False,False,False,False,False,False,False,False,True,True,True,2026-09-08
arbeitnow:junior-google-performance-analytics-manager-stuttgart-478481,arbeitnow,Otra / sin dato,Junior Google Performance & Analytics Manager (m/w/d),Data Analyst / BI,True,True,titulo,eFLY Marketplace Services GmbH,Stuttgart,,,,,,https://www.arbeitnow.com/jobs/companies/efly-marketplace-services-gmbh/junior-google-performance-analytics-manager-stuttgart-478481,,,,,1788773433,analitica,description,,0,0,2,0,0,False,False,True,False,False,False,False,False,False,False,False,False,False,False,False,False,False,False,False,False,False,False,False,False,False,False,False,False,2026-09-08
arbeitnow:senior-google-performance-analytics-manager-stuttgart-23527,arbeitnow,Otra / sin dato,Senior Google Performance & Analytics Manager (m/w/d),Data Analyst / BI,True,True,titulo,eFLY Marketplace Services GmbH,Stuttgart,,,,,,https://www.arbeitnow.com/jobs/companies/efly-marketplace-services-gmbh/senior-google-performance-analytics-manager-stuttgart-23527,,,,,1788773432,analitica,description,,0,0,2,0,0,False,False,False,False,False,False,False,False,False,False,False,False,False,False,True,False,False,False,False,False,False,False,False,False,False,False,False,False,2026-09-08
arbeitnow:werkstudentin-data-automation-hamburg-140873,arbeitnow,Europa,Werkstudent*In Data & Automation (M/W/D),Otro,False,False,fuera_de_alcance,Ramp106 Gmbh,Hamburg,,Entry; Intern; Part time,,,,https://www.arbeitnow.com/jobs/companies/ramp106-gmbh/werkstudentin-data-automation-hamburg-140873,,,,,1788768556,señal_debil,description,,0,0,1,0,0,True,True,False,False,False,False,False,False,False,False,False,False,False,False,False,False,False,False,False,False,False,False,False,False,False,False,False,False,2026-09-08
arbeitnow:senior-microsoft-ai-copilot-engineer-nuremberg-59082,arbeitnow,Otra / sin dato,Senior Microsoft AI & Copilot Engineer (m/w/d),Otro,False,False,fuera_de_alcance,think about IT GmbH,Nuremberg,,,,,,https://www.arbeitnow.com/jobs/companies/think-about-it-gmbh/senior-microsoft-ai-copilot-engineer-nuremberg-59082,,,,,1788768029,mixto,description,,0,0,1,0,1,False,True,False,True,False,False,False,False,False,False,False,False,False,True,False,False,False,False,False,False,False,False,False,False,False,False,False,False,2026-09-08
arbeitnow:senior-bi-developer-munich-306496,arbeitnow,Europa,Senior BI Developer (m/w/d),Data Analyst / BI,True,True,titulo,PRIME HR Agentur®,Munich,,,,,,https://www.arbeitnow.com/jobs/companies/prime-hr-agentur/senior-bi-developer-munich-306496,,,,,1788832951,mixto,description,,0,0,2,3,0,True,True,False,True,False,False,False,False,False,False,False,True,False,True,False,False,False,False,False,True,False,False,False,True,False,False,True,False,2026-09-08
arbeitnow:head-of-datacenter-frankfurt-shared-office-71919,arbeitnow,Europa,Head of Datacenter (m/w/d),Otro,False,False,fuera_de_alcance,ILF Consulting Engineers Germany GmbH,"Frankfurt (Shared Office), Hessen, Deutschland",,Experienced; fulltime permanent,,,,https://www.arbeitnow.com/jobs/companies/ilf-consulting-engineers-germany-gmbh/head-of-datacenter-frankfurt-shared-office-71919,,,,,1788759020,sin_señal,description,,0,0,0,0,0,False,False,False,False,False,False,False,False,False,False,False,False,False,False,False,False,False,False,False,False,False,False,False,False,False,False,True,False,2026-09-08
arbeitnow:chief-product-officer-product-growth-systems-ai-berlin-378308,arbeitnow,Europa,"Chief Product Officer – Product, Growth Systems & AI (m/w/d)",Otro,False,False,fuera_de_alcance,ucm.agency,Berlin,,Experienced; Permanent; Full or part time,,,,https://www.arbeitnow.com/jobs/companies/ucmagency/chief-product-officer-product-growth-systems-ai-berlin-378308,,,,,1788757783,señal_debil,description,,0,0,1,0,0,True,False,False,False,False,False,False,False,False,False,False,False,False,False,False,False,False,False,False,False,False,False,False,False,False,False,False,False,2026-09-08
arbeitnow:ai-engineer-dealflow-berlin-483749,arbeitnow,Europa,AI Engineer - Dealflow (m/w/d),ML / AI Engineer,True,True,titulo,Flex Capital Management Gmbh,Berlin,,Experienced; Permanent; Full time,,,,https://www.arbeitnow.com/jobs/companies/flex-capital-management-gmbh/ai-engineer-dealflow-berlin-483749,,,,,1788746975,mixto,description,,0,1,2,2,0,False,True,False,False,False,False,False,False,False,False,False,False,False,True,False,False,False,False,True,False,False,False,False,True,False,False,False,False,2026-09-08
arbeitnow:senior-business-intelligence-lead-all-genders-munchen-198779,arbeitnow,Europa,Senior Business Intelligence Lead (all genders),Data Analyst / BI,True,True,titulo,Reev,München,,Experienced; Permanent; Full time,,,,https://www.arbeitnow.com/jobs/companies/reev/senior-business-intelligence-lead-all-genders-munchen-198779,,,,,1788746960,mixto,description,,0,0,3,4,2,True,False,False,False,False,False,False,False,False,False,False,True,True,False,False,False,False,True,False,False,False,False,False,False,False,False,True,True,2026-09-08
arbeitnow:head-of-ai-engineering-frankfurt-am-main-332298,arbeitnow,Otra / sin dato,Head of AI Engineering (f/m/x),Otro,False,False,fuera_de_alcance,neoshare,Frankfurt am Main,,Experienced; Permanent; Full time,,,,https://www.arbeitnow.com/jobs/companies/neoshare/head-of-ai-engineering-frankfurt-am-main-332298,,,,,1788746948,mixto,description,4.0,0,2,3,3,2,False,True,False,False,False,False,False,False,False,False,True,False,True,False,False,False,False,False,True,False,False,False,False,True,True,True,True,True,2026-09-08
arbeitnow:head-of-ai-engineering-berlin-267386,arbeitnow,Europa,Head of AI Engineering (f/m/x),Otro,False,False,fuera_de_alcance,neoshare,Berlin,,Experienced; Permanent; Full time,,,,https://www.arbeitnow.com/jobs/companies/neoshare/head-of-ai-engineering-berlin-267386,,,,,1788746948,mixto,description,4.0,0,2,3,3,2,False,True,False,False,False,False,False,False,False,False,True,False,True,False,False,False,False,False,True,False,False,False,False,True,True,True,True,True,2026-09-08
arbeitnow:data-protection-ai-governance-advisor-munchen-286091,arbeitnow,Europa,Data Protection & AI Governance Advisor (m/w/d),Otro,False,False,fuera_de_alcance,neoshare,München,,Experienced; Permanent; Full time,,,,https://www.arbeitnow.com/jobs/companies/neoshare/data-protection-ai-governance-advisor-munchen-286091,,,,,1788746948,señal_debil,description,,0,0,0,0,1,False,False,False,False,False,False,False,False,False,False,False,False,False,False,False,False,False,False,False,False,False,False,False,True,False,False,False,False,2026-09-08
arbeitnow:data-architecture-consultant-wiesbaden-hybrid-371523,arbeitnow,Otra / sin dato,Data Architecture Consultant (m/w/d),Data Engineer / Arquitecto,True,True,titulo,Invensity Group,Wiesbaden (Hybrid),,Experienced; Permanent; Full time,,,,https://www.arbeitnow.com/jobs/companies/invensity-group/data-architecture-consultant-wiesbaden-hybrid-371523,,,,,1788736147,mixto,description,,0,1,0,1,2,False,False,False,False,False,False,False,False,False,False,False,False,True,True,True,False,False,False,False,False,False,False,False,False,False,False,True,False,2026-09-08
arbeitnow:data-platform-engineer-working-student-munchen-56537,arbeitnow,Europa,Data Platform Engineer Working Student (m/w/d),Data Engineer / Arquitecto,True,True,titulo,Trusteq Gmbh,München,,Student; Working student; Part time,,,,https://www.arbeitnow.com/jobs/companies/trusteq-gmbh/data-platform-engineer-working-student-munchen-56537,,,,,1788725397,ingenieria,description,,0,1,0,5,2,True,True,False,False,False,False,False,False,False,False,False,True,True,True,True,False,False,False,False,True,False,False,False,False,False,True,False,True,2026-09-08
arbeitnow:ai-strategy-senior-consultant-munchen-167851,arbeitnow,Europa,AI Strategy (Senior) Consultant (m/w/d),Otro,False,False,fuera_de_alcance,Trusteq Gmbh,München,,Experienced; Permanent; Full time,,,,https://www.arbeitnow.com/jobs/companies/trusteq-gmbh/ai-strategy-senior-consultant-munchen-167851,,,,,1788725397,señal_debil,description,2.0,0,0,1,0,0,False,True,False,False,False,False,False,False,False,True,True,False,False,False,False,False,False,False,False,False,False,False,False,False,False,False,True,False,2026-09-08
arbeitnow:ai-security-senior-consultant-munchen-1027,arbeitnow,Europa,AI Security (Senior) Consultant (m/w/d),Otro,False,False,fuera_de_alcance,Trusteq Gmbh,München,,Experienced; Permanent; Full time,,,,https://www.arbeitnow.com/jobs/companies/trusteq-gmbh/ai-security-senior-consultant-munchen-1027,,,,,1788725397,analitica,description,2.0,0,0,2,0,0,False,False,False,False,False,False,False,False,False,False,False,False,False,False,False,False,False,False,False,False,False,False,False,True,False,True,True,False,2026-09-08
arbeitnow:ai-governance-senior-consultant-munchen-382841,arbeitnow,Europa,AI Governance (Senior) Consultant (m/w/d),Otro,False,False,fuera_de_alcance,Trusteq Gmbh,München,,Experienced; Permanent; Full time,,,,https://www.arbeitnow.com/jobs/companies/trusteq-gmbh/ai-governance-senior-consultant-munchen-382841,,,,,1788725397,mixto,description,3.0,0,0,2,0,1,False,False,False,False,False,False,False,False,False,False,False,False,False,False,False,False,False,False,False,False,False,False,False,False,False,True,True,True,2026-09-08
arbeitnow:ai-seniorconsultant-munchen-56921,arbeitnow,Europa,AI (Senior)Consultant (m/w/d),Otro,False,False,fuera_de_alcance,Trusteq Gmbh,München,,Experienced; Permanent; Full time,,,,https://www.arbeitnow.com/jobs/companies/trusteq-gmbh/ai-seniorconsultant-munchen-56921,,,,,1788725397,señal_debil,description,2.0,0,0,0,0,1,False,True,False,False,False,False,False,False,False,True,True,False,False,False,False,False,False,False,False,False,False,False,False,False,False,False,True,False,2026-09-08
arbeitnow:ai-senior-developer-munchen-276811,arbeitnow,Europa,AI (Senior) Developer (m/w/d),Otro,False,False,fuera_de_alcance,Trusteq Gmbh,München,,Experienced; Permanent; Full time,,,,https://www.arbeitnow.com/jobs/companies/trusteq-gmbh/ai-senior-developer-munchen-276811,,,,,1788725397,mixto,description,,0,0,1,0,1,False,True,False,False,False,False,False,False,False,False,False,False,False,False,False,False,False,False,True,True,False,False,False,True,False,True,False,True,2026-09-08
arbeitnow:uvc-partners-data-ai-master-thesis-internship-munchen-kreativquartier-1648,arbeitnow,Europa,UVC Partners: Data & AI - Master Thesis / Internship (f/m/x),Otro,False,False,fuera_de_alcance,UnternehmerTUM gGmbH,München Kreativquartier,,Entry; Working student; Full time,,,,https://www.arbeitnow.com/jobs/companies/unternehmertum-ggmbh/uvc-partners-data-ai-master-thesis-internship-munchen-kreativquartier-1648,,,,,1788725385,ciencia_datos,description,,0,3,0,1,0,False,True,False,False,False,False,False,False,False,False,True,False,False,False,False,False,False,False,False,True,False,True,True,True,False,True,False,True,2026-09-08
arbeitnow:head-of-finance-data-munchen-293651,arbeitnow,Europa,Head of Finance & Data (m/w/d),Otro,False,False,fuera_de_alcance,junglück GmbH,München,,Experienced; Permanent; Full time,,,,https://www.arbeitnow.com/jobs/companies/jungluck-gmbh/head-of-finance-data-munchen-293651,,,,,1788725364,mixto,description,,0,0,3,2,0,False,False,False,False,False,True,False,False,False,False,False,False,False,False,True,False,False,False,False,False,False,False,False,False,False,False,False,False,2026-09-08
arbeitnow:head-of-data-tech-e-com-munchen-429831,arbeitnow,Europa,Head of Data / Tech / E-COM (m/w/d),Otro,False,False,fuera_de_alcance,junglück GmbH,München,,Experienced; Permanent; Full time,,,,https://www.arbeitnow.com/jobs/companies/jungluck-gmbh/head-of-data-tech-e-com-munchen-429831,,,,,1788725364,analitica,description,,0,0,2,0,0,False,False,True,False,False,False,False,False,False,False,False,False,False,False,False,False,False,False,False,False,False,False,False,False,False,False,False,False,2026-09-08
arbeitnow:it-systemadministrator-datacenter-infrastructure-karlsruhe-347437,arbeitnow,Otra / sin dato,IT-Systemadministrator - Datacenter & Infrastructure (m/w/d),Otro,False,False,fuera_de_alcance,Vulcan Energie Ressourcen GmbH,Karlsruhe,,Experienced; Permanent; Full time,,,,https://www.arbeitnow.com/jobs/companies/vulcan-energie-ressourcen-gmbh/it-systemadministrator-datacenter-infrastructure-karlsruhe-347437,,,,,1788714580,sin_señal,description,,0,0,0,0,0,False,False,False,False,False,False,False,False,False,False,False,False,False,False,False,False,False,False,False,False,False,False,False,False,False,False,True,False,2026-09-08
arbeitnow:senior-consultant-digital-ai-strategy-pharma-healthcare-munchen-23040,arbeitnow,Europa,Senior Consultant Digital & AI Strategy - Pharma & Healthcare (m/f/d),Otro,False,False,fuera_de_alcance,Ommax,München,,Experienced; Permanent; Full time,,,,https://www.arbeitnow.com/jobs/companies/ommax/senior-consultant-digital-ai-strategy-pharma-healthcare-munchen-23040,,,,,1788714544,mixto,description,4.0,0,1,1,0,0,False,False,True,False,False,False,False,False,False,False,False,False,False,False,False,False,False,False,False,False,False,False,False,False,False,True,True,False,2026-09-08
arbeitnow:senior-ai-architect-consultant-munchen-91359,arbeitnow,Europa,Senior AI Architect & Consultant (m/w/d),Otro,False,False,fuera_de_alcance,Mayflower,München,,Experienced; Permanent; Full time,,,,https://www.arbeitnow.com/jobs/companies/mayflower/senior-ai-architect-consultant-munchen-91359,,,,,1788703757,mixto,description,,0,0,0,1,1,False,False,False,False,False,False,False,False,False,False,False,False,False,True,False,False,False,False,False,False,False,False,False,True,True,True,False,False,2026-09-08
arbeitnow:data-protection-officer-deputy-frankfurt-am-main-208223,arbeitnow,Otra / sin dato,Data Protection Officer (Deputy) (F/M/D),Otro,False,False,fuera_de_alcance,360T,Frankfurt am Main,,Experienced; Permanent; Full time,,,,https://www.arbeitnow.com/jobs/companies/360t/data-protection-officer-deputy-frankfurt-am-main-208223,,,,,1788692980,mixto,description,,0,0,1,0,1,False,False,False,False,False,False,False,False,False,False,False,False,False,False,False,False,False,False,False,False,False,False,False,False,False,True,True,False,2026-09-08
arbeitnow:software-developer-go-security-analytics-berlin-146655,arbeitnow,Europa,Software Developer (Go) - Security Analytics,Otro,False,False,fuera_de_alcance,RedMimicry GmbH,Berlin,,professional / experienced,,,,https://www.arbeitnow.com/jobs/companies/redmimicry-gmbh/software-developer-go-security-analytics-berlin-146655,,,,,1788828454,ingenieria,description,,0,0,1,4,0,True,False,False,False,False,False,False,False,False,False,False,False,False,False,False,False,False,False,False,False,False,False,False,False,False,True,False,False,2026-09-08
arbeitnow:remote-developer-advocate-database-472871,arbeitnow,Global / remoto,Developer Advocate (Database),Otro,False,False,fuera_de_alcance,jetbrains,Remote,,,,,,https://www.arbeitnow.com/jobs/companies/jetbrains/remote-developer-advocate-database-472871,,,,,1788684912,señal_debil,description,,0,0,1,0,0,True,False,False,False,False,False,False,False,False,False,False,False,False,False,False,False,False,False,False,False,False,False,False,False,False,True,False,True,2026-09-08
arbeitnow:senior-data-platform-engineer-intelligent-platforms-all-genders-berlin-berlin-372321,arbeitnow,Europa,"Senior Data Platform Engineer, Intelligent Platforms (all genders)",Data Engineer / Arquitecto,True,True,titulo,hellofresh,"Berlin, Berlin",,,,,,https://www.arbeitnow.com/jobs/companies/hellofresh/senior-data-platform-engineer-intelligent-platforms-all-genders-berlin-berlin-372321,,,,,1788684907,mixto,description,,0,1,0,2,1,False,True,False,False,False,False,False,False,False,False,False,False,True,False,False,False,False,False,True,False,True,False,False,False,False,True,False,True,2026-09-08
arbeitnow:senior-managing-consultant-data-analytics-munchen-89412,arbeitnow,Europa,(Senior) Managing Consultant – Data & Analytics (w/m/d),Otro,False,False,fuera_de_alcance,Pmone,München,,Experienced; Permanent; Full time,,,,https://www.arbeitnow.com/jobs/companies/pmone/senior-managing-consultant-data-analytics-munchen-89412,,,,,1788682179,mixto,description,,0,0,2,1,0,True,False,False,True,False,False,False,False,False,False,False,True,False,True,False,True,False,False,False,False,False,False,False,True,False,False,False,False,2026-09-08
arbeitnow:senior-bid-pursuit-manager-proposal-manager-cloud-data-ai-consulting-hamburg-258249,arbeitnow,Europa,"Senior Bid & Pursuit Manager / Proposal Manager (m/w/d) – Cloud, Data & AI Consulting",Otro,False,False,fuera_de_alcance,Synvert,Hamburg,,Experienced; Permanent; Full time,,,,https://www.arbeitnow.com/jobs/companies/synvert/senior-bid-pursuit-manager-proposal-manager-cloud-data-ai-consulting-hamburg-258249,,,,,1788671397,sin_señal,description,,0,0,0,0,0,False,False,True,False,False,False,False,False,False,False,False,False,False,False,False,False,False,False,False,False,False,False,False,False,False,False,True,True,2026-09-08
arbeitnow:werkstudent-data-qa-algorithm-benchmarking-munster-166697,arbeitnow,Otra / sin dato,Werkstudent Data QA & Algorithm Benchmarking (m/w/d),Otro,False,False,fuera_de_alcance,Syte Gmbh,Münster,,Entry; Intern; Part time,,,,https://www.arbeitnow.com/jobs/companies/syte-gmbh/werkstudent-data-qa-algorithm-benchmarking-munster-166697,,,,,1788671348,mixto,description,,0,1,1,1,0,False,True,False,False,False,False,False,False,False,False,False,False,False,False,False,False,False,False,False,False,False,False,False,False,False,False,False,False,2026-09-08
arbeitnow:data-analyst-munchen-36665,arbeitnow,Europa,Data Analyst (w/m/d),Data Analyst / BI,True,True,titulo,Pub Tech,München,,Experienced; Permanent; Full time,,,,https://www.arbeitnow.com/jobs/companies/pub-tech/data-analyst-munchen-36665,,,,,1788660591,analitica,description,,0,0,4,0,0,True,False,False,True,False,False,False,False,False,False,False,False,False,False,True,False,False,True,False,False,False,False,False,False,False,False,False,False,2026-09-08
arbeitnow:senior-machine-learning-engineer-video-ai-munchen-98891,arbeitnow,Europa,Senior Machine Learning Engineer – Video AI,ML / AI Engineer,True,True,titulo,Snke,München,,Experienced; Permanent; Full time,,,,https://www.arbeitnow.com/jobs/companies/snke/senior-machine-learning-engineer-video-ai-munchen-98891,,,,,1788660575,mixto,description,3.0,0,4,2,3,0,False,True,False,False,False,False,False,False,False,False,False,False,True,False,False,False,False,False,False,False,False,False,False,False,False,False,False,False,2026-09-08
arbeitnow:remote-senior-devops-engineer-all-genders-data-platform-426742,arbeitnow,Europa,Senior DevOps Engineer (all genders) | Data Platform,Data Engineer / Arquitecto,True,True,titulo,Real Digital,Remote oder Köln / Darmstadt / Düsseldorf / Berlin,,Experienced; Permanent; Full or part time,,,,https://www.arbeitnow.com/jobs/companies/real-digital/remote-senior-devops-engineer-all-genders-data-platform-426742,,,,,1788660573,ingenieria,description,,0,0,2,5,0,True,True,False,False,False,False,False,False,False,False,False,True,True,True,True,False,True,True,True,True,False,False,False,False,False,False,True,False,2026-09-08
arbeitnow:senior-ai-native-fullstack-engineer-de-munchen-265224,arbeitnow,Europa,Senior AI-Native Fullstack Engineer (m/w/d),Otro,False,False,fuera_de_alcance,Zvoove,DE | München,,Experienced; Permanent; Full time,,,,https://www.arbeitnow.com/jobs/companies/zvoove/senior-ai-native-fullstack-engineer-de-munchen-265224,,,,,1788660562,señal_debil,description,,0,0,0,1,0,True,False,False,False,False,False,False,False,False,False,False,False,True,False,False,False,False,False,False,True,False,False,False,True,False,False,False,True,2026-09-08
arbeitnow:senior-sales-analyst-460456,arbeitnow,Otra / sin dato,Senior Sales Analyst (f/m/d),Otro,False,False,fuera_de_alcance,autoscout24,,,,,,,https://www.arbeitnow.com/jobs/companies/autoscout24/senior-sales-analyst-460456,,,,,1788652512,mixto,description,6.0,0,1,4,3,1,True,True,False,True,True,True,False,False,False,False,False,False,False,False,False,False,True,False,False,False,False,False,False,False,False,False,True,False,2026-09-08
arbeitnow:senior-data-scientist-25583,arbeitnow,Otra / sin dato,Senior Data Scientist (m/f/d),Data Scientist,True,True,titulo,autoscout24,,,,,,,https://www.arbeitnow.com/jobs/companies/autoscout24/senior-data-scientist-25583,,,,,1788652512,ciencia_datos,description,5.0,0,2,0,0,0,False,True,False,False,False,False,False,False,False,False,False,False,True,False,False,False,False,False,False,False,False,False,False,True,True,False,False,True,2026-09-08
arbeitnow:data-engineer-393721,arbeitnow,Otra / sin dato,Data Engineer,Data Engineer / Arquitecto,True,True,titulo,Nebius,,,,,,,https://www.arbeitnow.com/jobs/companies/nebius/data-engineer-393721,,,,,1788652503,mixto,description,5.0,0,1,2,5,4,True,True,False,False,False,False,False,False,False,False,False,False,False,False,False,False,True,False,True,False,False,False,False,False,False,False,True,True,2026-09-08
arbeitnow:data-analystin-fundraising-berlin-190751,arbeitnow,Europa,Data Analyst:in Fundraising (m/w/d),Data Analyst / BI,True,True,titulo,Albert Schweitzer Stiftung,Berlin,,Experienced; Permanent; Full time,,,,https://www.arbeitnow.com/jobs/companies/albert-schweitzer-stiftung/data-analystin-fundraising-berlin-190751,,,,,1788649781,mixto,description,,0,1,2,0,0,True,False,False,False,False,False,False,False,False,False,False,False,False,False,False,False,False,False,False,False,False,False,False,False,False,False,False,False,2026-09-08
arbeitnow:working-student-content-and-data-management-all-genders-berlin-230394,arbeitnow,Europa,Working Student – Content and Data Management (all genders),Data Governance / Calidad,True,True,titulo,Ctrl Qs,Berlin,,Student; Working student; Part time,,,,https://www.arbeitnow.com/jobs/companies/ctrl-qs/working-student-content-and-data-management-all-genders-berlin-230394,,,,,1788649755,mixto,description,,0,0,1,0,2,False,False,True,False,False,False,False,False,False,False,False,False,False,False,False,False,False,False,False,False,False,False,False,False,False,True,False,True,2026-09-08
arbeitnow:ai-automation-werkstudentin-berlin-429880,arbeitnow,Europa,AI & Automation Werkstudent:in (m/w/d),Otro,False,False,fuera_de_alcance,Startup Insider,Berlin,,Entry; Intern; Part time,,,,https://www.arbeitnow.com/jobs/companies/startup-insider/ai-automation-werkstudentin-berlin-429880,,,,,1788649749,mixto,description,,0,1,0,1,0,True,True,True,False,False,False,False,False,False,False,False,False,False,False,False,False,False,False,False,False,False,False,False,False,False,False,False,False,2026-09-08
arbeitnow:senior-implementation-specialist-digital-analytics-munich-123058,arbeitnow,Europa,Senior Implementation Specialist Digital Analytics (w/m/d),Otro,False,False,fuera_de_alcance,FELD M,Munich,,Experienced; Permanent; Full or part time,,,,https://www.arbeitnow.com/jobs/companies/feld-m/senior-implementation-specialist-digital-analytics-munich-123058,,,,,1788638992,señal_debil,description,,0,0,0,0,1,False,False,False,False,False,False,False,False,False,False,False,False,False,False,False,False,False,False,False,False,False,False,False,False,False,False,True,False,2026-09-08
arbeitnow:remote-senior-digital-creative-gn-ai-focus-264224,arbeitnow,Europa,Senior Digital Creative (gn) AI Focus,Otro,False,False,fuera_de_alcance,Bikeleasing,Remote Deutschland,,Experienced; Permanent; Full time,,,,https://www.arbeitnow.com/jobs/companies/bikeleasing/remote-senior-digital-creative-gn-ai-focus-264224,,,,,1788628192,señal_debil,description,,0,0,0,1,0,False,False,False,False,False,False,False,False,False,False,False,False,False,False,False,False,False,False,False,False,False,False,False,False,False,True,True,True,2026-09-08
arbeitnow:chemical-laboratory-assistant-lab-technician-analytics-synthesis-leipzig-78449,arbeitnow,Otra / sin dato,Chemical Laboratory Assistant / Lab Technician (f/m/d) Analytics & Synthesis,Otro,False,False,fuera_de_alcance,Career Site bei aevoloop - Personio,Leipzig,,Experienced; Permanent; Full time,,,,https://www.arbeitnow.com/jobs/companies/career-site-bei-aevoloop-personio/chemical-laboratory-assistant-lab-technician-analytics-synthesis-leipzig-78449,,,,,1788628187,sin_señal,description,,0,0,0,0,0,False,False,False,False,False,False,False,False,False,False,False,False,False,False,False,False,False,False,False,False,False,False,False,False,False,True,False,True,2026-09-08
arbeitnow:remote-senior-data-scientist-berlin-143991,arbeitnow,Global / remoto,Senior Data Scientist (m/f/x),Data Scientist,True,True,titulo,Makersite GmbH,Remote job,,Experienced; fulltime permanent,,,,https://www.arbeitnow.com/jobs/companies/makersite-gmbh/remote-senior-data-scientist-berlin-143991,,,,,1788618632,mixto,description,5.0,0,3,1,2,0,False,True,True,False,False,False,False,False,False,False,False,False,True,True,True,False,False,False,True,True,False,False,False,True,True,True,True,True,2026-09-08
arbeitnow:radio-data-link-systems-engineer-munich-259045,arbeitnow,Europa,Radio & Data Link Systems Engineer (f/m/d),Otro,False,False,fuera_de_alcance,TYTAN Technologies GmbH,"Munich, Bayern, Germany",,Experienced; fulltime permanent,,,,https://www.arbeitnow.com/jobs/companies/tytan-technologies-gmbh/radio-data-link-systems-engineer-munich-259045,,,,,1788607819,mixto,description,7.0,0,0,1,0,1,False,True,False,False,False,False,False,False,False,False,False,False,False,False,False,False,False,False,False,False,False,False,False,False,False,False,True,True,2026-09-08
arbeitnow:data-engineer-junior-schwerpunkt-datenpipelines-bonn-203853,arbeitnow,Otra / sin dato,Data Engineer Junior - Schwerpunkt Datenpipelines (m/w/d),Data Engineer / Arquitecto,True,True,titulo,Aktion Mensch e.V.,Bonn,,Entry; Permanent; Full time,,,,https://www.arbeitnow.com/jobs/companies/aktion-mensch-ev/data-engineer-junior-schwerpunkt-datenpipelines-bonn-203853,,,,,1788606588,mixto,description,,0,1,1,1,0,True,True,False,False,False,False,False,False,False,False,False,False,False,True,False,False,False,False,False,True,False,False,False,False,False,False,False,False,2026-09-08
arbeitnow:controllerin-senior-business-analystin-in-bonn-470608,arbeitnow,Otra / sin dato,Controller*in Senior / Business Analyst*in (m/w/d) in Bonn,Business Analyst,True,True,titulo,Aktion Mensch e.V.,Bonn,,Experienced; Permanent; Full time,,,,https://www.arbeitnow.com/jobs/companies/aktion-mensch-ev/controllerin-senior-business-analystin-in-bonn-470608,,,,,1788606588,mixto,description,,0,1,2,0,0,False,False,False,False,False,False,False,False,False,False,False,False,False,False,False,False,False,False,False,False,False,False,False,False,False,False,True,False,2026-09-08
arbeitnow:werkstudentin-klimafreundliche-busse-data-analysis-berlin-fasanenstrasse-337399,arbeitnow,Europa,Werkstudent*in Klimafreundliche Busse (Data Analysis),Otro,False,False,fuera_de_alcance,NOW GmbH Nationale Organisation für den Wandel in der ...,Berlin Fasanenstrasse,,Entry; Working student; Part time,,,,https://www.arbeitnow.com/jobs/companies/now-gmbh-nationale-organisation-fur-den-wandel-in-der/werkstudentin-klimafreundliche-busse-data-analysis-berlin-fasanenstrasse-337399,,,,,1788606583,sin_señal,description,,0,0,0,0,0,True,True,True,False,False,False,False,True,False,False,False,False,True,False,False,False,False,False,False,True,False,False,False,False,False,False,False,False,2026-09-08
arbeitnow:remote-senior-gtm-systems-ai-and-automation-engineer-43415,arbeitnow,Global / remoto,Senior GTM Systems AI and Automation Engineer,Otro,False,False,fuera_de_alcance,Camunda,Remote,,Full Time,,,,https://www.arbeitnow.com/jobs/companies/camunda/remote-senior-gtm-systems-ai-and-automation-engineer-43415,,,,,1788597611,mixto,description,2.0,0,0,1,2,0,False,True,False,False,False,False,False,False,False,False,False,False,False,False,True,False,False,False,False,True,False,False,False,True,False,True,True,False,2026-09-08
arbeitnow:remote-senior-sap-abap-developer-architect-data-management-ilm-berlin-78818,arbeitnow,Global / remoto,(Senior) SAP ABAP Developer / Architect – Data Management & ILM (m/w/d),Data Governance / Calidad,True,True,titulo,Natuvion GmbH,Remote job,,Experienced; fulltime permanent,,,,https://www.arbeitnow.com/jobs/companies/natuvion-gmbh/remote-senior-sap-abap-developer-architect-data-management-ilm-berlin-78818,,,,,1788597026,mixto,description,,0,0,1,0,1,True,False,False,False,False,False,False,False,False,False,False,False,False,False,False,False,False,False,False,False,False,False,False,False,False,False,False,False,2026-09-08
arbeitnow:senior-data-engineer-berlin-462279,arbeitnow,Europa,Senior Data Engineer,Data Engineer / Arquitecto,True,True,titulo,Liqid Lig,Berlin,,Full Time,,,,https://www.arbeitnow.com/jobs/companies/liqid-lig/senior-data-engineer-berlin-462279,,,,,1788586804,ingenieria,description,5.0,0,0,2,9,3,True,True,False,False,False,False,False,False,False,False,False,False,True,False,True,True,True,True,False,False,False,False,False,False,False,False,True,True,2026-09-08
arbeitnow:remote-sap-abap-entwickler-fokus-cloud-api-integration-rest-odata-btp-vollzeit-passau-250921,arbeitnow,Otra / sin dato,"SAP ABAP Entwickler – Fokus Cloud & API Integration (REST, OData, BTP) – Vollzeit (m/w/d)",Otro,False,False,fuera_de_alcance,24-LOG GmbH,Homeoffice,,Mid; fulltime permanent,,,,https://www.arbeitnow.com/jobs/companies/24-log-gmbh/remote-sap-abap-entwickler-fokus-cloud-api-integration-rest-odata-btp-vollzeit-passau-250921,,,,,1788586201,sin_señal,description,,0,0,0,0,0,False,False,False,False,False,False,False,False,False,False,False,False,False,False,False,False,False,False,False,False,False,False,False,False,False,False,False,False,2026-09-08
arbeitnow:senior-seo-managerin-i-seo-geo-ai-search-i-e-commerce-hybrid-achim-achim-bei-bremen-428972,arbeitnow,Otra / sin dato,"(Senior) SEO Manager:in I SEO, GEO & AI Search I E-Commerce, hybrid, Achim",Otro,False,False,fuera_de_alcance,Kleines Kraftwerk DE GmbH,Achim (bei Bremen),,Experienced; Permanent; Full or part time,,,,https://www.arbeitnow.com/jobs/companies/kleines-kraftwerk-de-gmbh/senior-seo-managerin-i-seo-geo-ai-search-i-e-commerce-hybrid-achim-achim-bei-bremen-428972,,,,,1788584971,sin_señal,description,,0,0,0,0,0,False,False,False,False,False,False,False,False,False,False,False,False,False,False,False,False,False,False,False,False,False,False,False,False,False,False,False,False,2026-09-08
arbeitnow:head-of-data-business-intelligence-hamburg-109276,arbeitnow,Europa,Head of Data & Business Intelligence (m/w/d),Data Analyst / BI,True,True,titulo,Pammys™ (dieseo GmbH),Hamburg,,Experienced; Permanent; Full time,,,,https://www.arbeitnow.com/jobs/companies/pammys-dieseo-gmbh/head-of-data-business-intelligence-hamburg-109276,,,,,1788584943,mixto,description,,0,1,2,3,0,True,True,False,False,False,False,False,False,False,False,False,False,False,False,False,False,False,False,False,False,False,False,False,False,False,False,False,False,2026-09-08
arbeitnow:analyst-early-stage-team-berlin-344540,arbeitnow,Europa,Analyst Early Stage Team,Otro,False,False,fuera_de_alcance,Hv,Berlin,,Full Time,,,,https://www.arbeitnow.com/jobs/companies/hv/analyst-early-stage-team-berlin-344540,,,,,1788576013,mixto,description,2.0,0,1,1,0,0,False,False,False,False,False,False,False,False,False,False,False,False,False,False,False,False,False,False,False,False,False,False,False,False,False,False,False,False,2026-09-08
arbeitnow:remote-senior-data-analyst-schoppingen-429247,arbeitnow,Otra / sin dato,Senior Data Analyst (m/w/d),Data Analyst / BI,True,True,titulo,shopware AG,Homeoffice,,Mid; fulltime permanent,,,,https://www.arbeitnow.com/jobs/companies/shopware-ag/remote-senior-data-analyst-schoppingen-429247,,,,,1788575418,mixto,description,,0,0,4,3,1,True,False,False,True,False,False,False,False,False,False,False,False,False,False,False,False,False,True,False,False,False,False,False,False,False,False,True,False,2026-09-08
arbeitnow:tactical-data-link-expert-all-genders-munich-288061,arbeitnow,Europa,Tactical Data Link Expert (all genders),Otro,False,False,fuera_de_alcance,Stark,Munich,,Experienced; Permanent; Full time,,,,https://www.arbeitnow.com/jobs/companies/stark/tactical-data-link-expert-all-genders-munich-288061,,,,,1788574148,señal_debil,description,5.0,0,0,0,1,0,False,False,False,False,False,False,False,False,False,False,False,False,False,False,False,False,False,False,False,False,False,False,False,False,False,True,True,True,2026-09-08
arbeitnow:senior-ai-systems-engineer-robotics-swarming-all-genders-munich-229092,arbeitnow,Europa,Senior AI Systems Engineer – Robotics/Swarming (all genders),Otro,False,False,fuera_de_alcance,Stark,Munich,,Experienced; Permanent; Full time,,,,https://www.arbeitnow.com/jobs/companies/stark/senior-ai-systems-engineer-robotics-swarming-all-genders-munich-229092,,,,,1788574148,ciencia_datos,description,3.0,0,4,1,2,0,False,True,False,False,False,False,False,False,False,False,False,False,False,False,False,False,False,False,False,False,False,False,True,False,False,True,False,True,2026-09-08
arbeitnow:data-operations-labeling-specialist-all-genders-munich-286159,arbeitnow,Europa,Data Operations & Labeling Specialist (all genders),Otro,False,False,fuera_de_alcance,Stark,Munich,,Experienced; Permanent; Full time,,,,https://www.arbeitnow.com/jobs/companies/stark/data-operations-labeling-specialist-all-genders-munich-286159,,,,,1788574148,ciencia_datos,description,,0,3,1,0,1,True,True,False,False,False,False,False,False,False,False,False,False,False,False,False,False,False,False,False,False,False,False,False,False,False,True,False,False,2026-09-08
